사고번호,사고일시,요일,시군구,사고내용,사망자수,중상자수,경상자수,부상신고자수,사고유형,법규위반,노면상태,기상상태,도로형태,가해운전자 차종,가해운전자 성별,가해운전자 연령,가해운전자 상해정도,피해운전자 차종,피해운전자 성별,피해운전자 연령,피해운전자 상해정도
2015012500100335,2015년 1월 25일 19시,일요일,광주광역시 광산구 수완동,중상사고,0,1,0,0,차대차 - 측면직각충돌,안전거리미확보,건조,맑음,단일로 - 기타,승용,남,35세,상해없음,이륜,남,35세,중상
2015012500100337,2015년 1월 25일 19시,일요일,광주광역시 광산구 도산동,경상사고,0,0,1,0,차대차 - 추돌 - 주정차중,중앙선침범,습기,비,교차로 - 교차로안,기타불명,기타불명,기타불명,기타불명,승용,남,28세,경상
2015012500100379,2015년 1월 25일 20시,일요일,광주광역시 동구 학동,경상사고,0,0,3,0,차대차 - 추돌 - 진행중,안전운전불이행,습기,비,단일로 - 기타,화물,남,45세,경상,승합,남,43세,경상
2015012500100380,2015년 1월 25일 20시,일요일,광주광역시 서구 치평동,경상사고,0,0,5,0,차대차 - 추돌 - 진행중,신호위반,습기,비,교차로 - 교차로안,승용,여,30세,경상,승용,여,54세,경상
2015012500100381,2015년 1월 25일 20시,일요일,광주광역시 북구 장등동,경상사고,0,0,2,0,차대차 - 측면직각충돌,신호위반,습기,비,교차로 - 교차로안,승합,여,60세,상해없음,승용,여,43세,경상
2015012500100382,2015년 1월 25일 20시,일요일,광주광역시 광산구 신가동,경상사고,0,0,1,0,차대차 - 측면직각충돌,안전거리미확보,습기,비,단일로 - 기타,승용,남,64세,상해없음,화물,남,50세,경상
2015012500100445,2015년 1월 25일 22시,일요일,광주광역시 동구 학동,경상사고,0,0,4,0,차대차 - 측면직각충돌,신호위반,습기,비,교차로 - 교차로안,승용,여,59세,경상,승합,남,46세,경상
2015012500100446,2015년 1월 25일 22시,일요일,광주광역시 서구 치평동,경상사고,0,0,1,0,차대사람 - 횡단중,안전운전불이행,습기,비,교차로 - 교차로안,승용,여,29세,상해없음,보행자,여,29세,경상
2015012600100014,2015년 1월 26일 00시,월요일,광주광역시 남구 월산동,부상신고사고,0,0,0,1,차대사람 - 기타,안전운전불이행,건조,맑음,단일로 - 기타,승용,남,25세,상해없음,보행자,남,41세,부상신고
2015012600100051,2015년 1월 26일 04시,월요일,광주광역시 북구 두암동,경상사고,0,0,1,0,차대차 - 측면직각충돌,신호위반,습기,비,교차로 - 교차로안,승용,여,35세,상해없음,승용,남,38세,경상
2015012600100093,2015년 1월 26일 07시,월요일,광주광역시 광산구 도산동,경상사고,0,0,1,0,차대차 - 추돌 - 진행중,안전운전불이행,건조,맑음,교차로 - 교차로안,화물,남,53세,상해없음,승합,남,40세,경상
2015012600100094,2015년 1월 26일 07시,월요일,광주광역시 광산구 월계동,경상사고,0,0,2,0,차대차 - 측면직각충돌,교차로운행방법위반,습기,비,교차로 - 교차로안,화물,남,59세,경상,승용,남,51세,경상
2015012600100121,2015년 1월 26일 08시,월요일,광주광역시 서구 농성동,경상사고,0,0,2,0,차대차 - 추돌 - 주정차중,안전운전불이행,건조,맑음,교차로 - 교차로부근,승용,남,45세,상해없음,승용,여,54세,경상
2015012600100177,2015년 1월 26일 10시,월요일,광주광역시 북구 풍향동,중상사고,0,1,0,0,차대차 - 측면직각충돌,교차로운행방법위반,건조,맑음,교차로 - 교차로안,화물,남,32세,상해없음,자전거,남,72세,중상
2015012600100232,2015년 1월 26일 12시,월요일,광주광역시 서구 화정동,중상사고,0,1,0,0,차대사람 - 차도통행중,안전운전불이행,건조,맑음,교차로 - 교차로부근,승용,여,39세,상해없음,보행자,남,62세,중상
2015012600100257,2015년 1월 26일 13시,월요일,광주광역시 동구 내남동,경상사고,0,0,1,0,차대차 - 기타,안전거리미확보,건조,맑음,기타 - 기타,승용,남,48세,상해없음,승용,남,56세,경상
2015012600100258,2015년 1월 26일 13시,월요일,광주광역시 북구 문흥동,경상사고,0,0,1,0,차대차 - 추돌 - 주정차중,안전거리미확보,건조,맑음,단일로 - 기타,화물,남,27세,상해없음,승용,남,52세,경상
2015012600100347,2015년 1월 26일 16시,월요일,광주광역시 남구 봉선동,경상사고,0,0,1,0,차대사람 - 차도통행중,안전운전불이행,건조,맑음,단일로 - 기타,기타불명,기타불명,기타불명,기타불명,보행자,여,14세,경상
2015012600100372,2015년 1월 26일 17시,월요일,광주광역시 서구 양동,경상사고,0,0,1,0,차대차 - 추돌 - 진행중,안전운전불이행,습기,맑음,단일로 - 기타,승용,남,63세,상해없음,승용,남,41세,경상
2015012600100458,2015년 1월 26일 19시,월요일,광주광역시 북구 양산동,경상사고,0,0,1,0,차대사람 - 차도통행중,중앙선침범,건조,맑음,단일로 - 기타,승용,남,23세,상해없음,보행자,여,24세,경상
2015012600100487,2015년 1월 26일 20시,월요일,광주광역시 광산구 장덕동,경상사고,0,0,1,0,차대차 - 측면직각충돌,신호위반,건조,맑음,교차로 - 교차로안,승용,남,67세,상해없음,원동기,남,39세,경상
2015012600100511,2015년 1월 26일 21시,월요일,광주광역시 광산구 신가동,경상사고,0,0,1,0,차대사람 - 횡단중,안전운전불이행,건조,맑음,교차로 - 교차로부근,승용,남,38세,상해없음,보행자,남,38세,경상
2015012600100533,2015년 1월 26일 22시,월요일,광주광역시 서구 금호동,경상사고,0,0,1,0,차대사람 - 횡단중,신호위반,건조,맑음,교차로 - 교차로안,승용,남,54세,상해없음,보행자,여,55세,경상
2015012600100534,2015년 1월 26일 22시,월요일,광주광역시 북구 두암동,경상사고,0,0,1,0,차대사람 - 횡단중,보행자보호의무위반,건조,맑음,교차로 - 교차로부근,승용,남,26세,상해없음,보행자,여,52세,경상
2015012600100535,2015년 1월 26일 22시,월요일,광주광역시 북구 매곡동,경상사고,0,0,1,0,차대차 - 측면직각충돌,교차로운행방법위반,건조,맑음,단일로 - 기타,승용,여,42세,상해없음,승용,남,39세,경상
2015012600100557,2015년 1월 26일 23시,월요일,광주광역시 서구 풍암동,중상사고,0,2,2,0,차대차 - 측면직각충돌,신호위반,건조,맑음,교차로 - 교차로안,승용,남,51세,상해없음,승용,남,56세,중상
2015012600100558,2015년 1월 26일 23시,월요일,광주광역시 광산구 신가동,중상사고,0,1,2,0,차대차 - 추돌 - 진행중,중앙선침범,건조,흐림,단일로 - 기타,승용,남,75세,기타불명,승용,남,30세,경상
2015012600100559,2015년 1월 26일 23시,월요일,광주광역시 광산구 수완동,경상사고,0,0,1,0,차대차 - 기타,중앙선침범,건조,맑음,단일로 - 기타,승용,남,31세,상해없음,승용,남,33세,경상
2015012700100015,2015년 1월 27일 00시,화요일,광주광역시 북구 두암동,경상사고,0,0,1,0,차대차 - 측면직각충돌,신호위반,건조,맑음,교차로 - 교차로안,화물,남,63세,상해없음,승용,남,60세,경상
2015012700100027,2015년 1월 27일 01시,화요일,광주광역시 북구 용봉동,경상사고,0,0,1,0,차대차 - 추돌 - 진행중,차로위반,건조,맑음,단일로 - 기타,승용,남,37세,상해없음,원동기,남,22세,경상
2015012700100056,2015년 1월 27일 05시,화요일,광주광역시 서구 광천동,경상사고,0,0,2,0,차대차 - 측면직각충돌,차로위반,건조,흐림,단일로 - 기타,화물,남,58세,상해없음,승용,남,41세,경상
2015012700100057,2015년 1월 27일 05시,화요일,광주광역시 북구 우산동,경상사고,0,0,1,0,차대사람 - 횡단중,신호위반,건조,맑음,교차로 - 교차로안,승용,남,55세,상해없음,보행자,여,48세,경상
2015012700100070,2015년 1월 27일 06시,화요일,광주광역시 북구 각화동,중상사고,0,1,0,0,차대사람 - 횡단중,안전운전불이행,건조,맑음,단일로 - 기타,화물,남,52세,상해없음,보행자,남,65세,중상
2015012700100071,2015년 1월 27일 06시,화요일,광주광역시 북구 두암동,경상사고,0,0,1,0,차대차 - 측면직각충돌,안전운전불이행,건조,맑음,단일로 - 기타,승합,남,65세,상해없음,원동기,남,64세,경상
2015012700100072,2015년 1월 27일 06시,화요일,광주광역시 광산구 수완동,중상사고,0,1,2,0,차대차 - 측면직각충돌,신호위반,건조,맑음,교차로 - 교차로안,승용,여,47세,경상,승용,여,40세,중상
2015012700100119,2015년 1월 27일 08시,화요일,광주광역시 남구 방림동,경상사고,0,0,2,0,차대차 - 측면직각충돌,안전거리미확보,건조,맑음,단일로 - 기타,승용,남,52세,상해없음,승용,여,27세,경상
2015012700100161,2015년 1월 27일 10시,화요일,광주광역시 서구 쌍촌동,경상사고,0,0,1,0,차대차 - 측면직각충돌,교차로운행방법위반,기타,기타,교차로 - 교차로안,승용,남,82세,상해없음,승용,여,32세,경상
2015012700100201,2015년 1월 27일 12시,화요일,광주광역시 광산구 신가동,경상사고,0,0,1,0,차대차 - 측면직각충돌,안전운전불이행,건조,맑음,교차로 - 교차로안,승합,여,39세,상해없음,승용,남,50세,경상
2015012700100258,2015년 1월 27일 14시,화요일,광주광역시 동구 대인동,경상사고,0,0,1,0,차대차 - 정면충돌,안전운전불이행,건조,맑음,단일로 - 기타,승용,남,62세,상해없음,승용,남,60세,상해없음
2015012700100259,2015년 1월 27일 14시,화요일,광주광역시 동구 산수동,경상사고,0,0,1,0,차대차 - 기타,안전운전불이행,건조,맑음,단일로 - 기타,승용,남,45세,경상,화물,남,47세,상해없음
2015012700100260,2015년 1월 27일 14시,화요일,광주광역시 북구 두암동,중상사고,0,1,1,0,차대차 - 측면직각충돌,교차로운행방법위반,건조,맑음,단일로 - 기타,원동기,남,18세,중상,승용,남,46세,경상
2015012700100261,2015년 1월 27일 14시,화요일,광주광역시 북구 삼각동,경상사고,0,0,2,0,차대차 - 추돌 - 진행중,안전운전불이행,건조,맑음,단일로 - 기타,승용,남,18세,상해없음,승용,남,62세,경상
2015012700100262,2015년 1월 27일 14시,화요일,광주광역시 광산구 산정동,경상사고,0,0,1,0,차대차 - 측면직각충돌,안전운전불이행,건조,맑음,교차로 - 교차로안,화물,남,50세,상해없음,원동기,남,55세,경상
2015012700100290,2015년 1월 27일 15시,화요일,광주광역시 동구 계림동,경상사고,0,0,1,0,차대사람 - 길가장자리구역통행중,안전운전불이행,건조,맑음,단일로 - 기타,화물,남,43세,상해없음,보행자,남,75세,경상
2015012700100317,2015년 1월 27일 16시,화요일,광주광역시 북구 일곡동,경상사고,0,0,1,0,차대차 - 기타,중앙선침범,건조,맑음,교차로 - 교차로부근,승용,남,76세,상해없음,화물,남,58세,경상
2015012700100351,2015년 1월 27일 17시,화요일,광주광역시 광산구 운남동,경상사고,0,0,4,0,차대차 - 측면직각충돌,안전거리미확보,습기,흐림,교차로 - 교차로부근,승용,여,32세,경상,승용,남,32세,경상
2015012700100398,2015년 1월 27일 18시,화요일,광주광역시 남구 송하동,경상사고,0,0,1,0,차대차 - 측면직각충돌,불법유턴,건조,맑음,교차로 - 교차로부근,승용,남,54세,상해없음,승합,남,39세,경상
2015012700100399,2015년 1월 27일 18시,화요일,광주광역시 남구 봉선동,경상사고,0,0,1,0,차대차 - 추돌 - 주정차중,안전운전불이행,건조,맑음,단일로 - 기타,승용,여,22세,상해없음,승용,여,31세,경상
2015012700100435,2015년 1월 27일 19시,화요일,광주광역시 서구 풍암동,경상사고,0,0,3,0,차대차 - 추돌 - 주정차중,안전운전불이행,건조,맑음,교차로 - 교차로부근,승용,여,31세,경상,승용,남,43세,경상
2015012700100464,2015년 1월 27일 20시,화요일,광주광역시 서구 화정동,중상사고,0,1,0,0,차대사람 - 횡단중,안전운전불이행,건조,맑음,단일로 - 기타,승용,남,47세,상해없음,보행자,여,25세,중상
2015012700100465,2015년 1월 27일 20시,화요일,광주광역시 남구 월산동,경상사고,0,0,1,0,차대차 - 추돌 - 진행중,교차로운행방법위반,건조,맑음,교차로 - 교차로부근,승용,여,46세,상해없음,승용,여,56세,경상
2015012700100466,2015년 1월 27일 20시,화요일,광주광역시 광산구 소촌동,경상사고,0,0,2,0,차대차 - 추돌 - 주정차중,안전운전불이행,건조,맑음,교차로 - 교차로부근,승용,남,53세,상해없음,승용,여,47세,경상
2015012700100487,2015년 1월 27일 21시,화요일,광주광역시 광산구 수완동,중상사고,0,1,1,0,차대사람 - 횡단중,신호위반,건조,맑음,단일로 - 횡단보도상,승용,남,23세,상해없음,보행자,남,19세,경상
2015012700100505,2015년 1월 27일 22시,화요일,광주광역시 광산구 수완동,경상사고,0,0,1,0,차량단독 - 공작물충돌,안전운전불이행,건조,맑음,교차로 - 교차로안,승용,여,40세,경상,,,,
2015012800100014,2015년 1월 28일 00시,수요일,광주광역시 서구 농성동,경상사고,0,0,1,0,차대차 - 측면직각충돌,교차로운행방법위반,건조,맑음,교차로 - 교차로부근,승용,남,52세,상해없음,화물,남,28세,경상
2015012800100033,2015년 1월 28일 02시,수요일,광주광역시 북구 운암동,중상사고,0,1,0,0,차대사람 - 차도통행중,안전운전불이행,건조,맑음,교차로 - 교차로부근,승용,남,28세,상해없음,보행자,남,48세,중상
2015012800100062,2015년 1월 28일 06시,수요일,광주광역시 북구 문흥동,경상사고,0,0,1,0,차량단독 - 기타,안전운전불이행,건조,맑음,단일로 - 기타,승용,남,19세,경상,,,,
2015012800100089,2015년 1월 28일 07시,수요일,광주광역시 동구 광산동,중상사고,0,1,0,0,차대사람 - 횡단중,안전운전불이행,건조,맑음,단일로 - 기타,화물,남,42세,상해없음,보행자,여,66세,중상
2015012800100090,2015년 1월 28일 07시,수요일,광주광역시 서구 치평동,경상사고,0,0,2,0,차대차 - 측면직각충돌,신호위반,건조,맑음,교차로 - 교차로안,승용,기타불명,기타불명,기타불명,승용,남,43세,상해없음
2015012800100091,2015년 1월 28일 07시,수요일,광주광역시 광산구 하남동,경상사고,0,0,1,0,차대차 - 측면직각충돌,신호위반,건조,맑음,교차로 - 교차로안,승용,남,30세,상해없음,승용,남,31세,경상
2015012800100092,2015년 1월 28일 07시,수요일,광주광역시 광산구 운남동,경상사고,0,0,2,0,차대차 - 측면직각충돌,신호위반,건조,맑음,교차로 - 교차로안,승용,여,48세,경상,승용,남,46세,경상
2015012800100126,2015년 1월 28일 09시,수요일,광주광역시 북구 오치동,경상사고,0,0,3,0,차대차 - 측면직각충돌,교차로운행방법위반,건조,맑음,교차로 - 교차로안,화물,남,58세,상해없음,승용,남,56세,경상
2015012800100212,2015년 1월 28일 13시,수요일,광주광역시 북구 운암동,경상사고,0,0,3,0,차대차 - 측면직각충돌,차로위반,건조,맑음,단일로 - 기타,화물,남,59세,상해없음,이륜,남,25세,경상
2015012800100213,2015년 1월 28일 13시,수요일,광주광역시 광산구 송정동,경상사고,0,0,1,0,차대사람 - 보도통행중,안전운전불이행,건조,맑음,교차로 - 교차로부근,승용,남,39세,상해없음,보행자,남,8세,경상
2015012800100237,2015년 1월 28일 14시,수요일,광주광역시 광산구 소촌동,경상사고,0,0,1,0,차대차 - 측면직각충돌,안전거리미확보,건조,맑음,단일로 - 기타,화물,남,52세,상해없음,승용,남,50세,경상
2015012800100238,2015년 1월 28일 14시,수요일,광주광역시 광산구 수완동,경상사고,0,0,1,0,차대차 - 추돌 - 진행중,안전거리미확보,건조,맑음,교차로 - 교차로부근,승용,남,47세,경상,화물,남,67세,상해없음
2015012800100260,2015년 1월 28일 15시,수요일,광주광역시 서구 광천동,경상사고,0,0,2,0,차대차 - 측면직각충돌,안전운전불이행,건조,맑음,교차로 - 교차로부근,승합,남,50세,상해없음,승용,여,59세,경상
2015012800100287,2015년 1월 28일 16시,수요일,광주광역시 북구 매곡동,경상사고,0,0,2,0,차대차 - 측면직각충돌,안전운전불이행,건조,맑음,단일로 - 기타,승용,남,36세,경상,승용,여,65세,경상
2015012800100317,2015년 1월 28일 17시,수요일,광주광역시 광산구 송정동,경상사고,0,0,1,0,차대차 - 측면직각충돌,신호위반,건조,맑음,교차로 - 교차로안,이륜,남,40세,경상,승용,남,54세,상해없음
2015012800100356,2015년 1월 28일 18시,수요일,광주광역시 남구 진월동,경상사고,0,0,1,0,차대차 - 측면직각충돌,안전운전불이행,건조,맑음,단일로 - 기타,승용,남,63세,상해없음,자전거,남,58세,경상
2015012800100357,2015년 1월 28일 18시,수요일,광주광역시 북구 풍향동,사망사고,1,0,0,0,차대차 - 기타,안전운전불이행,건조,맑음,단일로 - 기타,이륜,남,63세,사망,화물,남,55세,상해없음
2015012800100358,2015년 1월 28일 18시,수요일,광주광역시 광산구 월곡동,중상사고,0,1,0,0,차대사람 - 횡단중,보행자보호의무위반,건조,맑음,교차로 - 교차로부근,승용,여,37세,상해없음,보행자,남,59세,중상
2015012800100386,2015년 1월 28일 19시,수요일,광주광역시 북구 운암동,경상사고,0,0,1,0,차대차 - 측면직각충돌,안전거리미확보,건조,맑음,단일로 - 기타,승용,남,40세,상해없음,승용,남,51세,상해없음
2015012800100462,2015년 1월 28일 22시,수요일,광주광역시 남구 백운동,중상사고,0,1,3,0,차대사람 - 횡단중,안전운전불이행,건조,맑음,교차로 - 교차로부근,승용,남,58세,상해없음,보행자,여,16세,중상
2015012800100463,2015년 1월 28일 22시,수요일,광주광역시 북구 신용동,경상사고,0,0,1,0,차대차 - 측면직각충돌,안전거리미확보,건조,맑음,단일로 - 기타,승용,남,62세,상해없음,원동기,남,26세,경상
2015012900100015,2015년 1월 29일 00시,목요일,광주광역시 서구 농성동,경상사고,0,0,1,0,차대차 - 측면직각충돌,신호위반,건조,맑음,교차로 - 교차로안,승용,남,18세,상해없음,승용,남,25세,경상
2015012900100078,2015년 1월 29일 06시,목요일,광주광역시 서구 광천동,경상사고,0,0,1,0,차대차 - 기타,안전운전불이행,건조,맑음,단일로 - 기타,승용,남,45세,기타불명,승합,남,51세,경상
2015012900100079,2015년 1월 29일 06시,목요일,광주광역시 북구 동림동,경상사고,0,0,1,0,차대차 - 추돌 - 주정차중,안전운전불이행,건조,맑음,교차로 - 교차로부근,승용,남,25세,상해없음,승용,남,66세,경상
2015012900100097,2015년 1월 29일 07시,목요일,광주광역시 북구 연제동,경상사고,0,0,1,0,차대차 - 측면직각충돌,교차로운행방법위반,건조,맑음,교차로 - 교차로부근,승용,여,36세,상해없음,승용,남,31세,경상
2015012900100143,2015년 1월 29일 09시,목요일,광주광역시 서구 광천동,중상사고,0,1,1,0,차대차 - 측면직각충돌,안전거리미확보,건조,맑음,단일로 - 기타,승용,남,28세,상해없음,승합,남,50세,경상
2015012900100162,2015년 1월 29일 10시,목요일,광주광역시 서구 풍암동,경상사고,0,0,1,0,차대차 - 추돌 - 진행중,안전거리미확보,기타,눈,교차로 - 교차로부근,승용,남,55세,상해없음,승용,남,19세,경상
2015012900100181,2015년 1월 29일 11시,목요일,광주광역시 남구 진월동,중상사고,0,1,0,0,차대사람 - 기타,기타,건조,맑음,단일로 - 기타,승합,남,51세,상해없음,보행자,여,72세,중상
2015012900100207,2015년 1월 29일 12시,목요일,광주광역시 서구 농성동,중상사고,0,2,0,0,차대사람 - 횡단중,보행자보호의무위반,건조,맑음,단일로 - 기타,화물,남,53세,상해없음,보행자,남,7세,중상
2015012900100234,2015년 1월 29일 13시,목요일,광주광역시 서구 농성동,경상사고,0,0,1,0,차대차 - 측면직각충돌,차로위반,습기,비,교차로 - 교차로부근,승용,남,26세,상해없음,승합,남,57세,경상
2015012900100266,2015년 1월 29일 14시,목요일,광주광역시 남구 월산동,경상사고,0,0,1,0,차대차 - 추돌 - 진행중,안전운전불이행,건조,맑음,단일로 - 기타,승용,남,47세,상해없음,화물,남,52세,경상
2015012900100267,2015년 1월 29일 14시,목요일,광주광역시 광산구 오운동,경상사고,0,0,1,0,차량단독 - 도로외이탈 - 추락,안전운전불이행,결빙,눈,단일로 - 기타,승용,남,55세,경상,,,,
2015012900100303,2015년 1월 29일 15시,목요일,광주광역시 남구 월산동,경상사고,0,0,1,0,차량단독 - 기타,안전운전불이행,건조,맑음,단일로 - 기타,승합,남,53세,상해없음,,,,
2015012900100304,2015년 1월 29일 15시,목요일,광주광역시 광산구 쌍암동,중상사고,0,1,0,0,차대차 - 측면직각충돌,교차로운행방법위반,습기,흐림,교차로 - 교차로안,승용,남,23세,상해없음,승용,남,47세,중상
2015012900100327,2015년 1월 29일 16시,목요일,광주광역시 광산구 우산동,경상사고,0,0,1,0,차대차 - 추돌 - 진행중,안전운전불이행,습기,비,단일로 - 기타,승용,남,46세,상해없음,승용,남,35세,경상
2015012900100406,2015년 1월 29일 18시,목요일,광주광역시 북구 신용동,경상사고,0,0,5,0,차대차 - 추돌 - 주정차중,안전운전불이행,습기,비,단일로 - 기타,승합,남,60세,상해없음,승용,남,57세,기타불명
2015012900100407,2015년 1월 29일 18시,목요일,광주광역시 북구 유동,부상신고사고,0,0,0,1,차대사람 - 차도통행중,안전운전불이행,건조,맑음,교차로 - 교차로안,승용,기타불명,기타불명,기타불명,보행자,여,10세,부상신고
2015012900100448,2015년 1월 29일 19시,목요일,광주광역시 동구 대인동,중상사고,0,1,0,0,차대차 - 측면직각충돌,신호위반,습기,비,교차로 - 교차로안,승용,남,54세,상해없음,승용,여,51세,중상
2015012900100449,2015년 1월 29일 19시,목요일,광주광역시 서구 광천동,경상사고,0,0,1,0,차대차 - 측면직각충돌,안전거리미확보,건조,맑음,단일로 - 기타,승용,남,46세,상해없음,승용,남,36세,경상
2015012900100450,2015년 1월 29일 19시,목요일,광주광역시 서구 쌍촌동,중상사고,0,1,0,0,차대사람 - 보도통행중,신호위반,건조,맑음,교차로 - 교차로안,승용,남,43세,상해없음,보행자,남,17세,중상
2015012900100451,2015년 1월 29일 19시,목요일,광주광역시 북구 운암동,경상사고,0,0,1,0,차대차 - 측면직각충돌,교차로운행방법위반,건조,맑음,교차로 - 교차로안,승용,여,40세,상해없음,원동기,남,18세,경상
2015012900100480,2015년 1월 29일 20시,목요일,광주광역시 북구 삼각동,경상사고,0,0,2,0,차대사람 - 횡단중,안전운전불이행,습기,비,교차로 - 교차로부근,승용,남,42세,상해없음,보행자,남,16세,경상
2015012900100507,2015년 1월 29일 21시,목요일,광주광역시 서구 쌍촌동,경상사고,0,0,1,0,차대차 - 측면직각충돌,안전운전불이행,습기,비,교차로 - 교차로안,승합,남,55세,경상,화물,남,59세,기타불명
2015012900100538,2015년 1월 29일 22시,목요일,광주광역시 서구 광천동,경상사고,0,0,1,0,차대차 - 측면직각충돌,교차로운행방법위반,습기,비,교차로 - 교차로안,승용,남,51세,상해없음,승용,여,37세,경상
2015012900100539,2015년 1월 29일 22시,목요일,광주광역시 광산구 월곡동,경상사고,0,0,1,0,차대차 - 측면직각충돌,신호위반,습기,비,교차로 - 교차로안,승용,남,42세,상해없음,승합,남,35세,경상
2015012900100570,2015년 1월 29일 23시,목요일,광주광역시 서구 치평동,경상사고,0,0,2,0,차대차 - 추돌 - 주정차중,안전운전불이행,습기,비,단일로 - 기타,승용,남,56세,상해없음,승용,남,30세,경상
2015013000100012,2015년 1월 30일 00시,금요일,광주광역시 광산구 수완동,경상사고,0,0,1,0,차량단독 - 기타,안전운전불이행,결빙,눈,미분류 - 미분류,승용,남,44세,상해없음,,,,
2015013000100085,2015년 1월 30일 05시,금요일,광주광역시 서구 유촌동,중상사고,0,1,0,0,차대사람 - 기타,안전운전불이행,습기,흐림,단일로 - 기타,승용,남,42세,상해없음,보행자,여,35세,중상
2015013000100100,2015년 1월 30일 06시,금요일,광주광역시 서구 치평동,경상사고,0,0,1,0,차대차 - 추돌 - 진행중,교차로운행방법위반,건조,맑음,교차로 - 교차로안,기타불명,기타불명,기타불명,기타불명,승용,여,53세,경상
2015013000100101,2015년 1월 30일 06시,금요일,광주광역시 북구 양산동,중상사고,0,1,3,0,차대차 - 추돌 - 주정차중,안전운전불이행,건조,맑음,단일로 - 기타,승용,남,49세,상해없음,승합,남,50세,경상
2015013000100151,2015년 1월 30일 08시,금요일,광주광역시 동구 학동,경상사고,0,0,1,0,차대사람 - 보도통행중,기타,건조,맑음,교차로 - 교차로부근,화물,남,60세,상해없음,보행자,여,71세,경상
2015013000100152,2015년 1월 30일 08시,금요일,광주광역시 남구 방림동,경상사고,0,0,1,0,차대차 - 측면직각충돌,중앙선침범,습기,맑음,미분류 - 미분류,승용,남,51세,상해없음,화물,남,49세,경상
2015013000100153,2015년 1월 30일 08시,금요일,광주광역시 북구 삼각동,사망사고,1,0,0,0,차대차 - 측면직각충돌,신호위반,건조,맑음,교차로 - 교차로부근,이륜,남,45세,사망,승용,남,38세,상해없음
2015013000100154,2015년 1월 30일 08시,금요일,광주광역시 북구 용두동,경상사고,0,0,1,0,차대차 - 측면직각충돌,안전운전불이행,결빙,맑음,단일로 - 기타,화물,남,37세,경상,화물,남,53세,상해없음
2015013000100155,2015년 1월 30일 08시,금요일,광주광역시 광산구 요기동,중상사고,0,1,0,0,차대사람 - 횡단중,기타,결빙,흐림,단일로 - 기타,화물,남,26세,상해없음,보행자,남,43세,중상
2015013000100178,2015년 1월 30일 09시,금요일,광주광역시 남구 송하동,경상사고,0,0,3,0,차대차 - 측면직각충돌,안전거리미확보,건조,맑음,단일로 - 기타,승합,남,22세,경상,승용,남,39세,경상
2015013000100179,2015년 1월 30일 09시,금요일,광주광역시 광산구 우산동,경상사고,0,0,2,0,차대차 - 기타,교차로운행방법위반,건조,맑음,교차로 - 교차로안,승용,남,38세,상해없음,승용,여,45세,경상
2015013000100209,2015년 1월 30일 10시,금요일,광주광역시 북구 두암동,경상사고,0,0,4,0,차대차 - 추돌 - 진행중,안전거리미확보,건조,맑음,기타 - 기타,승용,남,53세,상해없음,승용,남,58세,경상
2015013000100210,2015년 1월 30일 10시,금요일,광주광역시 북구 풍향동,경상사고,0,0,1,0,차대차 - 추돌 - 진행중,안전운전불이행,건조,맑음,교차로 - 교차로안,승용,남,60세,상해없음,승용,남,65세,경상
2015013000100275,2015년 1월 30일 13시,금요일,광주광역시 동구 계림동,경상사고,0,0,2,0,차대차 - 기타,중앙선침범,건조,맑음,기타 - 기타,승용,남,56세,상해없음,승용,여,37세,경상
2015013000100276,2015년 1월 30일 13시,금요일,광주광역시 동구 계림동,경상사고,0,0,1,0,차대사람 - 기타,안전운전불이행,건조,맑음,단일로 - 기타,승용,남,51세,상해없음,보행자,남,68세,경상
2015013000100277,2015년 1월 30일 13시,금요일,광주광역시 북구 운암동,경상사고,0,0,3,0,차대차 - 측면직각충돌,신호위반,건조,맑음,교차로 - 교차로안,승용,여,76세,경상,승용,여,41세,경상
2015013000100303,2015년 1월 30일 14시,금요일,광주광역시 서구 치평동,경상사고,0,0,1,0,차대사람 - 차도통행중,안전운전불이행,건조,맑음,단일로 - 기타,승용,여,63세,상해없음,보행자,여,52세,경상
2015013000100329,2015년 1월 30일 15시,금요일,광주광역시 북구 운암동,경상사고,0,0,1,0,차대차 - 측면직각충돌,안전운전불이행,건조,맑음,교차로 - 교차로안,승용,여,56세,상해없음,이륜,남,33세,경상
2015013000100438,2015년 1월 30일 18시,금요일,광주광역시 남구 진월동,중상사고,0,1,1,0,차대차 - 추돌 - 주정차중,안전거리미확보,건조,맑음,단일로 - 기타,승용,남,27세,상해없음,승용,여,35세,중상
2015013000100491,2015년 1월 30일 19시,금요일,광주광역시 북구 동림동,경상사고,0,0,2,0,차대차 - 측면직각충돌,차로위반,건조,맑음,교차로 - 교차로부근,화물,남,53세,상해없음,승용,남,31세,경상
2015013000100561,2015년 1월 30일 21시,금요일,광주광역시 서구 치평동,경상사고,0,0,4,0,차대차 - 기타,안전운전불이행,건조,맑음,교차로 - 교차로안,승용,남,34세,경상,승용,남,22세,경상