사고번호,사고일시,요일,시군구,사고내용,사망자수,중상자수,경상자수,부상신고자수,사고유형,법규위반,노면상태,기상상태,도로형태,가해운전자 차종,가해운전자 성별,가해운전자 연령,가해운전자 상해정도,피해운전자 차종,피해운전자 성별,피해운전자 연령,피해운전자 상해정도
2015020600100274,2015년 2월 6일 13시,금요일,광주광역시 북구 중흥동,경상사고,0,0,1,0,차대차 - 측면직각충돌,안전운전불이행,건조,맑음,단일로 - 기타,승용,남,62세,상해없음,원동기,남,19세,경상
2015020600100275,2015년 2월 6일 13시,금요일,광주광역시 북구 두암동,경상사고,0,0,1,0,차대차 - 측면직각충돌,안전운전불이행,건조,맑음,교차로 - 교차로부근,이륜,남,80세,경상,승용,남,37세,상해없음
2015020600100297,2015년 2월 6일 14시,금요일,광주광역시 북구 오치동,사망사고,1,3,4,0,차대차 - 추돌 - 주정차중,안전운전불이행,건조,맑음,단일로 - 기타,승용,남,33세,상해없음,화물,남,39세,중상
2015020600100306,2015년 2월 6일 14시,금요일,광주광역시 남구 주월동,경상사고,0,0,2,0,차대차 - 측면직각충돌,안전운전불이행,건조,맑음,단일로 - 기타,승용,남,54세,상해없음,승용,남,24세,경상
2015020600100366,2015년 2월 6일 16시,금요일,광주광역시 남구 백운동,경상사고,0,0,1,0,차대차 - 추돌 - 진행중,안전거리미확보,건조,맑음,단일로 - 교량,승용,남,51세,상해없음,승용,여,54세,경상
2015020600100399,2015년 2월 6일 17시,금요일,광주광역시 북구 문흥동,경상사고,0,0,2,0,차대차 - 측면직각충돌,교차로운행방법위반,건조,맑음,교차로 - 교차로안,승용,여,61세,상해없음,원동기,남,31세,경상
2015020600100400,2015년 2월 6일 17시,금요일,광주광역시 광산구 신창동,경상사고,0,0,1,0,차대사람 - 차도통행중,안전운전불이행,건조,맑음,단일로 - 기타,승용,기타불명,기타불명,기타불명,보행자,여,12세,경상
2015020600100445,2015년 2월 6일 18시,금요일,광주광역시 동구 황금동,경상사고,0,0,1,0,차대사람 - 기타,안전운전불이행,건조,맑음,기타 - 기타,승용,남,24세,상해없음,보행자,여,26세,경상
2015020600100446,2015년 2월 6일 18시,금요일,광주광역시 서구 화정동,경상사고,0,0,2,0,차대차 - 추돌 - 주정차중,안전운전불이행,건조,맑음,교차로 - 교차로부근,승용,남,72세,상해없음,승용,남,45세,경상
2015020600100447,2015년 2월 6일 18시,금요일,광주광역시 북구 운암동,경상사고,0,0,3,1,차대차 - 측면직각충돌,안전운전불이행,건조,맑음,미분류 - 미분류,승용,남,53세,상해없음,승용,남,32세,경상
2015020600100448,2015년 2월 6일 18시,금요일,광주광역시 광산구 장록동,경상사고,0,0,1,0,차대차 - 정면충돌,중앙선침범,건조,맑음,단일로 - 기타,화물,남,41세,상해없음,승용,남,33세,경상
2015020600100449,2015년 2월 6일 18시,금요일,광주광역시 광산구 신촌동,경상사고,0,0,2,0,차량단독 - 도로외이탈 - 추락,안전운전불이행,건조,맑음,단일로 - 교량,승용,남,59세,상해없음,,,,
2015020600100491,2015년 2월 6일 19시,금요일,광주광역시 서구 치평동,경상사고,0,0,4,0,차대차 - 측면직각충돌,교차로운행방법위반,건조,맑음,교차로 - 교차로안,승용,여,30세,경상,승용,남,38세,경상
2015020600100492,2015년 2월 6일 19시,금요일,광주광역시 북구 두암동,경상사고,0,0,1,0,차대사람 - 횡단중,신호위반,건조,맑음,단일로 - 횡단보도상,승용,여,27세,상해없음,보행자,남,10세,경상
2015020600100555,2015년 2월 6일 21시,금요일,광주광역시 광산구 신가동,경상사고,0,0,1,0,차대차 - 추돌 - 주정차중,안전운전불이행,건조,맑음,단일로 - 기타,화물,남,47세,상해없음,승용,남,42세,경상
2015020600100614,2015년 2월 6일 23시,금요일,광주광역시 동구 학동,부상신고사고,0,0,0,1,차대차 - 기타,안전운전불이행,건조,맑음,단일로 - 기타,이륜,남,24세,부상신고,승용,남,52세,상해없음
2015020600100615,2015년 2월 6일 23시,금요일,광주광역시 서구 광천동,경상사고,0,0,1,0,차대차 - 측면직각충돌,차로위반,건조,맑음,단일로 - 기타,승용,남,54세,상해없음,승용,남,55세,상해없음
2015020700100040,2015년 2월 7일 01시,토요일,광주광역시 서구 양동,경상사고,0,0,1,0,차대차 - 추돌 - 진행중,안전운전불이행,건조,맑음,단일로 - 기타,기타불명,기타불명,기타불명,기타불명,원동기,남,19세,경상
2015020700100064,2015년 2월 7일 03시,토요일,광주광역시 남구 방림동,부상신고사고,0,0,0,1,차량단독 - 기타,안전운전불이행,건조,맑음,단일로 - 기타,승용,남,32세,부상신고,,,,
2015020700100100,2015년 2월 7일 06시,토요일,광주광역시 광산구 우산동,경상사고,0,0,2,0,차대차 - 측면직각충돌,교차로운행방법위반,건조,맑음,교차로 - 교차로안,승용,남,23세,상해없음,승용,남,52세,경상
2015020700100127,2015년 2월 7일 08시,토요일,광주광역시 북구 두암동,경상사고,0,0,4,0,차대차 - 기타,안전운전불이행,건조,맑음,단일로 - 기타,승용,남,22세,상해없음,화물,남,50세,경상
2015020700100173,2015년 2월 7일 10시,토요일,광주광역시 서구 풍암동,중상사고,0,1,0,0,차대사람 - 횡단중,안전운전불이행,건조,흐림,교차로 - 교차로부근,화물,남,41세,상해없음,보행자,남,1세,중상
2015020700100206,2015년 2월 7일 11시,토요일,광주광역시 광산구 월곡동,경상사고,0,0,1,0,차대차 - 측면직각충돌,안전거리미확보,건조,맑음,단일로 - 기타,승용,남,43세,상해없음,원동기,남,20세,경상
2015020700100207,2015년 2월 7일 11시,토요일,광주광역시 광산구 우산동,경상사고,0,0,1,0,차대차 - 추돌 - 진행중,안전거리미확보,건조,맑음,단일로 - 교량,건설기계,남,56세,상해없음,승용,남,36세,경상
2015020700100335,2015년 2월 7일 16시,토요일,광주광역시 남구 월산동,경상사고,0,0,1,0,차대차 - 추돌 - 진행중,안전운전불이행,건조,맑음,단일로 - 기타,승용,남,61세,상해없음,승용,여,34세,경상
2015020700100336,2015년 2월 7일 16시,토요일,광주광역시 광산구 수완동,경상사고,0,0,5,0,차대차 - 측면직각충돌,교차로운행방법위반,건조,맑음,교차로 - 교차로안,승용,남,43세,상해없음,승용,남,31세,경상
2015020700100357,2015년 2월 7일 17시,토요일,광주광역시 광산구 송정동,경상사고,0,0,1,0,차대차 - 측면직각충돌,신호위반,건조,맑음,교차로 - 교차로안,승합,남,42세,상해없음,승용,남,56세,경상
2015020700100358,2015년 2월 7일 17시,토요일,광주광역시 광산구 신창동,중상사고,0,1,0,0,차대사람 - 보도통행중,기타,건조,맑음,단일로 - 기타,원동기,남,22세,상해없음,보행자,여,21세,중상
2015020700100392,2015년 2월 7일 18시,토요일,광주광역시 서구 광천동,경상사고,0,0,4,0,차대차 - 측면직각충돌,안전거리미확보,건조,흐림,교차로 - 교차로안,승용,남,34세,경상,승용,여,38세,경상
2015020700100393,2015년 2월 7일 18시,토요일,광주광역시 북구 각화동,경상사고,0,0,3,0,차대차 - 측면직각충돌,교차로운행방법위반,건조,맑음,교차로 - 교차로안,승용,여,50세,상해없음,승용,남,32세,경상
2015020700100460,2015년 2월 7일 20시,토요일,광주광역시 서구 금호동,경상사고,0,0,1,0,차대차 - 정면충돌,중앙선침범,건조,맑음,단일로 - 기타,승용,여,52세,상해없음,원동기,남,18세,경상
2015020800100021,2015년 2월 8일 00시,일요일,광주광역시 서구 치평동,경상사고,0,0,2,0,차대차 - 추돌 - 진행중,안전거리미확보,건조,맑음,단일로 - 기타,승용,남,32세,상해없음,승용,남,54세,경상
2015020800100041,2015년 2월 8일 01시,일요일,광주광역시 광산구 산월동,경상사고,0,0,3,0,차대차 - 측면직각충돌,신호위반,건조,맑음,교차로 - 교차로안,승용,남,59세,상해없음,승용,남,23세,경상
2015020800100066,2015년 2월 8일 03시,일요일,광주광역시 서구 치평동,경상사고,0,0,1,0,차대차 - 측면직각충돌,신호위반,건조,흐림,교차로 - 교차로부근,이륜,남,22세,경상,승용,남,58세,상해없음
2015020800100074,2015년 2월 8일 04시,일요일,광주광역시 서구 쌍촌동,경상사고,0,0,1,0,차대차 - 측면직각충돌,차로위반,건조,맑음,단일로 - 기타,승용,남,48세,상해없음,승용,남,53세,경상
2015020800100086,2015년 2월 8일 05시,일요일,광주광역시 동구 수기동,경상사고,0,0,1,0,차대차 - 기타,교차로운행방법위반,건조,맑음,교차로 - 교차로안,승용,남,67세,상해없음,승용,남,46세,경상
2015020800100109,2015년 2월 8일 07시,일요일,광주광역시 북구 우산동,경상사고,0,0,1,0,차대차 - 추돌 - 진행중,안전운전불이행,습기,눈,단일로 - 기타,기타불명,기타불명,기타불명,기타불명,승용,남,59세,경상
2015020800100124,2015년 2월 8일 09시,일요일,광주광역시 북구 오치동,중상사고,0,1,0,0,차대사람 - 횡단중,신호위반,건조,맑음,단일로 - 횡단보도부근,승용,여,50세,상해없음,보행자,남,12세,중상
2015020800100125,2015년 2월 8일 09시,일요일,광주광역시 북구 신안동,경상사고,0,0,5,0,차대차 - 측면직각충돌,교차로운행방법위반,건조,맑음,교차로 - 교차로안,승용,여,49세,상해없음,승용,남,51세,경상
2015020800100166,2015년 2월 8일 11시,일요일,광주광역시 광산구 산정동,부상신고사고,0,0,0,1,차대차 - 측면직각충돌,교차로운행방법위반,건조,맑음,교차로 - 교차로안,승용,기타불명,기타불명,기타불명,이륜,남,72세,부상신고
2015020800100189,2015년 2월 8일 12시,일요일,광주광역시 서구 농성동,경상사고,0,0,2,0,차대차 - 측면직각충돌,교차로운행방법위반,건조,맑음,교차로 - 교차로부근,승용,여,54세,상해없음,승용,남,61세,경상
2015020800100242,2015년 2월 8일 14시,일요일,광주광역시 북구 중흥동,중상사고,0,1,0,0,차대차 - 추돌 - 주정차중,안전운전불이행,건조,맑음,단일로 - 기타,이륜,남,80세,중상,승용,남,45세,기타불명
2015020800100243,2015년 2월 8일 14시,일요일,광주광역시 광산구 도산동,경상사고,0,0,3,0,차대차 - 측면직각충돌,중앙선침범,건조,맑음,교차로 - 교차로부근,승용,남,27세,경상,승용,남,54세,경상
2015020800100244,2015년 2월 8일 14시,일요일,광주광역시 광산구 비아동,경상사고,0,0,4,0,차대차 - 추돌 - 주정차중,안전운전불이행,습기,흐림,단일로 - 횡단보도부근,승용,여,53세,경상,승용,남,50세,경상
2015020800100269,2015년 2월 8일 15시,일요일,광주광역시 서구 풍암동,중상사고,0,1,3,0,차대차 - 측면직각충돌,교차로운행방법위반,건조,맑음,교차로 - 교차로안,승용,여,35세,상해없음,승용,여,33세,경상
2015020800100270,2015년 2월 8일 15시,일요일,광주광역시 북구 임동,경상사고,0,0,1,0,차대차 - 측면직각충돌,교차로운행방법위반,건조,맑음,교차로 - 교차로부근,승용,남,21세,상해없음,원동기,남,77세,경상
2015020800100271,2015년 2월 8일 15시,일요일,광주광역시 광산구 송정동,경상사고,0,0,2,0,차대차 - 추돌 - 진행중,안전거리미확보,건조,맑음,교차로 - 교차로부근,승용,여,41세,상해없음,승용,여,27세,경상
2015020800100349,2015년 2월 8일 18시,일요일,광주광역시 남구 방림동,중상사고,0,4,10,0,차대차 - 측면직각충돌,신호위반,건조,맑음,교차로 - 교차로안,승용,남,27세,경상,승합,남,58세,경상
2015020800100350,2015년 2월 8일 18시,일요일,광주광역시 광산구 수완동,경상사고,0,0,1,0,차대차 - 추돌 - 주정차중,안전운전불이행,습기,눈,교차로 - 교차로부근,화물,남,47세,상해없음,승용,남,43세,경상
2015020800100382,2015년 2월 8일 19시,일요일,광주광역시 북구 양산동,중상사고,0,1,0,0,차대사람 - 횡단중,안전운전불이행,건조,맑음,단일로 - 횡단보도상,승용,남,48세,상해없음,보행자,여,78세,중상
2015020800100444,2015년 2월 8일 21시,일요일,광주광역시 남구 월산동,경상사고,0,0,1,0,차대차 - 측면직각충돌,교차로운행방법위반,건조,맑음,교차로 - 교차로안,승용,남,65세,상해없음,승용,남,34세,경상
2015020800100460,2015년 2월 8일 22시,일요일,광주광역시 서구 풍암동,중상사고,0,1,1,0,차대차 - 측면직각충돌,안전운전불이행,건조,맑음,교차로 - 교차로안,승용,여,38세,중상,승용,남,48세,경상
2015020800100461,2015년 2월 8일 22시,일요일,광주광역시 광산구 도천동,경상사고,0,0,1,0,차대차 - 정면충돌,중앙선침범,건조,맑음,단일로 - 기타,승용,여,44세,상해없음,화물,남,45세,경상
2015020900100040,2015년 2월 9일 05시,월요일,광주광역시 광산구 운남동,경상사고,0,0,1,0,차대사람 - 횡단중,중앙선침범,습기,흐림,교차로 - 교차로안,승용,남,36세,상해없음,보행자,여,44세,경상
2015020900100057,2015년 2월 9일 06시,월요일,광주광역시 서구 쌍촌동,경상사고,0,0,2,0,차대차 - 측면직각충돌,신호위반,건조,맑음,교차로 - 교차로안,승용,남,18세,상해없음,화물,남,52세,경상
2015020900100058,2015년 2월 9일 06시,월요일,광주광역시 북구 운암동,경상사고,0,0,1,0,차대사람 - 횡단중,신호위반,건조,맑음,교차로 - 교차로부근,승용,남,53세,상해없음,보행자,남,31세,경상
2015020900100078,2015년 2월 9일 07시,월요일,광주광역시 북구 동림동,중상사고,0,1,0,0,차대사람 - 횡단중,보행자보호의무위반,건조,맑음,교차로 - 교차로부근,승용,남,64세,상해없음,보행자,여,66세,중상
2015020900100124,2015년 2월 9일 08시,월요일,광주광역시 광산구 신가동,경상사고,0,0,1,0,차대차 - 추돌 - 주정차중,안전운전불이행,건조,맑음,단일로 - 기타,승용,여,42세,상해없음,승용,남,39세,경상
2015020900100152,2015년 2월 9일 09시,월요일,광주광역시 북구 두암동,경상사고,0,0,1,0,차대차 - 측면직각충돌,안전운전불이행,건조,맑음,교차로 - 교차로안,승용,남,74세,상해없음,승용,남,50세,상해없음
2015020900100181,2015년 2월 9일 10시,월요일,광주광역시 남구 월산동,경상사고,0,0,1,0,차대사람 - 횡단중,보행자보호의무위반,건조,맑음,단일로 - 횡단보도상,화물,남,54세,상해없음,보행자,여,29세,경상
2015020900100320,2015년 2월 9일 15시,월요일,광주광역시 남구 노대동,경상사고,0,0,1,0,차대사람 - 횡단중,안전운전불이행,건조,맑음,단일로 - 기타,화물,남,42세,상해없음,보행자,남,12세,경상
2015020900100380,2015년 2월 9일 16시,월요일,광주광역시 북구 오치동,경상사고,0,0,1,0,차대사람 - 길가장자리구역통행중,안전운전불이행,건조,맑음,단일로 - 기타,승용,기타불명,기타불명,기타불명,보행자,여,58세,경상
2015020900100429,2015년 2월 9일 17시,월요일,광주광역시 북구 오치동,경상사고,0,0,1,0,차대차 - 추돌 - 진행중,교차로운행방법위반,건조,맑음,교차로 - 교차로안,승용,남,53세,상해없음,승용,남,28세,경상
2015020900100541,2015년 2월 9일 19시,월요일,광주광역시 서구 광천동,부상신고사고,0,0,0,1,차대차 - 측면직각충돌,안전운전불이행,건조,흐림,단일로 - 기타,승용,여,33세,상해없음,자전거,남,23세,부상신고
2015020900100606,2015년 2월 9일 21시,월요일,광주광역시 서구 쌍촌동,경상사고,0,0,2,0,차대차 - 추돌 - 진행중,안전거리미확보,건조,맑음,교차로 - 교차로안,승용,남,24세,상해없음,승용,남,31세,경상
2015020900100607,2015년 2월 9일 21시,월요일,광주광역시 남구 백운동,경상사고,0,0,3,1,차대차 - 측면직각충돌,교차로운행방법위반,건조,맑음,교차로 - 교차로안,승용,남,30세,경상,승용,남,26세,경상
2015020900100628,2015년 2월 9일 22시,월요일,광주광역시 서구 쌍촌동,경상사고,0,0,2,0,차대차 - 측면직각충돌,신호위반,건조,맑음,교차로 - 교차로안,승용,남,48세,상해없음,승용,남,47세,경상
2015021000100026,2015년 2월 10일 01시,화요일,광주광역시 북구 용봉동,중상사고,0,1,5,0,차대차 - 측면직각충돌,중앙선침범,건조,맑음,교차로 - 교차로안,승용,남,25세,상해없음,승용,여,52세,중상
2015021000100035,2015년 2월 10일 02시,화요일,광주광역시 남구 서동,경상사고,0,0,2,1,차대사람 - 보도통행중,안전운전불이행,건조,맑음,교차로 - 교차로부근,승용,남,36세,부상신고,보행자,여,28세,경상
2015021000100092,2015년 2월 10일 07시,화요일,광주광역시 동구 대인동,중상사고,0,1,1,0,차대차 - 측면직각충돌,안전거리미확보,건조,맑음,교차로 - 교차로안,이륜,남,22세,경상,이륜,남,22세,중상
2015021000100093,2015년 2월 10일 07시,화요일,광주광역시 북구 각화동,경상사고,0,0,1,0,차대사람 - 차도통행중,안전운전불이행,건조,맑음,단일로 - 기타,승용,기타불명,기타불명,기타불명,보행자,여,24세,경상
2015021000100094,2015년 2월 10일 07시,화요일,광주광역시 광산구 신창동,경상사고,0,0,1,0,차대차 - 정면충돌,중앙선침범,건조,맑음,교차로 - 교차로안,승용,남,52세,상해없음,승용,여,45세,경상
2015021000100123,2015년 2월 10일 08시,화요일,광주광역시 남구 봉선동,경상사고,0,0,1,0,차대차 - 추돌 - 주정차중,안전운전불이행,건조,맑음,교차로 - 교차로부근,승용,여,27세,상해없음,승용,여,45세,경상
2015021000100124,2015년 2월 10일 08시,화요일,광주광역시 광산구 장수동,경상사고,0,0,1,0,차대차 - 측면직각충돌,교차로운행방법위반,건조,맑음,교차로 - 교차로부근,건설기계,남,33세,상해없음,원동기,남,67세,경상
2015021000100222,2015년 2월 10일 12시,화요일,광주광역시 광산구 신가동,경상사고,0,0,1,0,차대차 - 정면충돌,중앙선침범,건조,맑음,교차로 - 교차로안,승용,남,54세,상해없음,이륜,남,23세,경상
2015021000100246,2015년 2월 10일 13시,화요일,광주광역시 북구 각화동,경상사고,0,0,1,0,차대차 - 측면직각충돌,안전운전불이행,건조,맑음,단일로 - 기타,승용,남,67세,상해없음,승용,여,54세,경상
2015021000100247,2015년 2월 10일 13시,화요일,광주광역시 광산구 소촌동,경상사고,0,0,2,0,차대차 - 추돌 - 진행중,안전운전불이행,건조,맑음,교차로 - 교차로부근,화물,남,45세,상해없음,승용,여,49세,경상
2015021000100248,2015년 2월 10일 13시,화요일,광주광역시 광산구 신가동,중상사고,0,1,0,0,차대사람 - 기타,기타,건조,맑음,기타 - 기타,승합,남,54세,상해없음,보행자,여,85세,중상
2015021000100279,2015년 2월 10일 14시,화요일,광주광역시 서구 화정동,경상사고,0,0,1,0,차대차 - 추돌 - 진행중,안전운전불이행,건조,맑음,단일로 - 기타,승용,남,40세,상해없음,승용,남,34세,상해없음
2015021000100280,2015년 2월 10일 14시,화요일,광주광역시 북구 매곡동,중상사고,0,2,1,0,차량단독 - 공작물충돌,안전운전불이행,건조,맑음,단일로 - 기타,승용,남,18세,경상,,,,
2015021000100309,2015년 2월 10일 15시,화요일,광주광역시 북구 두암동,경상사고,0,0,1,0,차대차 - 측면직각충돌,신호위반,건조,맑음,교차로 - 교차로안,승용,남,65세,상해없음,승용,여,28세,경상
2015021000100336,2015년 2월 10일 16시,화요일,광주광역시 서구 양동,중상사고,0,1,0,0,차대사람 - 횡단중,안전운전불이행,건조,맑음,단일로 - 기타,승용,여,27세,상해없음,보행자,여,64세,중상
2015021000100337,2015년 2월 10일 16시,화요일,광주광역시 남구 노대동,경상사고,0,0,1,0,차대차 - 측면직각충돌,안전운전불이행,건조,맑음,교차로 - 교차로안,승용,남,28세,상해없음,승용,남,41세,경상
2015021000100338,2015년 2월 10일 16시,화요일,광주광역시 광산구 우산동,경상사고,0,0,1,0,차대차 - 기타,안전운전불이행,건조,맑음,단일로 - 기타,화물,남,49세,상해없음,승용,여,53세,경상
2015021000100364,2015년 2월 10일 17시,화요일,광주광역시 남구 원산동,경상사고,0,0,2,0,차대차 - 측면직각충돌,신호위반,건조,맑음,교차로 - 교차로안,승용,남,19세,상해없음,승용,남,53세,경상
2015021000100401,2015년 2월 10일 18시,화요일,광주광역시 북구 오치동,중상사고,0,1,0,0,차대차 - 측면직각충돌,신호위반,건조,맑음,교차로 - 교차로안,승용,여,25세,상해없음,원동기,남,75세,중상
2015021000100446,2015년 2월 10일 19시,화요일,광주광역시 북구 두암동,경상사고,0,0,1,0,차대차 - 측면직각충돌,안전운전불이행,건조,맑음,단일로 - 기타,승용,남,41세,상해없음,이륜,남,19세,경상
2015021000100447,2015년 2월 10일 19시,화요일,광주광역시 광산구 흑석동,경상사고,0,0,4,0,차대차 - 추돌 - 진행중,안전운전불이행,건조,맑음,단일로 - 기타,승용,여,22세,경상,화물,남,58세,경상
2015021000100477,2015년 2월 10일 20시,화요일,광주광역시 서구 금호동,경상사고,0,0,1,0,차대사람 - 횡단중,안전운전불이행,건조,맑음,교차로 - 교차로부근,승용,남,34세,상해없음,보행자,남,46세,경상
2015021000100478,2015년 2월 10일 20시,화요일,광주광역시 북구 문흥동,경상사고,0,0,2,0,차대사람 - 횡단중,안전운전불이행,건조,맑음,단일로 - 기타,승용,남,60세,상해없음,보행자,남,17세,경상
2015021000100479,2015년 2월 10일 20시,화요일,광주광역시 광산구 수완동,경상사고,0,0,1,0,차대차 - 측면직각충돌,안전거리미확보,건조,맑음,단일로 - 기타,승용,남,47세,상해없음,승용,남,39세,경상
2015021000100551,2015년 2월 10일 22시,화요일,광주광역시 북구 용봉동,경상사고,0,0,1,0,차대차 - 측면직각충돌,안전거리미확보,건조,맑음,단일로 - 기타,승용,남,42세,상해없음,승용,남,58세,상해없음
2015021000100580,2015년 2월 10일 23시,화요일,광주광역시 광산구 쌍암동,경상사고,0,0,1,0,차대차 - 추돌 - 진행중,중앙선침범,건조,맑음,교차로 - 교차로부근,승용,남,25세,상해없음,승용,여,47세,경상
2015021100100030,2015년 2월 11일 01시,수요일,광주광역시 광산구 신가동,경상사고,0,0,2,0,차대차 - 추돌 - 주정차중,안전운전불이행,건조,맑음,교차로 - 교차로안,승용,남,28세,상해없음,화물,여,33세,경상
2015021100100048,2015년 2월 11일 02시,수요일,광주광역시 동구 동명동,부상신고사고,0,0,0,1,차대차 - 기타,교차로운행방법위반,건조,맑음,교차로 - 교차로안,승용,남,42세,부상신고,승용,남,36세,상해없음
2015021100100149,2015년 2월 11일 08시,수요일,광주광역시 광산구 산정동,경상사고,0,0,1,0,차대사람 - 횡단중,보행자보호의무위반,건조,맑음,단일로 - 횡단보도상,승용,여,42세,상해없음,보행자,여,11세,경상
2015021100100186,2015년 2월 11일 09시,수요일,광주광역시 광산구 도천동,중상사고,0,1,0,0,차대사람 - 길가장자리구역통행중,안전운전불이행,건조,맑음,단일로 - 기타,건설기계,남,40세,상해없음,보행자,남,48세,중상
2015021100100292,2015년 2월 11일 13시,수요일,광주광역시 서구 화정동,경상사고,0,0,6,0,차대차 - 추돌 - 주정차중,안전거리미확보,건조,맑음,교차로 - 교차로부근,승용,여,45세,상해없음,승용,여,27세,경상
2015021100100293,2015년 2월 11일 13시,수요일,광주광역시 북구 문흥동,경상사고,0,0,2,0,차대차 - 측면직각충돌,안전거리미확보,건조,맑음,단일로 - 기타,승용,남,67세,상해없음,승용,남,56세,경상
2015021100100353,2015년 2월 11일 15시,수요일,광주광역시 서구 쌍촌동,경상사고,0,0,1,0,차대차 - 측면직각충돌,신호위반,건조,맑음,교차로 - 교차로안,승용,여,49세,상해없음,원동기,남,38세,경상
2015021100100354,2015년 2월 11일 15시,수요일,광주광역시 광산구 옥동,경상사고,0,0,2,0,차대차 - 측면직각충돌,교차로운행방법위반,건조,맑음,교차로 - 교차로안,승합,여,54세,경상,화물,남,52세,상해없음
2015021100100385,2015년 2월 11일 16시,수요일,광주광역시 광산구 송정동,중상사고,0,1,1,0,차대차 - 추돌 - 진행중,안전운전불이행,건조,맑음,단일로 - 기타,승용,여,58세,상해없음,승용,남,69세,중상
2015021100100456,2015년 2월 11일 18시,수요일,광주광역시 서구 쌍촌동,경상사고,0,0,2,0,차대차 - 정면충돌,안전운전불이행,건조,맑음,단일로 - 기타,승용,남,46세,상해없음,승용,여,34세,경상
2015021100100457,2015년 2월 11일 18시,수요일,광주광역시 서구 광천동,경상사고,0,0,1,0,차대차 - 기타,신호위반,건조,맑음,교차로 - 교차로안,승용,남,42세,상해없음,이륜,남,16세,경상
2015021100100458,2015년 2월 11일 18시,수요일,광주광역시 서구 유촌동,중상사고,0,1,0,0,차대차 - 측면직각충돌,신호위반,건조,맑음,교차로 - 교차로안,승합,남,57세,상해없음,이륜,남,49세,중상
2015021100100459,2015년 2월 11일 18시,수요일,광주광역시 광산구 도산동,경상사고,0,0,1,0,차대사람 - 횡단중,보행자보호의무위반,건조,맑음,단일로 - 기타,승용,남,44세,상해없음,보행자,남,43세,경상
2015021100100460,2015년 2월 11일 18시,수요일,광주광역시 광산구 월계동,중상사고,0,1,0,0,차대차 - 측면직각충돌,불법유턴,건조,맑음,교차로 - 교차로부근,승용,남,46세,상해없음,원동기,남,18세,중상
2015021100100495,2015년 2월 11일 19시,수요일,광주광역시 남구 주월동,경상사고,0,0,1,0,차대사람 - 길가장자리구역통행중,안전운전불이행,건조,맑음,단일로 - 기타,승용,남,45세,상해없음,보행자,여,60세,경상
2015021100100525,2015년 2월 11일 20시,수요일,광주광역시 북구 운암동,경상사고,0,0,2,0,차대차 - 측면직각충돌,안전운전불이행,건조,맑음,단일로 - 기타,승용,남,34세,상해없음,승용,남,27세,상해없음
2015021100100607,2015년 2월 11일 23시,수요일,광주광역시 광산구 수완동,경상사고,0,0,2,0,차대차 - 추돌 - 진행중,안전운전불이행,건조,맑음,교차로 - 교차로부근,승용,남,43세,상해없음,승용,남,46세,경상
2015021200100016,2015년 2월 12일 00시,목요일,광주광역시 광산구 신창동,경상사고,0,0,1,0,차대차 - 추돌 - 주정차중,안전운전불이행,건조,맑음,단일로 - 기타,승용,남,25세,경상,승용,남,50세,기타불명
2015021200100119,2015년 2월 12일 08시,목요일,광주광역시 남구 사동,경상사고,0,0,1,0,차대사람 - 차도통행중,교차로운행방법위반,건조,맑음,교차로 - 교차로안,승용,남,41세,상해없음,보행자,여,88세,경상
2015021200100120,2015년 2월 12일 08시,목요일,광주광역시 남구 양과동,경상사고,0,0,1,0,차대차 - 추돌 - 진행중,안전거리미확보,건조,맑음,단일로 - 기타,승용,남,43세,상해없음,승용,여,34세,경상
2015021200100121,2015년 2월 12일 08시,목요일,광주광역시 남구 양과동,경상사고,0,0,8,0,차대차 - 추돌 - 진행중,안전거리미확보,건조,맑음,단일로 - 기타,승용,남,38세,기타불명,승용,남,59세,경상
2015021200100122,2015년 2월 12일 08시,목요일,광주광역시 광산구 송정동,중상사고,0,1,2,1,차대차 - 측면직각충돌,안전거리미확보,건조,맑음,단일로 - 교량,승합,남,43세,중상,승용,남,27세,경상
2015021200100155,2015년 2월 12일 09시,목요일,광주광역시 북구 신안동,경상사고,0,0,6,0,차대차 - 측면직각충돌,신호위반,건조,맑음,교차로 - 교차로안,승용,남,66세,상해없음,승용,남,67세,경상
2015021200100221,2015년 2월 12일 11시,목요일,광주광역시 광산구 운수동,경상사고,0,0,1,0,차대차 - 측면직각충돌,신호위반,건조,맑음,교차로 - 교차로안,승용,여,49세,상해없음,승용,남,45세,경상
2015021200100255,2015년 2월 12일 12시,목요일,광주광역시 서구 유촌동,경상사고,0,0,1,0,차대사람 - 길가장자리구역통행중,안전운전불이행,건조,맑음,단일로 - 기타,승용,남,45세,상해없음,보행자,남,9세,경상
2015021200100282,2015년 2월 12일 13시,목요일,광주광역시 서구 매월동,경상사고,0,0,1,0,차대차 - 측면직각충돌,교차로운행방법위반,건조,맑음,교차로 - 교차로안,승용,여,44세,상해없음,원동기,남,51세,경상
2015021200100351,2015년 2월 12일 15시,목요일,광주광역시 북구 연제동,경상사고,0,0,2,0,차대차 - 측면직각충돌,안전운전불이행,건조,맑음,단일로 - 기타,화물,남,55세,상해없음,승용,여,35세,경상