사고번호,사고일시,요일,시군구,사고내용,사망자수,중상자수,경상자수,부상신고자수,사고유형,법규위반,노면상태,기상상태,도로형태,가해운전자 차종,가해운전자 성별,가해운전자 연령,가해운전자 상해정도,피해운전자 차종,피해운전자 성별,피해운전자 연령,피해운전자 상해정도
2015022600100314,2015년 2월 26일 15시,목요일,광주광역시 동구 수기동,경상사고,0,0,1,0,차대차 - 기타,안전거리미확보,건조,맑음,단일로 - 기타,승용,여,43세,상해없음,승합,남,41세,상해없음
2015022600100315,2015년 2월 26일 15시,목요일,광주광역시 남구 월산동,중상사고,0,1,0,0,차대차 - 추돌 - 진행중,교차로운행방법위반,건조,맑음,교차로 - 교차로부근,승용,여,41세,상해없음,이륜,남,43세,중상
2015022600100405,2015년 2월 26일 18시,목요일,광주광역시 북구 두암동,경상사고,0,0,1,0,차대차 - 측면직각충돌,교차로운행방법위반,건조,맑음,교차로 - 교차로안,원동기,남,16세,상해없음,원동기,남,43세,경상
2015022600100529,2015년 2월 26일 22시,목요일,광주광역시 서구 풍암동,경상사고,0,0,1,0,차대차 - 측면직각충돌,신호위반,건조,맑음,교차로 - 교차로안,승용,남,20세,상해없음,이륜,남,41세,경상
2015022600100530,2015년 2월 26일 22시,목요일,광주광역시 서구 화정동,중상사고,0,1,0,0,차대사람 - 횡단중,안전운전불이행,건조,맑음,교차로 - 교차로안,승합,남,44세,상해없음,보행자,남,50세,중상
2015022600100554,2015년 2월 26일 23시,목요일,광주광역시 동구 동명동,경상사고,0,0,1,0,차대차 - 정면충돌,중앙선침범,건조,맑음,단일로 - 기타,승용,여,55세,상해없음,승용,여,48세,경상
2015022600100555,2015년 2월 26일 23시,목요일,광주광역시 북구 두암동,경상사고,0,0,3,0,차대차 - 측면직각충돌,안전운전불이행,건조,맑음,단일로 - 기타,승용,여,55세,상해없음,화물,남,57세,경상
2015022700100019,2015년 2월 27일 00시,금요일,광주광역시 서구 유촌동,경상사고,0,0,1,0,차대차 - 측면직각충돌,차로위반,건조,맑음,단일로 - 기타,승용,여,30세,경상,승용,남,36세,상해없음
2015022700100020,2015년 2월 27일 00시,금요일,광주광역시 광산구 우산동,부상신고사고,0,0,0,1,차대사람 - 횡단중,안전운전불이행,건조,맑음,단일로 - 기타,승용,기타불명,기타불명,기타불명,보행자,남,43세,부상신고
2015022700100055,2015년 2월 27일 03시,금요일,광주광역시 동구 수기동,경상사고,0,0,1,0,차대차 - 측면직각충돌,신호위반,건조,맑음,교차로 - 교차로안,승용,남,22세,상해없음,승용,남,62세,상해없음
2015022700100090,2015년 2월 27일 06시,금요일,광주광역시 북구 일곡동,경상사고,0,0,1,0,차대차 - 측면직각충돌,신호위반,건조,맑음,교차로 - 교차로안,화물,여,50세,상해없음,화물,남,67세,경상
2015022700100100,2015년 2월 27일 07시,금요일,광주광역시 광산구 도산동,중상사고,0,1,0,0,차대차 - 측면직각충돌,불법유턴,건조,맑음,단일로 - 기타,승용,남,49세,상해없음,승용,남,48세,중상
2015022700100127,2015년 2월 27일 08시,금요일,광주광역시 북구 운암동,중상사고,0,1,0,0,차대차 - 측면직각충돌,안전운전불이행,건조,맑음,교차로 - 교차로부근,승용,남,66세,상해없음,이륜,여,26세,중상
2015022700100128,2015년 2월 27일 08시,금요일,광주광역시 광산구 도산동,경상사고,0,0,1,1,차대차 - 측면직각충돌,안전거리미확보,건조,맑음,교차로 - 교차로부근,승용,남,37세,부상신고,승합,남,56세,경상
2015022700100226,2015년 2월 27일 12시,금요일,광주광역시 서구 농성동,경상사고,0,0,1,0,차대차 - 측면직각충돌,교차로운행방법위반,건조,맑음,교차로 - 교차로안,승용,여,50세,상해없음,이륜,남,47세,경상
2015022700100258,2015년 2월 27일 13시,금요일,광주광역시 남구 백운동,경상사고,0,0,1,0,차대사람 - 횡단중,신호위반,건조,맑음,단일로 - 횡단보도상,승용,남,48세,상해없음,보행자,여,67세,경상
2015022700100259,2015년 2월 27일 13시,금요일,광주광역시 광산구 도산동,경상사고,0,0,1,0,차대차 - 측면직각충돌,안전거리미확보,건조,맑음,단일로 - 기타,화물,남,64세,상해없음,승용,남,32세,경상
2015022700100296,2015년 2월 27일 14시,금요일,광주광역시 북구 운암동,중상사고,0,1,0,0,차대사람 - 차도통행중,안전운전불이행,건조,맑음,단일로 - 기타,승합,남,44세,상해없음,보행자,남,45세,중상
2015022700100359,2015년 2월 27일 16시,금요일,광주광역시 서구 풍암동,경상사고,0,0,2,0,차대차 - 추돌 - 주정차중,안전운전불이행,건조,맑음,교차로 - 교차로부근,승용,남,48세,상해없음,승용,남,25세,경상
2015022700100434,2015년 2월 27일 18시,금요일,광주광역시 서구 광천동,경상사고,0,0,1,0,차대차 - 측면직각충돌,안전운전불이행,건조,맑음,교차로 - 교차로안,화물,남,49세,상해없음,승용,남,31세,경상
2015022700100435,2015년 2월 27일 18시,금요일,광주광역시 광산구 신촌동,경상사고,0,0,1,0,차대차 - 추돌 - 진행중,안전거리미확보,건조,맑음,교차로 - 교차로부근,승용,남,66세,상해없음,승용,남,55세,경상
2015022700100436,2015년 2월 27일 18시,금요일,광주광역시 광산구 신창동,경상사고,0,0,1,0,차대차 - 측면직각충돌,안전거리미확보,건조,맑음,단일로 - 기타,승용,남,28세,상해없음,원동기,남,33세,경상
2015022700100488,2015년 2월 27일 19시,금요일,광주광역시 광산구 송정동,경상사고,0,0,1,0,차대사람 - 횡단중,신호위반,건조,맑음,교차로 - 교차로부근,승용,여,25세,상해없음,보행자,남,17세,경상
2015022700100489,2015년 2월 27일 19시,금요일,광주광역시 광산구 신가동,경상사고,0,0,6,0,차대차 - 추돌 - 주정차중,안전운전불이행,건조,맑음,단일로 - 기타,승용,남,45세,경상,승용,여,31세,상해없음
2015022700100510,2015년 2월 27일 20시,금요일,광주광역시 남구 방림동,경상사고,0,0,3,0,차대차 - 추돌 - 주정차중,안전거리미확보,건조,맑음,단일로 - 기타,화물,남,56세,상해없음,승용,남,35세,경상
2015022700100511,2015년 2월 27일 20시,금요일,광주광역시 광산구 신가동,경상사고,0,0,1,0,차대차 - 기타,안전운전불이행,건조,맑음,교차로 - 교차로안,원동기,남,20세,상해없음,원동기,남,17세,경상
2015022700100512,2015년 2월 27일 20시,금요일,광주광역시 광산구 신가동,중상사고,0,1,0,0,차대차 - 측면직각충돌,안전거리미확보,건조,맑음,단일로 - 기타,승용,남,55세,상해없음,원동기,남,17세,중상
2015022700100544,2015년 2월 27일 21시,금요일,광주광역시 서구 화정동,중상사고,0,1,0,0,차대차 - 추돌 - 주정차중,안전거리미확보,건조,맑음,단일로 - 기타,승용,남,62세,상해없음,승용,남,59세,중상
2015022700100545,2015년 2월 27일 21시,금요일,광주광역시 서구 치평동,경상사고,0,0,1,0,차대차 - 측면직각충돌,신호위반,건조,맑음,교차로 - 교차로안,승용,남,54세,상해없음,승용,여,47세,경상
2015022700100546,2015년 2월 27일 21시,금요일,광주광역시 남구 진월동,경상사고,0,0,1,0,차대차 - 측면직각충돌,안전거리미확보,건조,맑음,단일로 - 기타,승용,여,47세,기타불명,승용,남,31세,경상
2015022700100577,2015년 2월 27일 22시,금요일,광주광역시 서구 쌍촌동,경상사고,0,0,1,0,차대사람 - 길가장자리구역통행중,안전운전불이행,건조,맑음,교차로 - 교차로부근,승용,남,42세,상해없음,보행자,남,54세,경상
2015022700100608,2015년 2월 27일 23시,금요일,광주광역시 북구 운암동,경상사고,0,0,1,0,차대사람 - 횡단중,안전운전불이행,건조,맑음,교차로 - 교차로부근,화물,남,58세,상해없음,보행자,여,44세,경상
2015022700100609,2015년 2월 27일 23시,금요일,광주광역시 광산구 월계동,경상사고,0,0,4,0,차대차 - 추돌 - 주정차중,안전운전불이행,건조,맑음,단일로 - 기타,승용,남,46세,상해없음,승용,남,52세,경상
2015022700100610,2015년 2월 27일 23시,금요일,광주광역시 광산구 쌍암동,경상사고,0,0,1,0,차대사람 - 차도통행중,안전운전불이행,건조,맑음,단일로 - 기타,승용,남,46세,상해없음,보행자,남,32세,경상
2015022700100611,2015년 2월 27일 23시,금요일,광주광역시 광산구 월곡동,경상사고,0,0,1,0,차대차 - 측면직각충돌,안전거리미확보,건조,맑음,단일로 - 기타,승용,남,32세,상해없음,원동기,남,17세,경상
2015022800100046,2015년 2월 28일 01시,토요일,광주광역시 광산구 산월동,중상사고,0,1,1,0,차대차 - 측면직각충돌,신호위반,건조,맑음,교차로 - 교차로안,승용,남,27세,상해없음,승용,남,58세,경상
2015022800100074,2015년 2월 28일 03시,토요일,광주광역시 서구 쌍촌동,경상사고,0,0,1,0,차대사람 - 기타,안전운전불이행,건조,맑음,단일로 - 기타,승용,남,31세,상해없음,보행자,남,30세,경상
2015022800100087,2015년 2월 28일 04시,토요일,광주광역시 동구 대인동,경상사고,0,0,1,0,차대차 - 추돌 - 진행중,안전거리미확보,건조,기타,단일로 - 횡단보도부근,승용,여,29세,상해없음,승용,남,39세,경상
2015022800100160,2015년 2월 28일 09시,토요일,광주광역시 남구 주월동,경상사고,0,0,1,0,차대차 - 측면직각충돌,신호위반,건조,맑음,교차로 - 교차로부근,이륜,남,57세,상해없음,자전거,남,78세,경상
2015022800100235,2015년 2월 28일 12시,토요일,광주광역시 서구 양동,경상사고,0,0,3,0,차대차 - 측면직각충돌,중앙선침범,건조,맑음,단일로 - 기타,승용,남,58세,상해없음,승용,남,35세,경상
2015022800100236,2015년 2월 28일 12시,토요일,광주광역시 남구 백운동,경상사고,0,0,3,0,차대차 - 측면직각충돌,교차로운행방법위반,건조,맑음,교차로 - 교차로안,승용,남,54세,경상,승용,여,35세,경상
2015022800100263,2015년 2월 28일 13시,토요일,광주광역시 동구 계림동,경상사고,0,0,1,0,차대사람 - 횡단중,안전운전불이행,기타,흐림,단일로 - 기타,승용,남,47세,상해없음,보행자,여,30세,경상
2015022800100315,2015년 2월 28일 15시,토요일,광주광역시 북구 운암동,중상사고,0,1,0,0,차대사람 - 횡단중,안전운전불이행,건조,맑음,교차로 - 교차로부근,승용,남,48세,상해없음,보행자,여,47세,중상
2015022800100316,2015년 2월 28일 15시,토요일,광주광역시 북구 용봉동,경상사고,0,0,1,0,차대차 - 추돌 - 진행중,안전거리미확보,건조,맑음,단일로 - 기타,승용,남,67세,상해없음,이륜,남,41세,경상
2015022800100342,2015년 2월 28일 16시,토요일,광주광역시 서구 치평동,경상사고,0,0,1,0,차대차 - 추돌 - 주정차중,안전운전불이행,건조,맑음,교차로 - 교차로부근,승용,여,38세,상해없음,승용,남,28세,경상
2015022800100367,2015년 2월 28일 17시,토요일,광주광역시 동구 학동,경상사고,0,0,1,0,차대사람 - 기타,기타,건조,흐림,단일로 - 기타,승용,남,44세,상해없음,보행자,남,81세,경상
2015022800100368,2015년 2월 28일 17시,토요일,광주광역시 동구 소태동,경상사고,0,0,1,0,차량단독 - 기타,기타,건조,맑음,단일로 - 기타,승합,남,37세,상해없음,,,,
2015022800100405,2015년 2월 28일 18시,토요일,광주광역시 서구 풍암동,경상사고,0,0,1,0,차대차 - 측면직각충돌,교차로운행방법위반,건조,맑음,교차로 - 교차로안,승용,여,28세,상해없음,자전거,남,14세,경상
2015022800100406,2015년 2월 28일 18시,토요일,광주광역시 서구 농성동,경상사고,0,0,1,0,차대차 - 기타,기타,건조,맑음,단일로 - 기타,승용,여,40세,상해없음,자전거,남,27세,경상
2015022800100455,2015년 2월 28일 19시,토요일,광주광역시 동구 학동,중상사고,0,1,0,0,차량단독 - 기타,기타,건조,맑음,단일로 - 기타,승합,남,56세,상해없음,,,,
2015022800100456,2015년 2월 28일 19시,토요일,광주광역시 광산구 수완동,경상사고,0,0,1,0,차대차 - 측면직각충돌,중앙선침범,습기,비,교차로 - 교차로안,승용,남,50세,상해없음,승용,남,40세,경상
2015022800100482,2015년 2월 28일 20시,토요일,광주광역시 북구 신안동,부상신고사고,0,0,0,1,차대차 - 측면직각충돌,불법유턴,습기,비,단일로 - 기타,승용,남,70세,상해없음,승용,남,28세,부상신고
2015022800100517,2015년 2월 28일 21시,토요일,광주광역시 동구 수기동,경상사고,0,0,1,0,차대사람 - 차도통행중,안전운전불이행,습기,비,단일로 - 기타,승용,여,28세,상해없음,보행자,남,55세,경상
2015022800100554,2015년 2월 28일 22시,토요일,광주광역시 남구 백운동,중상사고,0,1,0,0,차량단독 - 기타,기타,건조,맑음,단일로 - 기타,승합,남,61세,상해없음,,,,
2015022800100555,2015년 2월 28일 22시,토요일,광주광역시 북구 신안동,부상신고사고,0,0,0,1,차대차 - 측면직각충돌,교차로운행방법위반,습기,비,교차로 - 교차로안,승용,남,31세,상해없음,승용,남,29세,부상신고
2015022800100556,2015년 2월 28일 22시,토요일,광주광역시 북구 오치동,경상사고,0,0,2,0,차대차 - 추돌 - 진행중,안전거리미확보,습기,비,단일로 - 기타,승용,남,49세,상해없음,승용,남,24세,상해없음
2015022800100593,2015년 2월 28일 23시,토요일,광주광역시 북구 중흥동,경상사고,0,0,1,0,차대차 - 측면직각충돌,안전운전불이행,습기,비,교차로 - 교차로안,기타불명,기타불명,기타불명,기타불명,이륜,남,18세,경상
2015030100100022,2015년 3월 1일 00시,일요일,광주광역시 동구 소태동,경상사고,0,0,1,0,차대차 - 측면직각충돌,안전운전불이행,습기,비,교차로 - 교차로안,승용,여,46세,경상,건설기계,남,46세,상해없음
2015030100100058,2015년 3월 1일 02시,일요일,광주광역시 서구 광천동,경상사고,0,0,1,0,차대차 - 추돌 - 진행중,안전운전불이행,건조,맑음,단일로 - 기타,기타불명,기타불명,기타불명,기타불명,승용,여,50세,경상
2015030100100059,2015년 3월 1일 02시,일요일,광주광역시 광산구 우산동,경상사고,0,0,1,0,차대차 - 측면직각충돌,신호위반,습기,비,교차로 - 교차로안,승용,남,42세,상해없음,승용,남,28세,상해없음
2015030100100087,2015년 3월 1일 04시,일요일,광주광역시 광산구 쌍암동,경상사고,0,0,2,0,차대차 - 측면직각충돌,안전운전불이행,건조,맑음,교차로 - 교차로안,승용,남,28세,상해없음,승용,남,44세,경상
2015030100100108,2015년 3월 1일 06시,일요일,광주광역시 광산구 도산동,중상사고,0,1,1,0,차대차 - 측면직각충돌,신호위반,습기,비,교차로 - 교차로안,승합,남,59세,상해없음,승용,남,39세,경상
2015030100100135,2015년 3월 1일 08시,일요일,광주광역시 서구 쌍촌동,경상사고,0,0,1,0,차대차 - 측면직각충돌,신호위반,습기,흐림,교차로 - 교차로안,승용,남,73세,상해없음,승용,남,38세,경상
2015030100100136,2015년 3월 1일 08시,일요일,광주광역시 남구 주월동,중상사고,0,1,0,0,차대차 - 측면직각충돌,안전운전불이행,건조,맑음,단일로 - 기타,승용,여,47세,상해없음,원동기,남,29세,중상
2015030100100151,2015년 3월 1일 09시,일요일,광주광역시 서구 치평동,중상사고,0,1,0,0,차대차 - 측면직각충돌,안전운전불이행,습기,비,단일로 - 기타,승용,남,39세,상해없음,이륜,남,46세,중상
2015030100100166,2015년 3월 1일 10시,일요일,광주광역시 광산구 송정동,경상사고,0,0,1,0,차대차 - 측면직각충돌,안전운전불이행,건조,맑음,단일로 - 기타,승용,남,77세,상해없음,승용,여,45세,경상
2015030100100174,2015년 3월 1일 11시,일요일,광주광역시 남구 진월동,중상사고,0,1,3,0,차대차 - 측면직각충돌,중앙선침범,건조,맑음,교차로 - 교차로부근,승용,남,41세,상해없음,승용,남,25세,경상
2015030100100218,2015년 3월 1일 13시,일요일,광주광역시 남구 서동,경상사고,0,0,2,0,차대차 - 측면직각충돌,안전거리미확보,건조,맑음,단일로 - 기타,승용,남,32세,상해없음,승용,여,37세,상해없음
2015030100100320,2015년 3월 1일 17시,일요일,광주광역시 서구 화정동,경상사고,0,0,3,0,차대차 - 추돌 - 진행중,안전거리미확보,건조,맑음,교차로 - 교차로부근,승용,남,48세,상해없음,승용,남,67세,경상
2015030100100343,2015년 3월 1일 18시,일요일,광주광역시 서구 쌍촌동,경상사고,0,0,1,0,차대사람 - 횡단중,안전운전불이행,건조,기타,단일로 - 기타,승용,여,33세,상해없음,보행자,남,23세,경상
2015030100100398,2015년 3월 1일 20시,일요일,광주광역시 동구 대의동,경상사고,0,0,4,0,차대차 - 추돌 - 주정차중,안전운전불이행,건조,흐림,교차로 - 교차로부근,화물,남,24세,상해없음,승용,여,61세,경상
2015030100100399,2015년 3월 1일 20시,일요일,광주광역시 서구 내방동,경상사고,0,0,11,0,차대차 - 추돌 - 주정차중,안전운전불이행,건조,맑음,교차로 - 교차로부근,승용,남,28세,상해없음,승용,남,29세,경상
2015030200100007,2015년 3월 2일 00시,월요일,광주광역시 남구 방림동,경상사고,0,0,1,0,차대차 - 측면직각충돌,안전운전불이행,건조,맑음,단일로 - 기타,승용,남,25세,상해없음,승용,남,65세,경상
2015030200100018,2015년 3월 2일 01시,월요일,광주광역시 서구 금호동,경상사고,0,0,1,0,차대차 - 추돌 - 진행중,차로위반,건조,맑음,교차로 - 교차로부근,승용,남,56세,상해없음,승용,남,59세,경상
2015030200100053,2015년 3월 2일 06시,월요일,광주광역시 북구 문흥동,경상사고,0,0,1,0,차대사람 - 횡단중,안전운전불이행,건조,맑음,단일로 - 기타,화물,남,58세,상해없음,보행자,남,68세,경상
2015030200100076,2015년 3월 2일 07시,월요일,광주광역시 광산구 도산동,중상사고,0,1,0,0,차대사람 - 길가장자리구역통행중,안전운전불이행,건조,맑음,단일로 - 기타,승용,여,41세,상해없음,보행자,여,55세,중상
2015030200100161,2015년 3월 2일 09시,월요일,광주광역시 남구 백운동,경상사고,0,0,1,0,차대차 - 측면직각충돌,교차로운행방법위반,건조,맑음,교차로 - 교차로안,승용,남,65세,기타불명,승용,남,55세,경상
2015030200100162,2015년 3월 2일 09시,월요일,광주광역시 광산구 송정동,경상사고,0,0,2,0,차대차 - 측면직각충돌,안전운전불이행,건조,맑음,단일로 - 기타,원동기,남,80세,경상,승용,남,45세,경상
2015030200100163,2015년 3월 2일 09시,월요일,광주광역시 광산구 산월동,중상사고,0,1,0,0,차대사람 - 횡단중,신호위반,건조,맑음,교차로 - 교차로부근,승용,여,46세,상해없음,보행자,여,20세,중상
2015030200100199,2015년 3월 2일 10시,월요일,광주광역시 서구 농성동,경상사고,0,0,2,0,차대차 - 측면직각충돌,차로위반,건조,맑음,단일로 - 기타,화물,남,74세,경상,승합,남,39세,경상
2015030200100228,2015년 3월 2일 11시,월요일,광주광역시 서구 쌍촌동,경상사고,0,0,1,0,차대차 - 측면직각충돌,안전운전불이행,건조,맑음,교차로 - 교차로안,승합,남,69세,상해없음,승용,남,50세,경상
2015030200100261,2015년 3월 2일 12시,월요일,광주광역시 동구 광산동,경상사고,0,0,3,0,차대차 - 추돌 - 진행중,안전운전불이행,건조,맑음,단일로 - 기타,승용,남,42세,상해없음,승용,남,72세,경상
2015030200100403,2015년 3월 2일 16시,월요일,광주광역시 동구 대인동,경상사고,0,0,3,0,차대차 - 정면충돌,신호위반,건조,맑음,교차로 - 교차로안,승용,남,58세,상해없음,승용,남,46세,경상
2015030200100404,2015년 3월 2일 16시,월요일,광주광역시 광산구 비아동,경상사고,0,0,2,0,차대차 - 측면직각충돌,차로위반,건조,맑음,단일로 - 기타,승용,남,59세,상해없음,화물,남,44세,경상
2015030200100430,2015년 3월 2일 17시,월요일,광주광역시 남구 진월동,경상사고,0,0,1,0,차대차 - 기타,기타,건조,맑음,단일로 - 기타,화물,남,55세,상해없음,승용,여,40세,경상
2015030200100431,2015년 3월 2일 17시,월요일,광주광역시 북구 운암동,중상사고,0,1,0,0,차대차 - 측면직각충돌,안전운전불이행,건조,맑음,단일로 - 기타,이륜,남,60세,중상,승용,여,37세,상해없음
2015030200100504,2015년 3월 2일 19시,월요일,광주광역시 광산구 옥동,중상사고,0,1,1,0,차대차 - 측면직각충돌,안전운전불이행,건조,맑음,교차로 - 교차로부근,화물,남,39세,상해없음,이륜,남,43세,경상
2015030200100579,2015년 3월 2일 22시,월요일,광주광역시 서구 동천동,중상사고,0,1,1,0,차대차 - 추돌 - 진행중,안전거리미확보,건조,맑음,단일로 - 기타,승용,남,33세,상해없음,승용,여,57세,중상
2015030200100580,2015년 3월 2일 22시,월요일,광주광역시 광산구 산월동,경상사고,0,0,3,0,차대차 - 측면직각충돌,신호위반,건조,맑음,교차로 - 교차로안,승용,남,23세,경상,승용,남,24세,경상
2015030200100593,2015년 3월 2일 23시,월요일,광주광역시 동구 계림동,경상사고,0,0,1,0,차대사람 - 횡단중,신호위반,건조,맑음,단일로 - 기타,화물,남,62세,상해없음,보행자,여,30세,경상
2015030300100034,2015년 3월 3일 03시,화요일,광주광역시 남구 월산동,경상사고,0,0,1,0,차대차 - 추돌 - 진행중,안전운전불이행,건조,맑음,단일로 - 기타,승용,남,32세,상해없음,승용,남,47세,경상
2015030300100062,2015년 3월 3일 06시,화요일,광주광역시 서구 쌍촌동,경상사고,0,0,1,0,차대차 - 측면직각충돌,신호위반,건조,맑음,교차로 - 교차로안,승용,남,35세,상해없음,승용,남,66세,경상
2015030300100114,2015년 3월 3일 08시,화요일,광주광역시 동구 대인동,경상사고,0,0,1,0,차대차 - 측면직각충돌,교차로운행방법위반,건조,흐림,교차로 - 교차로안,승용,남,60세,상해없음,승용,남,36세,경상
2015030300100115,2015년 3월 3일 08시,화요일,광주광역시 남구 주월동,중상사고,0,1,0,0,차대사람 - 기타,기타,건조,맑음,단일로 - 기타,승합,남,56세,상해없음,보행자,여,59세,중상
2015030300100139,2015년 3월 3일 09시,화요일,광주광역시 서구 치평동,경상사고,0,0,3,0,차대차 - 추돌 - 진행중,불법유턴,습기,비,단일로 - 기타,승합,남,55세,상해없음,승용,남,35세,경상
2015030300100210,2015년 3월 3일 12시,화요일,광주광역시 동구 대인동,경상사고,0,0,1,0,차대차 - 측면직각충돌,차로위반,습기,비,교차로 - 교차로안,승합,남,52세,상해없음,승용,여,33세,상해없음
2015030300100211,2015년 3월 3일 12시,화요일,광주광역시 서구 풍암동,중상사고,0,1,0,0,차대차 - 측면직각충돌,안전거리미확보,건조,흐림,단일로 - 기타,승용,여,56세,상해없음,화물,남,38세,중상
2015030300100212,2015년 3월 3일 12시,화요일,광주광역시 광산구 월계동,경상사고,0,0,1,0,차대차 - 측면직각충돌,교차로운행방법위반,습기,흐림,교차로 - 교차로안,승용,여,44세,상해없음,승용,여,54세,경상
2015030300100263,2015년 3월 3일 14시,화요일,광주광역시 북구 두암동,중상사고,0,1,0,0,차대사람 - 차도통행중,안전운전불이행,건조,맑음,교차로 - 교차로부근,승합,남,33세,상해없음,보행자,여,46세,중상
2015030300100264,2015년 3월 3일 14시,화요일,광주광역시 광산구 장덕동,경상사고,0,0,1,0,차대차 - 추돌 - 진행중,신호위반,건조,맑음,교차로 - 교차로안,승용,남,41세,상해없음,승용,남,55세,경상
2015030300100298,2015년 3월 3일 15시,화요일,광주광역시 남구 봉선동,중상사고,0,1,0,0,차대사람 - 횡단중,안전운전불이행,건조,맑음,단일로 - 횡단보도상,승용,남,59세,상해없음,보행자,여,11세,중상
2015030300100327,2015년 3월 3일 16시,화요일,광주광역시 동구 산수동,경상사고,0,0,1,0,차대사람 - 길가장자리구역통행중,안전운전불이행,건조,맑음,교차로 - 교차로부근,승용,남,62세,상해없음,보행자,남,43세,경상
2015030300100328,2015년 3월 3일 16시,화요일,광주광역시 광산구 수완동,경상사고,0,0,1,1,차대차 - 측면직각충돌,안전운전불이행,건조,맑음,단일로 - 기타,이륜,남,36세,부상신고,승용,남,51세,경상
2015030300100368,2015년 3월 3일 17시,화요일,광주광역시 북구 효령동,경상사고,0,0,3,0,차대차 - 측면직각충돌,안전운전불이행,건조,맑음,교차로 - 교차로안,승용,남,68세,상해없음,화물,여,55세,경상
2015030300100369,2015년 3월 3일 17시,화요일,광주광역시 광산구 송정동,부상신고사고,0,0,0,1,차대차 - 추돌 - 주정차중,불법유턴,기타,맑음,기타 - 기타,승용,여,48세,상해없음,승용,남,48세,부상신고
2015030300100411,2015년 3월 3일 18시,화요일,광주광역시 동구 월남동,경상사고,0,0,1,0,차대차 - 추돌 - 진행중,차로위반,건조,기타,기타 - 기타,승용,남,41세,상해없음,승용,남,63세,경상
2015030300100412,2015년 3월 3일 18시,화요일,광주광역시 북구 두암동,경상사고,0,0,1,0,차대사람 - 차도통행중,중앙선침범,습기,비,단일로 - 기타,승용,기타불명,기타불명,기타불명,보행자,남,31세,경상
2015030300100464,2015년 3월 3일 19시,화요일,광주광역시 북구 용봉동,경상사고,0,0,1,0,차대차 - 추돌 - 주정차중,안전운전불이행,습기,비,교차로 - 교차로부근,승용,남,49세,기타불명,승용,남,46세,경상
2015030300100493,2015년 3월 3일 20시,화요일,광주광역시 서구 동천동,경상사고,0,0,1,0,차대차 - 측면직각충돌,교차로운행방법위반,습기,비,교차로 - 교차로안,승용,남,48세,상해없음,화물,남,24세,경상
2015030300100520,2015년 3월 3일 21시,화요일,광주광역시 남구 월산동,경상사고,0,0,1,0,차대사람 - 횡단중,안전운전불이행,건조,맑음,교차로 - 교차로안,승용,남,39세,상해없음,보행자,남,56세,경상
2015030300100521,2015년 3월 3일 21시,화요일,광주광역시 광산구 신가동,중상사고,0,1,0,0,차대차 - 정면충돌,중앙선침범,습기,비,단일로 - 기타,승용,남,42세,상해없음,원동기,남,39세,중상
2015030300100522,2015년 3월 3일 21시,화요일,광주광역시 광산구 산정동,경상사고,0,0,1,0,차대차 - 추돌 - 주정차중,안전운전불이행,건조,맑음,단일로 - 기타,승용,남,31세,상해없음,승용,남,51세,경상
2015030300100523,2015년 3월 3일 21시,화요일,광주광역시 광산구 신가동,중상사고,0,1,0,0,차대사람 - 횡단중,안전운전불이행,건조,맑음,교차로 - 교차로부근,승용,남,22세,상해없음,보행자,여,48세,중상
2015030300100595,2015년 3월 3일 23시,화요일,광주광역시 광산구 쌍암동,경상사고,0,0,2,0,차대차 - 정면충돌,신호위반,건조,맑음,교차로 - 교차로안,승용,여,46세,상해없음,승용,남,59세,경상
2015030400100057,2015년 3월 4일 05시,수요일,광주광역시 북구 각화동,사망사고,1,0,0,0,차대사람 - 횡단중,안전운전불이행,건조,맑음,단일로 - 횡단보도상,화물,남,60세,상해없음,보행자,여,75세,사망
2015030400100096,2015년 3월 4일 07시,수요일,광주광역시 광산구 산월동,경상사고,0,0,2,0,차대차 - 추돌 - 진행중,안전거리미확보,건조,맑음,단일로 - 기타,승용,여,37세,상해없음,승용,남,44세,경상
2015030400100138,2015년 3월 4일 08시,수요일,광주광역시 동구 학동,중상사고,0,2,0,0,차대차 - 측면직각충돌,안전거리미확보,건조,맑음,교차로 - 교차로안,승용,남,50세,상해없음,이륜,남,61세,중상
2015030400100139,2015년 3월 4일 08시,수요일,광주광역시 북구 동림동,경상사고,0,0,1,0,차대차 - 측면직각충돌,안전거리미확보,건조,맑음,단일로 - 기타,승용,여,42세,상해없음,이륜,남,23세,경상
2015030400100171,2015년 3월 4일 09시,수요일,광주광역시 서구 마륵동,경상사고,0,0,1,0,차대사람 - 차도통행중,안전운전불이행,건조,맑음,교차로 - 교차로안,승용,여,45세,상해없음,보행자,남,51세,경상
2015030400100172,2015년 3월 4일 09시,수요일,광주광역시 서구 쌍촌동,경상사고,0,0,2,0,차대사람 - 차도통행중,안전운전불이행,건조,맑음,단일로 - 기타,승용,남,58세,상해없음,보행자,여,41세,경상
2015030400100216,2015년 3월 4일 11시,수요일,광주광역시 북구 각화동,경상사고,0,0,1,0,차대차 - 측면직각충돌,기타,건조,맑음,단일로 - 기타,화물,남,23세,상해없음,승용,남,24세,경상