사고번호,사고일시,요일,시군구,사고내용,사망자수,중상자수,경상자수,부상신고자수,사고유형,법규위반,노면상태,기상상태,도로형태,가해운전자 차종,가해운전자 성별,가해운전자 연령,가해운전자 상해정도,피해운전자 차종,피해운전자 성별,피해운전자 연령,피해운전자 상해정도
2015030400100294,2015년 3월 4일 14시,수요일,광주광역시 서구 매월동,경상사고,0,0,2,0,차대차 - 정면충돌,안전운전불이행,건조,맑음,단일로 - 기타,승용,여,53세,상해없음,승용,남,23세,경상
2015030400100295,2015년 3월 4일 14시,수요일,광주광역시 북구 각화동,경상사고,0,0,1,0,차대차 - 측면직각충돌,신호위반,건조,맑음,교차로 - 교차로안,승용,여,64세,상해없음,승합,남,64세,상해없음
2015030400100393,2015년 3월 4일 17시,수요일,광주광역시 북구 양산동,경상사고,0,0,1,0,차대차 - 측면직각충돌,직진우회전진행방해,건조,맑음,교차로 - 교차로안,승용,여,33세,상해없음,승용,여,61세,경상
2015030400100395,2015년 3월 4일 17시,수요일,광주광역시 북구 임동,경상사고,0,0,1,0,차대사람 - 기타,안전운전불이행,건조,맑음,단일로 - 기타,이륜,남,40세,상해없음,보행자,여,45세,경상
2015030400100441,2015년 3월 4일 18시,수요일,광주광역시 서구 치평동,경상사고,0,0,3,0,차대차 - 측면직각충돌,직진우회전진행방해,건조,맑음,교차로 - 교차로안,승용,남,35세,경상,승용,남,46세,경상
2015030400100442,2015년 3월 4일 18시,수요일,광주광역시 남구 진월동,경상사고,0,0,1,0,차대차 - 측면직각충돌,안전운전불이행,건조,맑음,기타 - 기타,화물,남,46세,상해없음,승용,여,28세,경상
2015030400100443,2015년 3월 4일 18시,수요일,광주광역시 남구 송하동,경상사고,0,0,1,0,차대차 - 추돌 - 주정차중,안전운전불이행,건조,맑음,교차로 - 교차로부근,승용,여,37세,상해없음,승용,여,33세,경상
2015030400100444,2015년 3월 4일 18시,수요일,광주광역시 남구 방림동,경상사고,0,0,1,0,차대차 - 측면직각충돌,차로위반,건조,흐림,단일로 - 기타,화물,남,57세,기타불명,승용,여,40세,경상
2015030400100474,2015년 3월 4일 19시,수요일,광주광역시 남구 주월동,경상사고,0,0,1,0,차대사람 - 횡단중,안전운전불이행,건조,흐림,교차로 - 교차로부근,승용,여,53세,상해없음,보행자,남,56세,경상
2015030400100475,2015년 3월 4일 19시,수요일,광주광역시 남구 진월동,경상사고,0,0,2,0,차대차 - 측면직각충돌,중앙선침범,건조,맑음,단일로 - 기타,승용,여,56세,상해없음,승용,남,24세,경상
2015030400100476,2015년 3월 4일 19시,수요일,광주광역시 남구 진월동,경상사고,0,0,1,0,차대차 - 측면직각충돌,안전거리미확보,건조,맑음,단일로 - 기타,승용,여,55세,상해없음,승용,여,28세,경상
2015030400100513,2015년 3월 4일 20시,수요일,광주광역시 광산구 신창동,경상사고,0,0,1,0,차대사람 - 횡단중,중앙선침범,건조,맑음,단일로 - 기타,승용,남,43세,상해없음,보행자,남,39세,경상
2015030400100553,2015년 3월 4일 21시,수요일,광주광역시 북구 유동,경상사고,0,0,3,0,차대차 - 추돌 - 주정차중,안전운전불이행,건조,맑음,단일로 - 기타,승용,남,51세,상해없음,승용,여,57세,경상
2015030400100582,2015년 3월 4일 22시,수요일,광주광역시 서구 유촌동,경상사고,0,0,1,0,차대차 - 추돌 - 주정차중,안전운전불이행,건조,맑음,교차로 - 교차로부근,승용,남,46세,상해없음,승용,남,30세,경상
2015030400100612,2015년 3월 4일 23시,수요일,광주광역시 북구 용봉동,경상사고,0,0,2,0,차대차 - 측면직각충돌,안전운전불이행,건조,맑음,단일로 - 기타,승용,남,32세,상해없음,승용,남,53세,상해없음
2015030500100016,2015년 3월 5일 00시,목요일,광주광역시 광산구 월계동,경상사고,0,0,1,0,차대차 - 측면직각충돌,교차로운행방법위반,건조,맑음,교차로 - 교차로안,승용,남,35세,상해없음,승용,남,63세,경상
2015030500100037,2015년 3월 5일 02시,목요일,광주광역시 북구 운암동,경상사고,0,0,4,0,차대차 - 추돌 - 진행중,안전운전불이행,건조,맑음,교차로 - 교차로부근,승용,남,26세,상해없음,승용,남,34세,경상
2015030500100136,2015년 3월 5일 08시,목요일,광주광역시 서구 치평동,중상사고,0,1,0,0,차대사람 - 횡단중,안전운전불이행,건조,맑음,교차로 - 교차로부근,화물,남,27세,상해없음,보행자,남,78세,중상
2015030500100137,2015년 3월 5일 08시,목요일,광주광역시 남구 주월동,경상사고,0,0,1,0,차대사람 - 기타,안전운전불이행,건조,맑음,단일로 - 기타,승용,남,55세,상해없음,보행자,남,19세,경상
2015030500100138,2015년 3월 5일 08시,목요일,광주광역시 광산구 우산동,경상사고,0,0,2,0,차대차 - 측면직각충돌,교차로운행방법위반,건조,맑음,교차로 - 교차로안,승용,남,64세,경상,승용,남,57세,경상
2015030500100174,2015년 3월 5일 09시,목요일,광주광역시 북구 용봉동,경상사고,0,0,1,0,차대차 - 측면직각충돌,차로위반,건조,맑음,교차로 - 교차로부근,화물,남,60세,상해없음,승용,남,35세,경상
2015030500100241,2015년 3월 5일 12시,목요일,광주광역시 남구 백운동,경상사고,0,0,1,0,차대차 - 기타,안전운전불이행,건조,맑음,교차로 - 교차로부근,승합,남,60세,상해없음,승합,남,55세,상해없음
2015030500100311,2015년 3월 5일 14시,목요일,광주광역시 남구 봉선동,부상신고사고,0,0,0,1,차대차 - 측면직각충돌,신호위반,건조,맑음,교차로 - 교차로안,이륜,남,18세,부상신고,승용,여,43세,상해없음
2015030500100352,2015년 3월 5일 15시,목요일,광주광역시 북구 신안동,경상사고,0,0,2,0,차대차 - 측면직각충돌,교차로운행방법위반,건조,맑음,교차로 - 교차로안,이륜,남,67세,경상,승용,남,49세,경상
2015030500100377,2015년 3월 5일 16시,목요일,광주광역시 북구 문흥동,경상사고,0,0,1,0,차대차 - 측면직각충돌,안전거리미확보,건조,맑음,단일로 - 기타,승용,여,42세,상해없음,승용,남,49세,경상
2015030500100387,2015년 3월 5일 16시,목요일,광주광역시 서구 쌍촌동,중상사고,0,1,0,0,차대사람 - 횡단중,보행자보호의무위반,건조,맑음,단일로 - 기타,승합,남,37세,상해없음,보행자,남,9세,중상
2015030500100388,2015년 3월 5일 16시,목요일,광주광역시 광산구 송정동,경상사고,0,0,1,0,차대차 - 추돌 - 주정차중,안전운전불이행,건조,맑음,단일로 - 기타,승용,남,50세,상해없음,승용,남,36세,상해없음
2015030500100414,2015년 3월 5일 17시,목요일,광주광역시 북구 양산동,중상사고,0,1,0,0,차대사람 - 기타,안전운전불이행,건조,맑음,단일로 - 기타,승합,남,52세,상해없음,보행자,여,84세,중상
2015030500100415,2015년 3월 5일 17시,목요일,광주광역시 광산구 신창동,경상사고,0,0,1,0,차대차 - 측면직각충돌,안전운전불이행,건조,맑음,교차로 - 교차로안,승용,남,47세,상해없음,이륜,남,20세,경상
2015030500100537,2015년 3월 5일 20시,목요일,광주광역시 서구 유촌동,경상사고,0,0,1,0,차대차 - 추돌 - 진행중,안전운전불이행,건조,맑음,교차로 - 교차로부근,승용,남,41세,상해없음,승용,남,49세,경상
2015030500100538,2015년 3월 5일 20시,목요일,광주광역시 북구 두암동,부상신고사고,0,0,0,1,차대사람 - 길가장자리구역통행중,안전운전불이행,건조,맑음,단일로 - 기타,승용,기타불명,기타불명,기타불명,보행자,남,56세,부상신고
2015030500100539,2015년 3월 5일 20시,목요일,광주광역시 북구 용봉동,경상사고,0,0,2,0,차대사람 - 차도통행중,안전운전불이행,건조,맑음,교차로 - 교차로안,이륜,남,18세,상해없음,보행자,여,26세,경상
2015030500100540,2015년 3월 5일 20시,목요일,광주광역시 광산구 신가동,중상사고,0,1,0,0,차대사람 - 차도통행중,안전운전불이행,건조,맑음,단일로 - 기타,원동기,남,23세,상해없음,보행자,남,49세,중상
2015030500100590,2015년 3월 5일 22시,목요일,광주광역시 서구 치평동,경상사고,0,0,1,0,차대사람 - 차도통행중,교차로운행방법위반,건조,맑음,교차로 - 교차로안,승용,남,38세,상해없음,보행자,남,30세,경상
2015030500100591,2015년 3월 5일 22시,목요일,광주광역시 북구 각화동,부상신고사고,0,0,0,1,차대사람 - 길가장자리구역통행중,안전운전불이행,건조,맑음,단일로 - 기타,승용,기타불명,기타불명,기타불명,보행자,남,13세,부상신고
2015030500100592,2015년 3월 5일 22시,목요일,광주광역시 북구 용봉동,경상사고,0,0,5,0,차대차 - 측면직각충돌,교차로운행방법위반,건조,맑음,교차로 - 교차로안,승용,남,60세,상해없음,승합,남,52세,상해없음
2015030500100593,2015년 3월 5일 22시,목요일,광주광역시 광산구 하남동,경상사고,0,0,1,1,차대차 - 측면직각충돌,안전거리미확보,건조,맑음,교차로 - 교차로부근,승용,여,20세,부상신고,승합,남,56세,경상
2015030500100617,2015년 3월 5일 23시,목요일,광주광역시 서구 유촌동,경상사고,0,0,2,0,차대차 - 측면직각충돌,안전운전불이행,건조,맑음,단일로 - 기타,승용,남,22세,상해없음,승합,여,43세,경상
2015030600100014,2015년 3월 6일 00시,금요일,광주광역시 남구 양림동,경상사고,0,0,1,0,차대차 - 측면직각충돌,안전운전불이행,건조,맑음,교차로 - 교차로안,승용,남,32세,상해없음,승용,남,26세,경상
2015030600100028,2015년 3월 6일 02시,금요일,광주광역시 서구 쌍촌동,부상신고사고,0,0,0,1,차대차 - 측면직각충돌,안전운전불이행,건조,맑음,단일로 - 기타,승용,남,35세,상해없음,승용,남,27세,부상신고
2015030600100034,2015년 3월 6일 03시,금요일,광주광역시 북구 유동,경상사고,0,0,5,0,차대차 - 측면직각충돌,신호위반,건조,맑음,교차로 - 교차로안,승용,남,55세,상해없음,승용,남,33세,경상
2015030600100196,2015년 3월 6일 10시,금요일,광주광역시 동구 대인동,경상사고,0,0,1,0,차대사람 - 횡단중,안전운전불이행,건조,맑음,단일로 - 기타,승용,여,53세,상해없음,보행자,남,53세,경상
2015030600100197,2015년 3월 6일 10시,금요일,광주광역시 서구 치평동,중상사고,0,1,0,0,차대차 - 측면직각충돌,신호위반,건조,맑음,교차로 - 교차로안,승용,남,50세,상해없음,이륜,남,62세,중상
2015030600100198,2015년 3월 6일 10시,금요일,광주광역시 서구 치평동,경상사고,0,0,18,0,차대차 - 추돌 - 주정차중,안전운전불이행,건조,맑음,단일로 - 기타,승합,남,50세,상해없음,승합,남,59세,경상
2015030600100219,2015년 3월 6일 11시,금요일,광주광역시 서구 매월동,경상사고,0,0,1,0,차대사람 - 차도통행중,안전운전불이행,건조,맑음,단일로 - 기타,화물,남,55세,상해없음,보행자,남,57세,경상
2015030600100220,2015년 3월 6일 11시,금요일,광주광역시 광산구 쌍암동,중상사고,0,2,4,0,차대차 - 측면직각충돌,신호위반,건조,맑음,교차로 - 교차로안,승용,남,50세,경상,승용,남,23세,중상
2015030600100267,2015년 3월 6일 13시,금요일,광주광역시 북구 중흥동,경상사고,0,0,1,0,차대사람 - 차도통행중,안전운전불이행,건조,맑음,교차로 - 교차로부근,승용,남,49세,기타불명,보행자,여,30세,경상
2015030600100268,2015년 3월 6일 13시,금요일,광주광역시 광산구 수완동,경상사고,0,0,2,0,차대차 - 추돌 - 진행중,안전운전불이행,건조,맑음,단일로 - 기타,화물,남,55세,상해없음,승용,남,31세,경상
2015030600100292,2015년 3월 6일 14시,금요일,광주광역시 동구 광산동,경상사고,0,0,1,0,차대사람 - 기타,안전운전불이행,건조,맑음,기타 - 기타,승용,남,23세,상해없음,보행자,여,29세,경상
2015030600100293,2015년 3월 6일 14시,금요일,광주광역시 동구 금남로1가,경상사고,0,0,1,0,차대차 - 기타,차로위반,건조,맑음,기타 - 기타,승용,남,43세,상해없음,승합,남,60세,상해없음
2015030600100337,2015년 3월 6일 15시,금요일,광주광역시 동구 금남로2가,경상사고,0,0,1,0,차대차 - 기타,안전거리미확보,건조,맑음,단일로 - 기타,승용,남,19세,상해없음,승용,남,50세,상해없음
2015030600100338,2015년 3월 6일 15시,금요일,광주광역시 남구 구동,경상사고,0,0,1,0,차대사람 - 길가장자리구역통행중,안전운전불이행,건조,맑음,단일로 - 기타,승용,남,63세,상해없음,보행자,남,62세,경상
2015030600100339,2015년 3월 6일 15시,금요일,광주광역시 북구 양산동,경상사고,0,0,2,0,차대차 - 측면직각충돌,안전운전불이행,건조,맑음,단일로 - 기타,화물,남,56세,경상,화물,남,34세,경상
2015030600100380,2015년 3월 6일 16시,금요일,광주광역시 서구 풍암동,경상사고,0,0,2,0,차대차 - 추돌 - 진행중,안전거리미확보,건조,맑음,단일로 - 기타,승용,여,30세,상해없음,승용,여,53세,경상
2015030600100381,2015년 3월 6일 16시,금요일,광주광역시 북구 문흥동,중상사고,0,1,0,0,차대사람 - 횡단중,안전운전불이행,건조,맑음,교차로 - 교차로안,승용,여,56세,상해없음,보행자,여,58세,중상
2015030600100419,2015년 3월 6일 17시,금요일,광주광역시 남구 방림동,경상사고,0,0,1,0,차대차 - 추돌 - 진행중,교차로운행방법위반,건조,맑음,교차로 - 교차로안,승용,남,56세,상해없음,승용,여,38세,경상
2015030600100464,2015년 3월 6일 18시,금요일,광주광역시 서구 매월동,경상사고,0,0,2,0,차대차 - 추돌 - 진행중,안전운전불이행,건조,맑음,교차로 - 교차로안,승용,남,32세,상해없음,승용,남,49세,경상
2015030600100465,2015년 3월 6일 18시,금요일,광주광역시 광산구 도산동,경상사고,0,0,1,0,차대차 - 추돌 - 진행중,안전거리미확보,건조,맑음,단일로 - 기타,승합,남,40세,상해없음,승용,여,23세,경상
2015030600100498,2015년 3월 6일 19시,금요일,광주광역시 북구 연제동,경상사고,0,0,1,0,차대차 - 추돌 - 진행중,안전운전불이행,건조,맑음,단일로 - 기타,승용,남,55세,상해없음,승용,여,45세,경상
2015030600100562,2015년 3월 6일 21시,금요일,광주광역시 서구 유촌동,중상사고,0,1,0,1,차대차 - 측면직각충돌,안전운전불이행,건조,맑음,단일로 - 기타,승용,남,33세,부상신고,승용,남,31세,중상
2015030600100563,2015년 3월 6일 21시,금요일,광주광역시 북구 운암동,경상사고,0,0,1,0,차대차 - 추돌 - 주정차중,안전거리미확보,건조,맑음,단일로 - 기타,승용,남,21세,상해없음,승용,남,39세,경상
2015030600100595,2015년 3월 6일 22시,금요일,광주광역시 남구 진월동,경상사고,0,0,1,0,차대차 - 기타,기타,건조,맑음,단일로 - 기타,승용,남,50세,상해없음,원동기,남,20세,경상
2015030600100596,2015년 3월 6일 22시,금요일,광주광역시 북구 동림동,경상사고,0,0,1,0,차대차 - 기타,안전운전불이행,건조,맑음,단일로 - 기타,승용,여,68세,상해없음,원동기,남,43세,기타불명
2015030700100027,2015년 3월 7일 00시,토요일,광주광역시 북구 용봉동,경상사고,0,0,1,0,차대사람 - 길가장자리구역통행중,안전운전불이행,건조,맑음,단일로 - 기타,승용,남,58세,상해없음,보행자,남,21세,경상
2015030700100028,2015년 3월 7일 00시,토요일,광주광역시 광산구 산월동,경상사고,0,0,2,0,차대차 - 추돌 - 진행중,신호위반,건조,맑음,교차로 - 교차로안,화물,남,43세,상해없음,승용,남,37세,경상
2015030700100052,2015년 3월 7일 01시,토요일,광주광역시 북구 신용동,경상사고,0,0,1,0,차대차 - 정면충돌,중앙선침범,건조,맑음,단일로 - 기타,승용,남,50세,상해없음,승용,남,47세,경상
2015030700100053,2015년 3월 7일 01시,토요일,광주광역시 광산구 우산동,중상사고,0,2,1,0,차대차 - 측면직각충돌,신호위반,건조,맑음,교차로 - 교차로안,승용,남,62세,경상,승용,남,19세,중상
2015030700100094,2015년 3월 7일 03시,토요일,광주광역시 남구 양림동,중상사고,0,1,6,1,차대차 - 기타,신호위반,건조,맑음,교차로 - 교차로안,승용,남,22세,중상,승용,남,57세,경상
2015030700100105,2015년 3월 7일 04시,토요일,광주광역시 서구 쌍촌동,경상사고,0,0,2,0,차량단독 - 공작물충돌,안전운전불이행,건조,맑음,교차로 - 교차로부근,승용,남,18세,상해없음,,,,
2015030700100106,2015년 3월 7일 04시,토요일,광주광역시 북구 운암동,경상사고,0,0,2,0,차대차 - 측면직각충돌,안전운전불이행,건조,맑음,단일로 - 기타,승용,남,24세,상해없음,승용,남,39세,경상
2015030700100107,2015년 3월 7일 04시,토요일,광주광역시 광산구 수완동,경상사고,0,0,2,0,차대차 - 측면직각충돌,신호위반,건조,맑음,교차로 - 교차로안,승용,남,30세,경상,승용,여,43세,경상
2015030700100139,2015년 3월 7일 07시,토요일,광주광역시 광산구 서봉동,경상사고,0,0,1,0,차대차 - 측면직각충돌,기타,건조,맑음,단일로 - 터널,승용,남,31세,상해없음,화물,남,36세,경상
2015030700100166,2015년 3월 7일 08시,토요일,광주광역시 광산구 우산동,경상사고,0,0,1,0,차대차 - 추돌 - 진행중,안전거리미확보,건조,맑음,교차로 - 교차로부근,승용,남,48세,상해없음,승용,여,31세,경상
2015030700100214,2015년 3월 7일 10시,토요일,광주광역시 북구 유동,경상사고,0,0,1,0,차대사람 - 차도통행중,안전운전불이행,건조,맑음,단일로 - 횡단보도상,기타불명,기타불명,기타불명,기타불명,보행자,남,73세,경상
2015030700100215,2015년 3월 7일 10시,토요일,광주광역시 북구 유동,경상사고,0,0,2,0,차대차 - 추돌 - 진행중,안전운전불이행,건조,맑음,단일로 - 기타,승용,남,53세,경상,승용,남,76세,경상
2015030700100246,2015년 3월 7일 11시,토요일,광주광역시 서구 내방동,중상사고,0,1,0,0,차대사람 - 횡단중,안전운전불이행,건조,맑음,단일로 - 기타,승합,남,57세,상해없음,보행자,여,66세,중상
2015030700100355,2015년 3월 7일 15시,토요일,광주광역시 광산구 비아동,경상사고,0,0,1,0,차대차 - 추돌 - 진행중,안전운전불이행,건조,맑음,기타 - 기타,승용,기타불명,기타불명,기타불명,이륜,기타불명,기타불명,기타불명
2015030700100380,2015년 3월 7일 16시,토요일,광주광역시 서구 농성동,경상사고,0,0,1,0,차대차 - 기타,안전거리미확보,건조,맑음,단일로 - 기타,기타불명,기타불명,기타불명,기타불명,승용,여,59세,경상
2015030700100381,2015년 3월 7일 16시,토요일,광주광역시 서구 농성동,경상사고,0,0,3,0,차대차 - 추돌 - 진행중,안전거리미확보,건조,맑음,단일로 - 기타,승용,남,58세,경상,승용,남,31세,경상
2015030700100415,2015년 3월 7일 17시,토요일,광주광역시 남구 서동,경상사고,0,0,1,0,차대차 - 측면직각충돌,중앙선침범,건조,맑음,단일로 - 기타,승용,여,27세,기타불명,원동기,남,22세,경상
2015030700100416,2015년 3월 7일 17시,토요일,광주광역시 남구 백운동,경상사고,0,0,1,0,차대차 - 측면직각충돌,차로위반,건조,맑음,단일로 - 기타,승용,남,69세,상해없음,승용,남,37세,상해없음
2015030700100417,2015년 3월 7일 17시,토요일,광주광역시 남구 방림동,경상사고,0,0,1,0,차대차 - 측면직각충돌,안전거리미확보,건조,맑음,단일로 - 기타,승용,남,44세,상해없음,승용,여,51세,경상
2015030700100454,2015년 3월 7일 18시,토요일,광주광역시 북구 두암동,중상사고,0,1,8,0,차대차 - 추돌 - 주정차중,안전운전불이행,건조,맑음,교차로 - 교차로부근,승용,남,47세,중상,승용,남,54세,경상
2015030700100496,2015년 3월 7일 19시,토요일,광주광역시 북구 매곡동,경상사고,0,0,4,0,차대차 - 측면직각충돌,안전운전불이행,건조,맑음,단일로 - 기타,이륜,남,32세,경상,승용,남,45세,경상
2015030700100550,2015년 3월 7일 21시,토요일,광주광역시 동구 광산동,중상사고,0,1,0,0,차대사람 - 길가장자리구역통행중,안전운전불이행,건조,맑음,단일로 - 기타,승용,남,22세,상해없음,보행자,남,43세,중상
2015030700100581,2015년 3월 7일 22시,토요일,광주광역시 광산구 산정동,경상사고,0,0,1,0,차대사람 - 차도통행중,안전운전불이행,건조,맑음,단일로 - 기타,승용,기타불명,기타불명,기타불명,보행자,남,43세,상해없음
2015030700100601,2015년 3월 7일 23시,토요일,광주광역시 서구 치평동,경상사고,0,0,2,0,차대차 - 측면직각충돌,직진우회전진행방해,건조,맑음,교차로 - 교차로안,승용,남,64세,경상,승용,남,29세,경상
2015030700100602,2015년 3월 7일 23시,토요일,광주광역시 남구 노대동,경상사고,0,0,1,0,차대사람 - 길가장자리구역통행중,안전운전불이행,건조,맑음,교차로 - 교차로부근,승용,여,41세,상해없음,보행자,남,51세,경상
2015030800100021,2015년 3월 8일 00시,일요일,광주광역시 북구 두암동,경상사고,0,0,2,0,차대차 - 측면직각충돌,안전운전불이행,건조,맑음,단일로 - 기타,승용,남,34세,상해없음,승용,남,45세,경상
2015030800100022,2015년 3월 8일 00시,일요일,광주광역시 북구 운암동,경상사고,0,0,1,0,차대차 - 측면직각충돌,안전거리미확보,건조,맑음,단일로 - 기타,승용,남,30세,상해없음,승용,남,52세,경상
2015030800100023,2015년 3월 8일 00시,일요일,광주광역시 광산구 선암동,경상사고,0,0,1,0,차대차 - 측면직각충돌,신호위반,건조,맑음,교차로 - 교차로안,승용,남,18세,상해없음,화물,남,22세,경상
2015030800100070,2015년 3월 8일 03시,일요일,광주광역시 동구 서석동,경상사고,0,0,4,0,차대차 - 추돌 - 주정차중,안전운전불이행,건조,기타,교차로 - 교차로부근,승용,남,21세,상해없음,승용,남,59세,경상
2015030800100081,2015년 3월 8일 05시,일요일,광주광역시 동구 학동,경상사고,0,0,6,0,차대차 - 측면직각충돌,신호위반,건조,맑음,교차로 - 교차로안,승용,남,59세,상해없음,승용,남,22세,경상
2015030800100103,2015년 3월 8일 07시,일요일,광주광역시 서구 광천동,중상사고,0,1,0,0,차대차 - 측면직각충돌,불법유턴,건조,맑음,단일로 - 기타,자전거,남,89세,중상,승용,여,62세,상해없음
2015030800100127,2015년 3월 8일 09시,일요일,광주광역시 남구 월산동,경상사고,0,0,2,0,차대차 - 추돌 - 진행중,안전거리미확보,건조,맑음,단일로 - 기타,승용,여,38세,상해없음,승용,여,35세,경상
2015030800100151,2015년 3월 8일 10시,일요일,광주광역시 북구 양산동,중상사고,0,1,0,1,차대차 - 측면직각충돌,안전운전불이행,건조,맑음,단일로 - 횡단보도상,승용,남,71세,부상신고,자전거,남,67세,중상
2015030800100180,2015년 3월 8일 11시,일요일,광주광역시 서구 쌍촌동,중상사고,0,1,0,0,차대차 - 측면직각충돌,안전운전불이행,건조,맑음,교차로 - 교차로부근,승용,남,69세,상해없음,자전거,남,53세,중상
2015030800100194,2015년 3월 8일 12시,일요일,광주광역시 북구 우산동,경상사고,0,0,1,0,차대차 - 측면직각충돌,안전거리미확보,건조,맑음,교차로 - 교차로부근,승용,남,54세,상해없음,승용,남,25세,경상
2015030800100297,2015년 3월 8일 16시,일요일,광주광역시 북구 충효동,중상사고,0,1,0,0,차대사람 - 기타,안전운전불이행,건조,맑음,단일로 - 기타,승용,여,28세,상해없음,보행자,여,9세,중상
2015030800100298,2015년 3월 8일 16시,일요일,광주광역시 광산구 하남동,경상사고,0,0,1,0,차대차 - 측면직각충돌,중앙선침범,건조,맑음,교차로 - 교차로부근,승용,남,52세,상해없음,이륜,여,46세,경상
2015030800100299,2015년 3월 8일 16시,일요일,광주광역시 광산구 송정동,부상신고사고,0,0,0,1,차대차 - 추돌 - 진행중,안전운전불이행,건조,맑음,단일로 - 기타,화물,기타불명,기타불명,기타불명,자전거,여,55세,부상신고
2015030800100326,2015년 3월 8일 17시,일요일,광주광역시 남구 양림동,경상사고,0,0,1,0,차대사람 - 횡단중,안전운전불이행,건조,맑음,교차로 - 교차로부근,승합,기타불명,기타불명,기타불명,보행자,여,22세,경상
2015030800100358,2015년 3월 8일 18시,일요일,광주광역시 북구 중흥동,경상사고,0,0,1,0,차대차 - 측면직각충돌,안전운전불이행,건조,맑음,교차로 - 교차로안,승용,남,68세,상해없음,승용,남,33세,경상
2015030800100359,2015년 3월 8일 18시,일요일,광주광역시 광산구 신창동,경상사고,0,0,2,0,차대차 - 추돌 - 주정차중,안전운전불이행,건조,맑음,교차로 - 교차로부근,승용,남,51세,상해없음,승용,남,41세,경상
2015030800100390,2015년 3월 8일 19시,일요일,광주광역시 북구 풍향동,경상사고,0,0,3,0,차대차 - 추돌 - 진행중,안전거리미확보,건조,맑음,단일로 - 기타,화물,남,63세,상해없음,승용,남,46세,경상
2015030800100419,2015년 3월 8일 20시,일요일,광주광역시 북구 신안동,경상사고,0,0,1,0,차대차 - 기타,신호위반,건조,맑음,교차로 - 교차로안,승용,여,49세,상해없음,승용,남,38세,경상
2015030800100420,2015년 3월 8일 20시,일요일,광주광역시 북구 유동,경상사고,0,0,4,0,차대차 - 측면직각충돌,차로위반,건조,맑음,단일로 - 기타,승용,여,54세,기타불명,승용,남,31세,경상
2015030800100480,2015년 3월 8일 23시,일요일,광주광역시 서구 치평동,경상사고,0,0,1,0,차대차 - 측면직각충돌,중앙선침범,건조,맑음,단일로 - 기타,승용,남,59세,상해없음,승용,남,33세,경상
2015030800100481,2015년 3월 8일 23시,일요일,광주광역시 남구 서동,경상사고,0,0,3,0,차대차 - 측면직각충돌,신호위반,건조,맑음,교차로 - 교차로안,승용,남,55세,상해없음,승용,남,52세,경상
2015030900100030,2015년 3월 9일 05시,월요일,광주광역시 동구 지산동,사망사고,1,0,0,0,차대사람 - 횡단중,안전운전불이행,습기,비,단일로 - 기타,화물,남,68세,상해없음,보행자,여,70세,사망
2015030900100041,2015년 3월 9일 06시,월요일,광주광역시 북구 누문동,경상사고,0,0,3,0,차대차 - 측면직각충돌,신호위반,건조,맑음,교차로 - 교차로안,승용,남,59세,상해없음,승용,남,33세,경상
2015030900100107,2015년 3월 9일 08시,월요일,광주광역시 서구 치평동,경상사고,0,0,1,0,차량단독 - 기타,안전운전불이행,건조,맑음,교차로 - 교차로부근,승용,남,54세,상해없음,,,,
2015030900100108,2015년 3월 9일 08시,월요일,광주광역시 북구 용봉동,경상사고,0,0,9,0,차대차 - 추돌 - 진행중,안전운전불이행,건조,맑음,교차로 - 교차로부근,승용,남,32세,경상,승용,남,33세,경상
2015030900100136,2015년 3월 9일 09시,월요일,광주광역시 북구 용봉동,경상사고,0,0,2,0,차대차 - 추돌 - 진행중,안전거리미확보,건조,맑음,단일로 - 기타,승용,남,26세,상해없음,승용,남,65세,경상
2015030900100214,2015년 3월 9일 12시,월요일,광주광역시 서구 풍암동,경상사고,0,0,2,0,차대차 - 추돌 - 진행중,신호위반,건조,맑음,교차로 - 교차로안,승용,남,33세,상해없음,승용,남,25세,경상
2015030900100239,2015년 3월 9일 13시,월요일,광주광역시 서구 치평동,경상사고,0,0,1,0,차대차 - 기타,안전운전불이행,건조,맑음,교차로 - 교차로부근,승용,남,67세,기타불명,승용,여,30세,경상
2015030900100336,2015년 3월 9일 16시,월요일,광주광역시 서구 치평동,경상사고,0,0,1,0,차대사람 - 횡단중,안전운전불이행,건조,맑음,교차로 - 교차로안,승용,남,34세,상해없음,보행자,여,41세,경상
2015030900100389,2015년 3월 9일 18시,월요일,광주광역시 북구 두암동,경상사고,0,0,2,0,차대차 - 추돌 - 주정차중,안전운전불이행,건조,맑음,교차로 - 교차로부근,승용,여,52세,상해없음,승용,남,68세,경상
2015030900100452,2015년 3월 9일 20시,월요일,광주광역시 북구 우산동,중상사고,0,2,0,0,차대차 - 측면직각충돌,불법유턴,건조,맑음,단일로 - 기타,승용,남,39세,상해없음,원동기,남,16세,중상
2015030900100483,2015년 3월 9일 21시,월요일,광주광역시 남구 주월동,경상사고,0,0,2,0,차대차 - 기타,교차로운행방법위반,건조,맑음,교차로 - 교차로안,승용,남,56세,상해없음,승용,남,39세,상해없음
2015030900100484,2015년 3월 9일 21시,월요일,광주광역시 북구 문흥동,경상사고,0,0,3,0,차대차 - 추돌 - 주정차중,안전운전불이행,건조,맑음,교차로 - 교차로부근,승용,남,47세,상해없음,승용,남,33세,경상