사고번호,사고일시,요일,시군구,사고내용,사망자수,중상자수,경상자수,부상신고자수,사고유형,법규위반,노면상태,기상상태,도로형태,가해운전자 차종,가해운전자 성별,가해운전자 연령,가해운전자 상해정도,피해운전자 차종,피해운전자 성별,피해운전자 연령,피해운전자 상해정도
2015031400100660,2015년 3월 14일 22시,토요일,광주광역시 광산구 도천동,경상사고,0,0,1,0,차대차 - 추돌 - 주정차중,안전운전불이행,건조,맑음,단일로 - 기타,승용,남,34세,상해없음,승용,남,43세,경상
2015031500100020,2015년 3월 15일 00시,일요일,광주광역시 북구 용봉동,경상사고,0,0,1,0,차대차 - 추돌 - 주정차중,안전운전불이행,건조,맑음,단일로 - 기타,원동기,남,25세,경상,승용,남,31세,상해없음
2015031500100059,2015년 3월 15일 03시,일요일,광주광역시 광산구 신가동,경상사고,0,0,2,0,차대차 - 측면직각충돌,신호위반,건조,맑음,교차로 - 교차로안,승합,남,47세,상해없음,승용,남,29세,경상
2015031500100085,2015년 3월 15일 05시,일요일,광주광역시 남구 주월동,경상사고,0,0,1,0,차량단독 - 공작물충돌,안전운전불이행,건조,맑음,단일로 - 기타,승용,남,41세,경상,,,,
2015031500100086,2015년 3월 15일 05시,일요일,광주광역시 북구 용봉동,경상사고,0,0,1,0,차대사람 - 횡단중,안전운전불이행,건조,맑음,단일로 - 횡단보도부근,화물,남,59세,상해없음,보행자,여,22세,경상
2015031500100102,2015년 3월 15일 06시,일요일,광주광역시 서구 농성동,경상사고,0,0,4,0,차대차 - 추돌 - 진행중,안전거리미확보,건조,맑음,단일로 - 기타,승용,여,22세,상해없음,승합,남,50세,경상
2015031500100121,2015년 3월 15일 07시,일요일,광주광역시 남구 백운동,사망사고,1,0,3,0,차대차 - 추돌 - 주정차중,안전운전불이행,건조,맑음,단일로 - 기타,승용,남,67세,사망,승용,여,55세,경상
2015031500100176,2015년 3월 15일 10시,일요일,광주광역시 광산구 송정동,경상사고,0,0,1,0,차대차 - 측면직각충돌,교차로운행방법위반,건조,맑음,교차로 - 교차로안,승용,여,46세,상해없음,승용,여,30세,경상
2015031500100177,2015년 3월 15일 10시,일요일,광주광역시 광산구 월계동,중상사고,0,1,0,0,차대사람 - 횡단중,안전운전불이행,기타,맑음,기타 - 기타,승용,남,36세,상해없음,보행자,여,11세,중상
2015031500100287,2015년 3월 15일 14시,일요일,광주광역시 광산구 월계동,중상사고,0,1,0,0,차대차 - 측면직각충돌,안전운전불이행,건조,맑음,교차로 - 교차로안,승용,여,47세,상해없음,자전거,남,14세,중상
2015031500100388,2015년 3월 15일 17시,일요일,광주광역시 서구 매월동,경상사고,0,0,1,0,차대차 - 측면직각충돌,안전거리미확보,건조,맑음,단일로 - 기타,승용,남,58세,상해없음,승용,남,30세,경상
2015031500100389,2015년 3월 15일 17시,일요일,광주광역시 북구 동림동,경상사고,0,0,3,0,차대차 - 추돌 - 주정차중,안전거리미확보,건조,맑음,교차로 - 교차로부근,승용,여,55세,상해없음,승용,남,42세,경상
2015031500100390,2015년 3월 15일 17시,일요일,광주광역시 북구 용봉동,중상사고,0,1,0,0,차대사람 - 횡단중,안전운전불이행,건조,맑음,교차로 - 교차로부근,자전거,남,17세,상해없음,보행자,여,53세,중상
2015031500100391,2015년 3월 15일 17시,일요일,광주광역시 광산구 수완동,경상사고,0,0,1,0,차대차 - 추돌 - 진행중,신호위반,건조,맑음,교차로 - 교차로부근,승용,남,53세,기타불명,승용,남,39세,상해없음
2015031500100427,2015년 3월 15일 18시,일요일,광주광역시 북구 운암동,경상사고,0,0,2,0,차대차 - 측면직각충돌,교차로운행방법위반,건조,맑음,교차로 - 교차로안,이륜,남,18세,경상,승용,남,23세,상해없음
2015031500100461,2015년 3월 15일 19시,일요일,광주광역시 서구 화정동,경상사고,0,0,1,0,차대차 - 측면직각충돌,교차로운행방법위반,건조,맑음,교차로 - 교차로안,승용,여,43세,상해없음,원동기,남,26세,경상
2015031500100561,2015년 3월 15일 23시,일요일,광주광역시 광산구 월계동,경상사고,0,0,1,0,차대사람 - 횡단중,중앙선침범,건조,맑음,단일로 - 기타,승용,남,30세,상해없음,보행자,남,18세,경상
2015031600100044,2015년 3월 16일 05시,월요일,광주광역시 서구 내방동,경상사고,0,0,1,0,차대차 - 정면충돌,안전운전불이행,건조,맑음,교차로 - 교차로안,승용,남,64세,상해없음,승용,남,51세,경상
2015031600100072,2015년 3월 16일 07시,월요일,광주광역시 서구 쌍촌동,경상사고,0,0,2,0,차대차 - 추돌 - 주정차중,안전운전불이행,건조,맑음,단일로 - 기타,승용,여,65세,상해없음,승용,남,48세,경상
2015031600100073,2015년 3월 16일 07시,월요일,광주광역시 서구 치평동,경상사고,0,0,3,0,차대차 - 측면직각충돌,안전운전불이행,건조,맑음,교차로 - 교차로안,승용,남,19세,상해없음,승용,남,23세,경상
2015031600100111,2015년 3월 16일 08시,월요일,광주광역시 북구 두암동,경상사고,0,0,6,0,차대차 - 추돌 - 진행중,안전거리미확보,건조,맑음,단일로 - 기타,승용,남,51세,상해없음,화물,남,71세,상해없음
2015031600100138,2015년 3월 16일 09시,월요일,광주광역시 북구 오치동,중상사고,0,1,0,0,차대사람 - 횡단중,보행자보호의무위반,건조,맑음,교차로 - 교차로부근,승용,남,66세,상해없음,보행자,남,66세,중상
2015031600100171,2015년 3월 16일 10시,월요일,광주광역시 동구 학동,중상사고,0,1,0,0,차대사람 - 횡단중,안전운전불이행,건조,맑음,단일로 - 기타,승합,남,40세,상해없음,보행자,여,81세,중상
2015031600100243,2015년 3월 16일 12시,월요일,광주광역시 남구 백운동,중상사고,0,1,0,0,차대사람 - 횡단중,안전운전불이행,건조,맑음,단일로 - 기타,승합,남,46세,상해없음,보행자,여,72세,중상
2015031600100244,2015년 3월 16일 12시,월요일,광주광역시 북구 각화동,경상사고,0,0,1,0,차대차 - 추돌 - 주정차중,안전운전불이행,건조,맑음,교차로 - 교차로부근,화물,남,33세,상해없음,화물,남,40세,경상
2015031600100274,2015년 3월 16일 13시,월요일,광주광역시 북구 일곡동,부상신고사고,0,0,0,1,차대차 - 측면직각충돌,신호위반,건조,맑음,교차로 - 교차로안,자전거,남,75세,부상신고,승용,남,59세,상해없음
2015031600100327,2015년 3월 16일 15시,월요일,광주광역시 동구 소태동,중상사고,0,1,1,0,차대차 - 추돌 - 진행중,차로위반,건조,맑음,단일로 - 기타,승용,여,43세,중상,승용,남,22세,경상
2015031600100361,2015년 3월 16일 16시,월요일,광주광역시 광산구 도산동,중상사고,0,1,0,0,차대차 - 추돌 - 진행중,안전운전불이행,건조,맑음,교차로 - 교차로안,승용,여,62세,상해없음,이륜,남,69세,중상
2015031600100407,2015년 3월 16일 17시,월요일,광주광역시 광산구 운수동,경상사고,0,0,2,0,차대차 - 측면직각충돌,안전거리미확보,건조,맑음,단일로 - 기타,승용,여,36세,경상,건설기계,남,37세,경상
2015031600100482,2015년 3월 16일 19시,월요일,광주광역시 서구 풍암동,중상사고,0,1,0,0,차대차 - 측면직각충돌,중앙선침범,건조,맑음,교차로 - 교차로부근,승용,여,44세,상해없음,이륜,남,29세,중상
2015031600100483,2015년 3월 16일 19시,월요일,광주광역시 남구 봉선동,경상사고,0,0,1,0,차대차 - 추돌 - 주정차중,안전운전불이행,건조,맑음,단일로 - 기타,승용,남,64세,상해없음,승용,여,24세,경상
2015031600100514,2015년 3월 16일 20시,월요일,광주광역시 남구 주월동,경상사고,0,0,4,0,차대차 - 추돌 - 주정차중,안전운전불이행,건조,흐림,단일로 - 기타,승용,남,27세,기타불명,승용,남,51세,경상
2015031600100607,2015년 3월 16일 23시,월요일,광주광역시 동구 계림동,경상사고,0,0,1,1,차대차 - 측면직각충돌,신호위반,건조,맑음,교차로 - 교차로안,승용,남,54세,기타불명,승용,남,59세,경상
2015031700100009,2015년 3월 17일 00시,화요일,광주광역시 서구 치평동,경상사고,0,0,4,0,차대차 - 측면직각충돌,안전거리미확보,건조,맑음,단일로 - 기타,승용,남,19세,상해없음,승용,남,41세,경상
2015031700100010,2015년 3월 17일 00시,화요일,광주광역시 북구 용봉동,경상사고,0,0,2,0,차대차 - 측면직각충돌,중앙선침범,건조,맑음,단일로 - 기타,승용,남,22세,상해없음,승용,남,54세,경상
2015031700100054,2015년 3월 17일 04시,화요일,광주광역시 북구 동림동,중상사고,0,1,0,0,차대사람 - 횡단중,신호위반,건조,맑음,교차로 - 교차로안,승용,남,39세,상해없음,보행자,여,77세,중상
2015031700100063,2015년 3월 17일 05시,화요일,광주광역시 동구 소태동,중상사고,0,1,2,0,차대차 - 측면직각충돌,신호위반,기타,맑음,교차로 - 교차로안,승용,남,61세,상해없음,승용,남,56세,경상
2015031700100076,2015년 3월 17일 06시,화요일,광주광역시 북구 신안동,경상사고,0,0,1,0,차대차 - 측면직각충돌,교차로운행방법위반,건조,맑음,교차로 - 교차로안,승용,남,55세,상해없음,화물,남,46세,경상
2015031700100103,2015년 3월 17일 07시,화요일,광주광역시 북구 용봉동,경상사고,0,0,1,0,차대차 - 측면직각충돌,신호위반,건조,맑음,교차로 - 교차로안,승용,남,62세,상해없음,승용,남,44세,경상
2015031700100142,2015년 3월 17일 08시,화요일,광주광역시 남구 방림동,부상신고사고,0,0,0,2,차대차 - 측면직각충돌,안전운전불이행,건조,맑음,단일로 - 기타,승용,여,37세,부상신고,승용,여,36세,부상신고
2015031700100143,2015년 3월 17일 08시,화요일,광주광역시 북구 신용동,경상사고,0,0,1,0,차대차 - 추돌 - 진행중,안전거리미확보,건조,맑음,교차로 - 교차로안,승용,여,48세,상해없음,승용,남,44세,경상
2015031700100144,2015년 3월 17일 08시,화요일,광주광역시 광산구 신창동,경상사고,0,0,2,0,차대차 - 추돌 - 진행중,안전운전불이행,건조,맑음,단일로 - 기타,승용,남,19세,상해없음,승용,남,33세,경상
2015031700100179,2015년 3월 17일 09시,화요일,광주광역시 광산구 소촌동,경상사고,0,0,1,0,차량단독 - 전도전복,안전운전불이행,건조,맑음,단일로 - 기타,자전거,남,15세,경상,,,,
2015031700100216,2015년 3월 17일 10시,화요일,광주광역시 동구 불로동,경상사고,0,0,2,0,차대차 - 측면직각충돌,신호위반,건조,맑음,교차로 - 교차로안,승용,남,43세,상해없음,승용,남,79세,경상
2015031700100231,2015년 3월 17일 11시,화요일,광주광역시 북구 우산동,경상사고,0,0,1,0,차대차 - 기타,신호위반,건조,맑음,교차로 - 교차로안,승용,여,35세,상해없음,자전거,남,29세,경상
2015031700100258,2015년 3월 17일 12시,화요일,광주광역시 동구 계림동,경상사고,0,0,4,0,차대차 - 측면직각충돌,교차로운행방법위반,건조,맑음,교차로 - 교차로안,승용,남,19세,경상,승용,여,49세,경상
2015031700100288,2015년 3월 17일 13시,화요일,광주광역시 남구 서동,경상사고,0,0,1,0,차대차 - 측면직각충돌,안전운전불이행,건조,맑음,단일로 - 기타,이륜,남,53세,상해없음,이륜,남,77세,경상
2015031700100289,2015년 3월 17일 13시,화요일,광주광역시 광산구 흑석동,경상사고,0,0,1,0,차대차 - 추돌 - 주정차중,안전운전불이행,건조,맑음,교차로 - 교차로부근,기타불명,기타불명,기타불명,기타불명,승용,여,27세,경상
2015031700100323,2015년 3월 17일 14시,화요일,광주광역시 광산구 산정동,경상사고,0,0,2,0,차대차 - 추돌 - 진행중,안전거리미확보,건조,맑음,교차로 - 교차로부근,승용,남,53세,상해없음,승용,남,43세,경상
2015031700100380,2015년 3월 17일 16시,화요일,광주광역시 광산구 월계동,경상사고,0,0,1,0,차대사람 - 횡단중,보행자보호의무위반,건조,맑음,단일로 - 기타,승용,남,42세,상해없음,보행자,남,14세,경상
2015031700100413,2015년 3월 17일 17시,화요일,광주광역시 동구 산수동,경상사고,0,0,1,0,차대사람 - 횡단중,안전운전불이행,건조,맑음,교차로 - 교차로안,승용,남,57세,상해없음,보행자,여,22세,경상
2015031700100414,2015년 3월 17일 17시,화요일,광주광역시 서구 금호동,경상사고,0,0,1,0,차대차 - 추돌 - 진행중,안전거리미확보,건조,맑음,단일로 - 기타,승합,남,56세,상해없음,승용,여,42세,경상
2015031700100415,2015년 3월 17일 17시,화요일,광주광역시 북구 일곡동,경상사고,0,0,2,0,차대사람 - 횡단중,안전운전불이행,건조,맑음,교차로 - 교차로안,승용,여,63세,상해없음,보행자,여,9세,경상
2015031700100416,2015년 3월 17일 17시,화요일,광주광역시 광산구 월계동,경상사고,0,0,1,0,차대사람 - 횡단중,중앙선침범,건조,맑음,단일로 - 기타,이륜,남,34세,상해없음,보행자,여,32세,경상
2015031700100457,2015년 3월 17일 18시,화요일,광주광역시 광산구 신창동,경상사고,0,0,1,0,차대차 - 추돌 - 주정차중,안전운전불이행,건조,맑음,교차로 - 교차로부근,승용,남,43세,상해없음,승합,여,46세,경상
2015031700100501,2015년 3월 17일 19시,화요일,광주광역시 서구 치평동,경상사고,0,0,1,0,차대사람 - 횡단중,보행자보호의무위반,건조,맑음,교차로 - 교차로안,승용,남,66세,상해없음,보행자,여,32세,경상
2015031700100502,2015년 3월 17일 19시,화요일,광주광역시 북구 문흥동,경상사고,0,0,1,0,차대차 - 측면직각충돌,안전운전불이행,건조,맑음,교차로 - 교차로안,승용,남,59세,상해없음,기타불명,기타불명,기타불명,기타불명
2015031700100525,2015년 3월 17일 20시,화요일,광주광역시 북구 오치동,경상사고,0,0,2,0,차대차 - 추돌 - 주정차중,안전운전불이행,건조,맑음,단일로 - 기타,화물,여,49세,상해없음,승용,남,32세,경상
2015031700100527,2015년 3월 17일 20시,화요일,광주광역시 광산구 산월동,중상사고,0,1,0,0,차량단독 - 전도전복,안전운전불이행,건조,맑음,단일로 - 기타,자전거,남,14세,중상,,,,
2015031700100586,2015년 3월 17일 22시,화요일,광주광역시 서구 풍암동,경상사고,0,0,1,0,차대차 - 추돌 - 진행중,안전운전불이행,건조,맑음,단일로 - 기타,승용,남,33세,상해없음,승용,여,40세,경상
2015031700100587,2015년 3월 17일 22시,화요일,광주광역시 서구 치평동,경상사고,0,0,2,0,차대차 - 추돌 - 진행중,교차로운행방법위반,건조,맑음,교차로 - 교차로안,승용,남,53세,상해없음,승합,남,50세,상해없음
2015031700100588,2015년 3월 17일 22시,화요일,광주광역시 북구 문흥동,경상사고,0,0,1,0,차대차 - 측면직각충돌,교차로운행방법위반,건조,맑음,교차로 - 교차로안,승용,남,60세,상해없음,이륜,남,16세,경상
2015031700100608,2015년 3월 17일 23시,화요일,광주광역시 북구 용봉동,중상사고,0,1,0,0,차대사람 - 횡단중,안전운전불이행,건조,맑음,단일로 - 횡단보도상,승용,남,38세,상해없음,보행자,남,16세,중상
2015031800100013,2015년 3월 18일 00시,수요일,광주광역시 서구 치평동,경상사고,0,0,1,0,차대차 - 추돌 - 진행중,안전운전불이행,습기,비,교차로 - 교차로부근,승용,남,29세,상해없음,승용,남,56세,경상
2015031800100014,2015년 3월 18일 00시,수요일,광주광역시 광산구 월곡동,경상사고,0,0,1,0,차대차 - 측면직각충돌,안전운전불이행,건조,맑음,교차로 - 교차로안,승용,남,22세,상해없음,특수,남,45세,경상
2015031800100039,2015년 3월 18일 02시,수요일,광주광역시 북구 중흥동,경상사고,0,0,3,0,차대차 - 추돌 - 주정차중,안전운전불이행,건조,맑음,교차로 - 교차로부근,승용,남,77세,상해없음,승용,남,40세,경상
2015031800100046,2015년 3월 18일 03시,수요일,광주광역시 서구 덕흥동,경상사고,0,0,2,0,차대차 - 기타,중앙선침범,건조,맑음,단일로 - 기타,승용,남,32세,기타불명,승용,남,53세,경상
2015031800100047,2015년 3월 18일 03시,수요일,광주광역시 서구 치평동,중상사고,0,1,4,0,차대차 - 추돌 - 주정차중,안전운전불이행,건조,맑음,교차로 - 교차로부근,화물,남,50세,중상,승용,남,54세,경상
2015031800100052,2015년 3월 18일 04시,수요일,광주광역시 서구 치평동,경상사고,0,0,1,0,차대차 - 측면직각충돌,신호위반,습기,비,교차로 - 교차로안,승용,남,61세,상해없음,승용,여,58세,경상
2015031800100084,2015년 3월 18일 06시,수요일,광주광역시 동구 용산동,경상사고,0,0,1,0,차대차 - 측면직각충돌,신호위반,습기,비,교차로 - 교차로안,승용,여,56세,상해없음,승용,여,26세,경상
2015031800100111,2015년 3월 18일 07시,수요일,광주광역시 광산구 수완동,경상사고,0,0,1,0,차대차 - 측면직각충돌,안전운전불이행,습기,비,교차로 - 교차로안,승용,남,58세,상해없음,승합,남,42세,경상
2015031800100195,2015년 3월 18일 10시,수요일,광주광역시 동구 광산동,경상사고,0,0,1,0,차대차 - 기타,안전거리미확보,습기,비,단일로 - 기타,승용,남,35세,상해없음,이륜,남,53세,경상
2015031800100244,2015년 3월 18일 12시,수요일,광주광역시 남구 봉선동,경상사고,0,0,1,0,차대차 - 기타,안전운전불이행,건조,맑음,교차로 - 교차로부근,승용,여,52세,상해없음,승용,여,64세,경상
2015031800100245,2015년 3월 18일 12시,수요일,광주광역시 남구 양림동,경상사고,0,0,2,0,차대차 - 추돌 - 진행중,안전운전불이행,습기,비,단일로 - 기타,승용,남,57세,상해없음,승용,남,31세,경상
2015031800100246,2015년 3월 18일 12시,수요일,광주광역시 광산구 옥동,중상사고,0,1,1,0,차대차 - 측면직각충돌,교차로운행방법위반,건조,맑음,교차로 - 교차로안,화물,남,32세,상해없음,승용,여,41세,중상
2015031800100314,2015년 3월 18일 14시,수요일,광주광역시 북구 임동,경상사고,0,0,2,0,차대차 - 정면충돌,중앙선침범,건조,맑음,교차로 - 교차로부근,화물,남,60세,상해없음,화물,남,39세,경상
2015031800100345,2015년 3월 18일 15시,수요일,광주광역시 동구 내남동,경상사고,0,0,2,0,차량단독 - 전도전복,안전운전불이행,건조,맑음,단일로 - 기타,승용,여,48세,경상,,,,
2015031800100346,2015년 3월 18일 15시,수요일,광주광역시 서구 금호동,경상사고,0,0,8,0,차대차 - 추돌 - 주정차중,안전운전불이행,습기,비,단일로 - 기타,승용,남,38세,상해없음,화물,남,44세,경상
2015031800100347,2015년 3월 18일 15시,수요일,광주광역시 북구 오치동,경상사고,0,0,1,0,차대차 - 측면직각충돌,안전운전불이행,건조,맑음,교차로 - 교차로안,승용,남,50세,상해없음,승용,남,41세,경상
2015031800100435,2015년 3월 18일 17시,수요일,광주광역시 남구 행암동,부상신고사고,0,0,0,1,차대차 - 기타,안전운전불이행,건조,맑음,단일로 - 기타,승용,남,61세,부상신고,화물,남,54세,기타불명
2015031800100476,2015년 3월 18일 18시,수요일,광주광역시 서구 금호동,경상사고,0,0,1,0,차대차 - 추돌 - 진행중,안전운전불이행,습기,비,교차로 - 교차로부근,승용,여,51세,기타불명,승용,남,37세,경상
2015031800100477,2015년 3월 18일 18시,수요일,광주광역시 서구 벽진동,중상사고,0,1,2,0,차대차 - 정면충돌,중앙선침범,습기,흐림,교차로 - 교차로부근,승합,남,32세,경상,승용,남,55세,중상
2015031800100478,2015년 3월 18일 18시,수요일,광주광역시 북구 풍향동,중상사고,0,1,1,0,차대차 - 추돌 - 주정차중,안전운전불이행,건조,맑음,교차로 - 교차로부근,승용,남,36세,상해없음,승용,남,47세,경상
2015031800100521,2015년 3월 18일 19시,수요일,광주광역시 북구 운암동,경상사고,0,0,1,0,차대차 - 정면충돌,안전운전불이행,습기,비,단일로 - 기타,승용,남,73세,상해없음,승용,남,50세,경상
2015031800100539,2015년 3월 18일 19시,수요일,광주광역시 동구 서석동,경상사고,0,0,1,0,차대사람 - 기타,안전운전불이행,건조,기타,단일로 - 기타,승용,남,31세,상해없음,보행자,여,29세,경상
2015031800100540,2015년 3월 18일 19시,수요일,광주광역시 남구 송하동,경상사고,0,0,1,0,차대차 - 측면직각충돌,차로위반,건조,맑음,단일로 - 기타,승합,남,49세,상해없음,승용,여,29세,경상
2015031800100588,2015년 3월 18일 20시,수요일,광주광역시 서구 쌍촌동,경상사고,0,0,1,0,차대차 - 측면직각충돌,신호위반,건조,맑음,교차로 - 교차로안,승용,남,55세,상해없음,이륜,남,23세,경상
2015031800100589,2015년 3월 18일 20시,수요일,광주광역시 서구 쌍촌동,경상사고,0,0,1,0,차대차 - 측면직각충돌,안전운전불이행,건조,맑음,교차로 - 교차로안,승용,남,67세,상해없음,승용,남,63세,경상
2015031800100590,2015년 3월 18일 20시,수요일,광주광역시 북구 유동,경상사고,0,0,1,0,차대사람 - 차도통행중,안전운전불이행,습기,비,단일로 - 기타,화물,남,45세,상해없음,보행자,남,47세,경상
2015031800100591,2015년 3월 18일 20시,수요일,광주광역시 광산구 월곡동,경상사고,0,0,1,0,차대차 - 추돌 - 진행중,안전운전불이행,건조,맑음,교차로 - 교차로부근,화물,남,48세,상해없음,승용,남,36세,경상
2015031800100663,2015년 3월 18일 22시,수요일,광주광역시 동구 학동,경상사고,0,0,1,0,차대사람 - 횡단중,안전운전불이행,습기,비,단일로 - 기타,이륜,남,24세,상해없음,보행자,남,51세,경상
2015031800100664,2015년 3월 18일 22시,수요일,광주광역시 북구 임동,경상사고,0,0,2,0,차대차 - 정면충돌,중앙선침범,건조,맑음,단일로 - 기타,승용,남,54세,상해없음,승용,여,50세,경상
2015031800100694,2015년 3월 18일 23시,수요일,광주광역시 서구 쌍촌동,경상사고,0,0,1,0,차대차 - 측면직각충돌,안전운전불이행,습기,비,단일로 - 기타,승용,남,26세,기타불명,승용,남,37세,경상
2015031800100695,2015년 3월 18일 23시,수요일,광주광역시 북구 용봉동,경상사고,0,0,1,0,차대차 - 추돌 - 진행중,안전운전불이행,습기,비,단일로 - 기타,승용,남,29세,상해없음,승용,남,54세,경상
2015031900100020,2015년 3월 19일 00시,목요일,광주광역시 동구 학동,경상사고,0,0,1,0,차대차 - 측면직각충돌,신호위반,습기,비,교차로 - 교차로안,승용,여,52세,경상,승용,남,43세,상해없음
2015031900100021,2015년 3월 19일 00시,목요일,광주광역시 광산구 우산동,경상사고,0,0,1,0,차대사람 - 길가장자리구역통행중,안전운전불이행,건조,맑음,단일로 - 기타,승용,남,67세,상해없음,보행자,남,50세,경상
2015031900100022,2015년 3월 19일 00시,목요일,광주광역시 광산구 수완동,경상사고,0,0,1,0,차대차 - 추돌 - 주정차중,안전운전불이행,건조,맑음,단일로 - 기타,승용,남,45세,상해없음,승용,남,54세,경상
2015031900100064,2015년 3월 19일 04시,목요일,광주광역시 광산구 산월동,경상사고,0,0,4,0,차대차 - 추돌 - 진행중,안전운전불이행,건조,맑음,교차로 - 교차로부근,승용,남,47세,상해없음,승용,남,18세,경상
2015031900100105,2015년 3월 19일 07시,목요일,광주광역시 북구 본촌동,경상사고,0,0,1,0,차대차 - 측면직각충돌,중앙선침범,습기,비,단일로 - 기타,승용,남,30세,상해없음,승용,남,48세,경상
2015031900100153,2015년 3월 19일 08시,목요일,광주광역시 남구 백운동,경상사고,0,0,1,0,차대차 - 측면직각충돌,안전거리미확보,건조,맑음,단일로 - 기타,승용,남,37세,기타불명,승용,남,56세,경상
2015031900100190,2015년 3월 19일 09시,목요일,광주광역시 동구 소태동,경상사고,0,0,1,0,차대사람 - 기타,안전운전불이행,건조,맑음,기타 - 기타,승합,남,73세,상해없음,보행자,여,52세,경상
2015031900100191,2015년 3월 19일 09시,목요일,광주광역시 동구 대인동,경상사고,0,0,1,0,차대차 - 기타,교차로운행방법위반,건조,맑음,교차로 - 교차로안,승용,여,74세,상해없음,자전거,남,77세,경상
2015031900100192,2015년 3월 19일 09시,목요일,광주광역시 북구 용봉동,경상사고,0,0,1,0,차대사람 - 횡단중,안전운전불이행,건조,맑음,교차로 - 교차로부근,화물,남,58세,상해없음,보행자,여,49세,경상
2015031900100246,2015년 3월 19일 11시,목요일,광주광역시 서구 쌍촌동,경상사고,0,0,2,0,차대사람 - 횡단중,안전운전불이행,건조,맑음,단일로 - 기타,기타불명,기타불명,기타불명,기타불명,보행자,여,23세,경상
2015031900100247,2015년 3월 19일 11시,목요일,광주광역시 남구 진월동,경상사고,0,0,2,0,차대차 - 측면직각충돌,안전거리미확보,건조,맑음,단일로 - 기타,승용,남,45세,경상,승합,남,48세,경상
2015031900100248,2015년 3월 19일 11시,목요일,광주광역시 남구 봉선동,경상사고,0,0,2,0,차대차 - 측면직각충돌,안전운전불이행,건조,맑음,단일로 - 기타,승용,남,71세,상해없음,화물,남,51세,경상
2015031900100274,2015년 3월 19일 12시,목요일,광주광역시 서구 쌍촌동,경상사고,0,0,2,0,차대차 - 측면직각충돌,안전운전불이행,건조,맑음,교차로 - 교차로부근,이륜,남,32세,상해없음,화물,남,47세,경상
2015031900100317,2015년 3월 19일 13시,목요일,광주광역시 북구 일곡동,중상사고,0,1,1,0,차대차 - 추돌 - 진행중,안전운전불이행,건조,맑음,단일로 - 기타,화물,남,32세,상해없음,이륜,남,40세,경상
2015031900100318,2015년 3월 19일 13시,목요일,광주광역시 광산구 신창동,경상사고,0,0,2,0,차대차 - 기타,차로위반,건조,맑음,단일로 - 기타,승용,여,50세,상해없음,승용,여,46세,경상
2015031900100391,2015년 3월 19일 15시,목요일,광주광역시 서구 화정동,경상사고,0,0,3,0,차대차 - 추돌 - 진행중,안전운전불이행,건조,맑음,단일로 - 기타,화물,남,58세,상해없음,승용,남,30세,경상
2015031900100392,2015년 3월 19일 15시,목요일,광주광역시 남구 송하동,경상사고,0,0,1,0,차대차 - 측면직각충돌,교차로운행방법위반,건조,맑음,교차로 - 교차로안,승합,남,45세,기타불명,승용,남,52세,경상
2015031900100393,2015년 3월 19일 15시,목요일,광주광역시 남구 방림동,경상사고,0,0,1,0,차대차 - 측면직각충돌,안전운전불이행,건조,맑음,단일로 - 기타,승용,남,51세,상해없음,자전거,남,67세,경상
2015031900100394,2015년 3월 19일 15시,목요일,광주광역시 광산구 옥동,경상사고,0,0,1,0,차대차 - 측면직각충돌,안전거리미확보,건조,맑음,교차로 - 교차로안,승용,남,33세,상해없음,화물,남,21세,경상
2015031900100460,2015년 3월 19일 17시,목요일,광주광역시 북구 용두동,경상사고,0,0,1,0,차대차 - 측면직각충돌,안전운전불이행,건조,맑음,교차로 - 교차로안,화물,남,50세,상해없음,승용,여,58세,경상
2015031900100461,2015년 3월 19일 17시,목요일,광주광역시 광산구 도산동,경상사고,0,0,1,0,차대사람 - 보도통행중,기타,건조,맑음,단일로 - 기타,승합,남,62세,상해없음,보행자,남,16세,경상
2015031900100485,2015년 3월 19일 18시,목요일,광주광역시 남구 진월동,경상사고,0,0,4,0,차대차 - 측면직각충돌,차로위반,습기,맑음,단일로 - 기타,승용,남,46세,상해없음,승용,여,31세,경상
2015031900100486,2015년 3월 19일 18시,목요일,광주광역시 북구 오치동,경상사고,0,0,1,0,차대차 - 측면직각충돌,교차로운행방법위반,건조,맑음,교차로 - 교차로부근,승용,남,51세,상해없음,이륜,남,55세,경상
2015031900100538,2015년 3월 19일 19시,목요일,광주광역시 광산구 신창동,경상사고,0,0,1,0,차대차 - 추돌 - 진행중,안전거리미확보,건조,맑음,단일로 - 기타,승용,남,28세,상해없음,승용,여,38세,경상
2015031900100600,2015년 3월 19일 21시,목요일,광주광역시 광산구 산월동,경상사고,0,0,5,0,차대차 - 추돌 - 주정차중,안전운전불이행,건조,맑음,단일로 - 기타,승용,남,61세,상해없음,승용,여,41세,경상
2015031900100636,2015년 3월 19일 22시,목요일,광주광역시 북구 동림동,경상사고,0,0,2,0,차대차 - 기타,안전운전불이행,건조,맑음,교차로 - 교차로부근,승용,남,47세,상해없음,승용,여,42세,경상
2015031900100637,2015년 3월 19일 22시,목요일,광주광역시 북구 중흥동,경상사고,0,0,4,0,차대차 - 측면직각충돌,신호위반,건조,맑음,교차로 - 교차로안,승용,여,31세,상해없음,승용,여,44세,경상