사고번호,사고일시,요일,시군구,사고내용,사망자수,중상자수,경상자수,부상신고자수,사고유형,법규위반,노면상태,기상상태,도로형태,가해운전자 차종,가해운전자 성별,가해운전자 연령,가해운전자 상해정도,피해운전자 차종,피해운전자 성별,피해운전자 연령,피해운전자 상해정도
2015032000100012,2015년 3월 20일 00시,금요일,광주광역시 동구 소태동,경상사고,0,0,2,0,차대차 - 측면직각충돌,중앙선침범,건조,기타,단일로 - 기타,기타불명,기타불명,기타불명,기타불명,승용,남,49세,경상
2015032000100013,2015년 3월 20일 00시,금요일,광주광역시 광산구 월계동,경상사고,0,0,1,0,차대차 - 측면직각충돌,신호위반,건조,맑음,교차로 - 교차로안,승용,기타불명,기타불명,기타불명,승용,남,27세,경상
2015032000100090,2015년 3월 20일 06시,금요일,광주광역시 서구 내방동,경상사고,0,0,3,0,차대차 - 측면직각충돌,교차로운행방법위반,건조,맑음,교차로 - 교차로안,승용,남,31세,상해없음,승용,남,49세,경상
2015032000100154,2015년 3월 20일 08시,금요일,광주광역시 광산구 산월동,부상신고사고,0,0,0,1,차대차 - 추돌 - 진행중,안전운전불이행,건조,맑음,단일로 - 기타,원동기,남,68세,부상신고,승용,여,42세,상해없음
2015032000100177,2015년 3월 20일 09시,금요일,광주광역시 북구 동림동,경상사고,0,0,1,0,차대차 - 측면직각충돌,안전운전불이행,건조,맑음,단일로 - 기타,화물,남,50세,상해없음,이륜,남,50세,경상
2015032000100331,2015년 3월 20일 14시,금요일,광주광역시 서구 광천동,경상사고,0,0,2,1,차대차 - 측면직각충돌,교차로운행방법위반,건조,맑음,교차로 - 교차로안,승용,여,26세,부상신고,승용,여,47세,경상
2015032000100332,2015년 3월 20일 14시,금요일,광주광역시 북구 운암동,경상사고,0,0,5,0,차대차 - 추돌 - 주정차중,안전운전불이행,건조,맑음,단일로 - 기타,승용,남,50세,상해없음,승용,여,39세,경상
2015032000100361,2015년 3월 20일 15시,금요일,광주광역시 북구 오치동,경상사고,0,0,2,0,차대차 - 측면직각충돌,안전운전불이행,건조,맑음,교차로 - 교차로안,승용,남,40세,상해없음,화물,남,23세,경상
2015032000100407,2015년 3월 20일 16시,금요일,광주광역시 광산구 도천동,경상사고,0,0,2,0,차대차 - 측면직각충돌,교차로운행방법위반,건조,맑음,교차로 - 교차로안,승용,여,45세,기타불명,승용,여,51세,경상
2015032000100449,2015년 3월 20일 17시,금요일,광주광역시 광산구 수완동,경상사고,0,0,1,0,차대차 - 추돌 - 주정차중,안전거리미확보,건조,맑음,단일로 - 기타,승용,여,41세,상해없음,승용,여,26세,경상
2015032000100485,2015년 3월 20일 18시,금요일,광주광역시 동구 서석동,중상사고,0,1,0,0,차대사람 - 횡단중,신호위반,건조,흐림,단일로 - 횡단보도상,승용,남,61세,상해없음,보행자,여,11세,중상
2015032000100486,2015년 3월 20일 18시,금요일,광주광역시 광산구 서봉동,경상사고,0,0,3,0,차대차 - 측면직각충돌,안전운전불이행,건조,맑음,단일로 - 기타,승용,여,47세,상해없음,승용,남,48세,경상
2015032000100567,2015년 3월 20일 20시,금요일,광주광역시 북구 운암동,경상사고,0,0,1,0,차대차 - 추돌 - 진행중,안전운전불이행,건조,맑음,교차로 - 교차로안,승용,여,37세,상해없음,승용,여,46세,경상
2015032000100568,2015년 3월 20일 20시,금요일,광주광역시 광산구 선암동,경상사고,0,0,4,0,차대차 - 추돌 - 진행중,안전거리미확보,건조,맑음,단일로 - 기타,승용,남,29세,상해없음,승용,남,22세,경상
2015032000100641,2015년 3월 20일 22시,금요일,광주광역시 서구 화정동,경상사고,0,0,1,0,차대차 - 추돌 - 진행중,안전운전불이행,건조,맑음,단일로 - 기타,승용,남,59세,상해없음,승용,남,39세,경상
2015032000100668,2015년 3월 20일 23시,금요일,광주광역시 서구 치평동,중상사고,0,3,0,0,차대차 - 정면충돌,신호위반,건조,맑음,교차로 - 교차로안,승용,남,25세,상해없음,승용,남,53세,중상
2015032000100669,2015년 3월 20일 23시,금요일,광주광역시 서구 풍암동,경상사고,0,0,1,0,차대차 - 측면직각충돌,안전거리미확보,건조,맑음,교차로 - 교차로부근,승용,남,51세,상해없음,승용,남,32세,경상
2015032000100670,2015년 3월 20일 23시,금요일,광주광역시 북구 중흥동,경상사고,0,0,1,0,차대차 - 측면직각충돌,기타,건조,맑음,단일로 - 기타,승용,남,52세,상해없음,자전거,남,26세,경상
2015032000100671,2015년 3월 20일 23시,금요일,광주광역시 광산구 도산동,중상사고,0,1,0,0,차대차 - 측면직각충돌,안전거리미확보,건조,맑음,교차로 - 교차로부근,승용,남,45세,상해없음,원동기,남,40세,중상
2015032100100037,2015년 3월 21일 01시,토요일,광주광역시 남구 진월동,중상사고,0,1,0,0,차대차 - 측면직각충돌,신호위반,건조,맑음,교차로 - 교차로안,이륜,남,20세,중상,승용,남,56세,상해없음
2015032100100058,2015년 3월 21일 02시,토요일,광주광역시 동구 금동,경상사고,0,0,1,0,차대사람 - 기타,안전운전불이행,건조,맑음,단일로 - 기타,승용,남,38세,상해없음,보행자,남,23세,경상
2015032100100059,2015년 3월 21일 02시,토요일,광주광역시 북구 유동,경상사고,0,0,1,0,차대차 - 측면직각충돌,안전운전불이행,건조,맑음,교차로 - 교차로안,승용,남,21세,상해없음,승용,남,44세,상해없음
2015032100100060,2015년 3월 21일 02시,토요일,광주광역시 광산구 우산동,경상사고,0,0,1,0,차량단독 - 전도전복,안전운전불이행,건조,맑음,단일로 - 기타,승용,남,16세,상해없음,,,,
2015032100100112,2015년 3월 21일 07시,토요일,광주광역시 광산구 도산동,경상사고,0,0,4,0,차대차 - 측면직각충돌,교차로운행방법위반,건조,맑음,교차로 - 교차로안,승용,남,34세,경상,화물,남,47세,경상
2015032100100134,2015년 3월 21일 08시,토요일,광주광역시 서구 유촌동,경상사고,0,0,1,0,차대차 - 기타,기타,건조,맑음,단일로 - 기타,승용,남,53세,상해없음,자전거,남,64세,경상
2015032100100135,2015년 3월 21일 08시,토요일,광주광역시 북구 양산동,경상사고,0,0,1,0,차대차 - 기타,안전운전불이행,건조,맑음,단일로 - 기타,기타불명,기타불명,기타불명,기타불명,자전거,여,30세,경상
2015032100100156,2015년 3월 21일 09시,토요일,광주광역시 서구 광천동,중상사고,0,1,0,0,차대사람 - 횡단중,안전운전불이행,건조,맑음,교차로 - 교차로부근,승용,남,61세,상해없음,보행자,남,81세,중상
2015032100100181,2015년 3월 21일 10시,토요일,광주광역시 서구 풍암동,경상사고,0,0,1,0,차대사람 - 길가장자리구역통행중,안전운전불이행,건조,맑음,기타 - 기타,승용,남,74세,상해없음,보행자,남,30세,경상
2015032100100265,2015년 3월 21일 13시,토요일,광주광역시 서구 농성동,경상사고,0,0,1,0,차대차 - 측면직각충돌,교차로운행방법위반,건조,맑음,교차로 - 교차로안,승용,남,40세,상해없음,이륜,남,27세,경상
2015032100100351,2015년 3월 21일 15시,토요일,광주광역시 동구 대인동,경상사고,0,0,2,0,차대사람 - 기타,안전운전불이행,건조,맑음,교차로 - 교차로부근,승용,여,26세,경상,보행자,여,59세,경상
2015032100100352,2015년 3월 21일 15시,토요일,광주광역시 동구 산수동,경상사고,0,0,2,0,차대차 - 기타,안전거리미확보,건조,맑음,기타 - 기타,승용,남,38세,상해없음,승용,남,62세,경상
2015032100100427,2015년 3월 21일 17시,토요일,광주광역시 광산구 월계동,경상사고,0,0,1,0,차대차 - 추돌 - 진행중,안전거리미확보,건조,맑음,단일로 - 기타,승용,여,37세,상해없음,승용,남,58세,상해없음
2015032100100540,2015년 3월 21일 20시,토요일,광주광역시 광산구 도천동,경상사고,0,0,3,0,차대차 - 측면직각충돌,교차로운행방법위반,건조,맑음,교차로 - 교차로안,승용,남,20세,상해없음,승용,남,44세,경상
2015032100100591,2015년 3월 21일 22시,토요일,광주광역시 북구 오치동,경상사고,0,0,4,0,차대차 - 측면직각충돌,과속,건조,맑음,교차로 - 교차로안,승용,남,21세,경상,승용,남,31세,경상
2015032100100620,2015년 3월 21일 23시,토요일,광주광역시 광산구 월계동,경상사고,0,0,1,0,차대차 - 측면직각충돌,안전운전불이행,건조,맑음,교차로 - 교차로부근,승용,남,59세,상해없음,승용,여,60세,경상
2015032200100022,2015년 3월 22일 00시,일요일,광주광역시 서구 치평동,경상사고,0,0,5,0,차대차 - 측면직각충돌,신호위반,건조,맑음,교차로 - 교차로안,승용,남,24세,경상,승용,남,22세,경상
2015032200100119,2015년 3월 22일 06시,일요일,광주광역시 남구 봉선동,경상사고,0,0,1,0,차대차 - 측면직각충돌,신호위반,건조,맑음,교차로 - 교차로안,승용,남,33세,상해없음,승용,남,61세,경상
2015032200100131,2015년 3월 22일 07시,일요일,광주광역시 서구 매월동,중상사고,0,1,0,0,차대차 - 추돌 - 주정차중,안전운전불이행,건조,맑음,교차로 - 교차로부근,승용,여,59세,중상,특수,남,49세,기타불명
2015032200100220,2015년 3월 22일 12시,일요일,광주광역시 남구 송하동,경상사고,0,0,8,0,차대차 - 기타,안전거리미확보,건조,맑음,단일로 - 기타,승용,여,36세,상해없음,승용,남,49세,경상
2015032200100221,2015년 3월 22일 12시,일요일,광주광역시 북구 우산동,중상사고,0,1,0,0,차대사람 - 횡단중,안전운전불이행,건조,맑음,단일로 - 기타,승용,남,32세,상해없음,보행자,여,59세,중상
2015032200100250,2015년 3월 22일 13시,일요일,광주광역시 북구 임동,경상사고,0,0,3,0,차대차 - 측면직각충돌,신호위반,건조,맑음,교차로 - 교차로안,승용,남,68세,상해없음,승용,남,38세,경상
2015032200100251,2015년 3월 22일 13시,일요일,광주광역시 광산구 월곡동,경상사고,0,0,1,0,차대차 - 측면직각충돌,신호위반,건조,맑음,교차로 - 교차로부근,자전거,남,14세,경상,승용,남,67세,상해없음
2015032200100374,2015년 3월 22일 16시,일요일,광주광역시 서구 금호동,경상사고,0,0,4,0,차대차 - 추돌 - 진행중,안전운전불이행,건조,맑음,교차로 - 교차로부근,승용,남,45세,상해없음,승용,남,36세,경상
2015032200100375,2015년 3월 22일 16시,일요일,광주광역시 북구 풍향동,경상사고,0,0,1,0,차대차 - 추돌 - 진행중,안전운전불이행,건조,맑음,교차로 - 교차로안,승용,여,46세,기타불명,승합,남,51세,상해없음
2015032200100525,2015년 3월 22일 21시,일요일,광주광역시 광산구 산월동,경상사고,0,0,1,0,차대차 - 측면직각충돌,안전거리미확보,건조,맑음,단일로 - 기타,승용,남,46세,상해없음,원동기,남,19세,경상
2015032300100028,2015년 3월 23일 04시,월요일,광주광역시 동구 대인동,경상사고,0,0,2,0,차대차 - 측면직각충돌,신호위반,건조,맑음,교차로 - 교차로안,승용,남,24세,상해없음,승용,남,48세,경상
2015032300100054,2015년 3월 23일 06시,월요일,광주광역시 서구 쌍촌동,경상사고,0,0,1,0,차대차 - 추돌 - 주정차중,안전운전불이행,건조,맑음,교차로 - 교차로안,승용,남,24세,상해없음,이륜,남,77세,경상
2015032300100079,2015년 3월 23일 07시,월요일,광주광역시 광산구 수완동,경상사고,0,0,1,0,차량단독 - 공작물충돌,안전운전불이행,건조,맑음,단일로 - 기타,승합,남,49세,상해없음,,,,
2015032300100128,2015년 3월 23일 08시,월요일,광주광역시 광산구 월계동,경상사고,0,0,1,0,차대차 - 추돌 - 주정차중,안전운전불이행,건조,맑음,단일로 - 기타,승용,여,29세,상해없음,승용,여,31세,경상
2015032300100157,2015년 3월 23일 09시,월요일,광주광역시 서구 광천동,경상사고,0,0,1,0,차량단독 - 공작물충돌,안전운전불이행,건조,맑음,단일로 - 기타,승용,남,33세,경상,,,,
2015032300100158,2015년 3월 23일 09시,월요일,광주광역시 북구 오치동,중상사고,0,1,0,0,차대사람 - 기타,안전운전불이행,건조,맑음,교차로 - 교차로부근,승용,여,49세,상해없음,보행자,남,55세,중상
2015032300100189,2015년 3월 23일 10시,월요일,광주광역시 동구 금남로1가,경상사고,0,0,1,0,차대차 - 기타,신호위반,건조,맑음,교차로 - 교차로안,화물,남,25세,상해없음,승용,여,47세,경상
2015032300100190,2015년 3월 23일 10시,월요일,광주광역시 동구 계림동,경상사고,0,0,1,0,차대차 - 기타,안전운전불이행,건조,맑음,기타 - 기타,승용,남,50세,상해없음,승용,남,44세,경상
2015032300100191,2015년 3월 23일 10시,월요일,광주광역시 광산구 송정동,경상사고,0,0,2,0,차대차 - 측면직각충돌,안전거리미확보,건조,맑음,단일로 - 기타,승용,여,37세,상해없음,승용,남,28세,경상
2015032300100192,2015년 3월 23일 10시,월요일,광주광역시 광산구 쌍암동,경상사고,0,0,2,0,차대차 - 측면직각충돌,교차로운행방법위반,건조,맑음,교차로 - 교차로안,승용,여,47세,경상,승용,남,45세,경상
2015032300100310,2015년 3월 23일 14시,월요일,광주광역시 북구 용봉동,경상사고,0,0,1,0,차대차 - 추돌 - 진행중,기타,건조,맑음,단일로 - 기타,승용,남,47세,상해없음,자전거,남,11세,경상
2015032300100391,2015년 3월 23일 16시,월요일,광주광역시 광산구 산정동,경상사고,0,0,1,0,차대차 - 측면직각충돌,교차로운행방법위반,건조,맑음,교차로 - 교차로안,승합,남,28세,상해없음,원동기,남,55세,경상
2015032300100419,2015년 3월 23일 17시,월요일,광주광역시 광산구 용동,경상사고,0,0,1,0,차대차 - 추돌 - 진행중,중앙선침범,건조,맑음,단일로 - 기타,화물,남,55세,상해없음,승용,여,46세,경상
2015032300100450,2015년 3월 23일 18시,월요일,광주광역시 남구 진월동,경상사고,0,0,1,0,차대차 - 추돌 - 주정차중,안전운전불이행,건조,맑음,단일로 - 기타,승용,여,57세,상해없음,승용,여,43세,상해없음
2015032300100451,2015년 3월 23일 18시,월요일,광주광역시 광산구 지평동,경상사고,0,0,1,0,차대차 - 추돌 - 주정차중,안전운전불이행,건조,맑음,단일로 - 기타,화물,남,45세,상해없음,승용,남,42세,경상
2015032300100518,2015년 3월 23일 20시,월요일,광주광역시 서구 치평동,중상사고,0,1,0,0,차대사람 - 횡단중,안전운전불이행,건조,맑음,단일로 - 기타,승용,여,46세,상해없음,보행자,남,14세,중상
2015032300100519,2015년 3월 23일 20시,월요일,광주광역시 북구 용봉동,경상사고,0,0,4,0,차대차 - 추돌 - 주정차중,안전운전불이행,건조,맑음,단일로 - 기타,승용,여,42세,상해없음,승용,여,27세,경상
2015032300100553,2015년 3월 23일 21시,월요일,광주광역시 서구 쌍촌동,경상사고,0,0,1,0,차대차 - 추돌 - 주정차중,안전운전불이행,건조,맑음,교차로 - 교차로부근,승용,남,42세,상해없음,승용,남,25세,경상
2015032300100554,2015년 3월 23일 21시,월요일,광주광역시 북구 두암동,중상사고,0,2,0,0,차대차 - 추돌 - 진행중,안전운전불이행,건조,맑음,교차로 - 교차로안,이륜,남,49세,중상,이륜,남,24세,중상
2015032300100582,2015년 3월 23일 22시,월요일,광주광역시 남구 주월동,경상사고,0,0,1,0,차대차 - 측면직각충돌,중앙선침범,건조,맑음,단일로 - 기타,승용,여,47세,상해없음,승용,남,28세,경상
2015032300100583,2015년 3월 23일 22시,월요일,광주광역시 북구 일곡동,경상사고,0,0,3,0,차대차 - 추돌 - 진행중,안전운전불이행,건조,맑음,단일로 - 기타,승용,남,55세,상해없음,승용,남,26세,경상
2015032300100599,2015년 3월 23일 23시,월요일,광주광역시 북구 동림동,경상사고,0,0,2,0,차대차 - 기타,신호위반,건조,맑음,교차로 - 교차로안,승용,남,37세,상해없음,승용,남,59세,경상
2015032400100014,2015년 3월 24일 00시,화요일,광주광역시 북구 중흥동,중상사고,0,1,0,0,차대사람 - 차도통행중,안전운전불이행,건조,맑음,교차로 - 교차로부근,승용,기타불명,기타불명,기타불명,보행자,남,35세,중상
2015032400100015,2015년 3월 24일 00시,화요일,광주광역시 북구 운암동,경상사고,0,0,2,0,차대차 - 정면충돌,신호위반,건조,맑음,교차로 - 교차로안,승용,여,25세,상해없음,승용,남,51세,경상
2015032400100036,2015년 3월 24일 02시,화요일,광주광역시 서구 치평동,경상사고,0,0,2,0,차대차 - 기타,안전운전불이행,건조,맑음,단일로 - 기타,승용,남,61세,경상,승용,남,27세,상해없음
2015032400100049,2015년 3월 24일 04시,화요일,광주광역시 북구 임동,중상사고,0,1,0,0,차량단독 - 도로외이탈 - 추락,안전운전불이행,건조,맑음,교차로 - 교차로부근,승용,남,26세,중상,,,,
2015032400100107,2015년 3월 24일 07시,화요일,광주광역시 남구 주월동,중상사고,0,2,18,1,차대차 - 측면직각충돌,신호위반,건조,맑음,교차로 - 교차로안,승용,여,43세,상해없음,승합,남,60세,상해없음
2015032400100144,2015년 3월 24일 08시,화요일,광주광역시 남구 주월동,중상사고,0,2,13,0,차대차 - 측면직각충돌,교차로운행방법위반,건조,맑음,교차로 - 교차로부근,화물,남,53세,기타불명,승합,남,52세,경상
2015032400100145,2015년 3월 24일 08시,화요일,광주광역시 남구 월산동,경상사고,0,0,1,0,차대사람 - 횡단중,보행자보호의무위반,건조,맑음,교차로 - 교차로부근,승용,남,48세,상해없음,보행자,남,7세,경상
2015032400100175,2015년 3월 24일 09시,화요일,광주광역시 북구 두암동,사망사고,1,0,1,0,차량단독 - 공작물충돌,안전운전불이행,건조,맑음,단일로 - 기타,승합,남,63세,상해없음,,,,
2015032400100192,2015년 3월 24일 10시,화요일,광주광역시 동구 소태동,경상사고,0,0,1,0,차대차 - 측면직각충돌,안전운전불이행,건조,맑음,단일로 - 기타,특수,남,49세,상해없음,승용,여,42세,경상
2015032400100193,2015년 3월 24일 10시,화요일,광주광역시 서구 치평동,중상사고,0,1,0,0,차대사람 - 차도통행중,안전운전불이행,건조,맑음,단일로 - 기타,승합,남,53세,상해없음,보행자,남,67세,중상
2015032400100219,2015년 3월 24일 11시,화요일,광주광역시 서구 광천동,부상신고사고,0,0,0,1,차대차 - 측면직각충돌,안전거리미확보,건조,맑음,단일로 - 기타,승용,남,58세,상해없음,승용,남,53세,상해없음
2015032400100220,2015년 3월 24일 11시,화요일,광주광역시 광산구 수완동,경상사고,0,0,2,0,차대차 - 측면직각충돌,차로위반,건조,맑음,단일로 - 기타,승용,여,36세,상해없음,승용,남,32세,경상
2015032400100246,2015년 3월 24일 12시,화요일,광주광역시 광산구 송촌동,경상사고,0,0,4,0,차대차 - 추돌 - 주정차중,안전운전불이행,건조,맑음,교차로 - 교차로부근,화물,남,33세,상해없음,승용,여,56세,경상
2015032400100333,2015년 3월 24일 15시,화요일,광주광역시 동구 대인동,경상사고,0,0,1,0,차대차 - 기타,신호위반,건조,맑음,교차로 - 교차로안,자전거,남,70세,경상,승용,여,60세,상해없음
2015032400100334,2015년 3월 24일 15시,화요일,광주광역시 북구 문흥동,경상사고,0,0,2,0,차대차 - 추돌 - 진행중,안전운전불이행,건조,맑음,단일로 - 기타,화물,남,55세,상해없음,승용,남,23세,경상
2015032400100335,2015년 3월 24일 15시,화요일,광주광역시 광산구 흑석동,경상사고,0,0,1,0,차대차 - 추돌 - 주정차중,안전운전불이행,건조,맑음,단일로 - 기타,승용,남,28세,상해없음,승용,남,38세,경상
2015032400100361,2015년 3월 24일 16시,화요일,광주광역시 남구 봉선동,경상사고,0,0,1,0,차대차 - 측면직각충돌,안전운전불이행,건조,맑음,교차로 - 교차로안,승용,여,33세,상해없음,승용,여,36세,경상
2015032400100400,2015년 3월 24일 17시,화요일,광주광역시 북구 동림동,경상사고,0,0,1,0,차대차 - 측면직각충돌,안전운전불이행,건조,맑음,교차로 - 교차로안,승용,남,26세,상해없음,승용,남,34세,경상
2015032400100446,2015년 3월 24일 18시,화요일,광주광역시 남구 봉선동,중상사고,0,1,0,0,차대사람 - 차도통행중,안전운전불이행,건조,맑음,기타 - 기타,승용,여,44세,상해없음,보행자,남,46세,중상
2015032400100495,2015년 3월 24일 19시,화요일,광주광역시 북구 일곡동,경상사고,0,0,1,0,차대차 - 기타,교차로운행방법위반,건조,맑음,교차로 - 교차로안,화물,남,47세,상해없음,승용,여,53세,경상
2015032400100559,2015년 3월 24일 21시,화요일,광주광역시 동구 학동,경상사고,0,0,2,0,차대차 - 측면직각충돌,안전운전불이행,건조,맑음,단일로 - 기타,이륜,남,43세,상해없음,승용,남,32세,경상
2015032500100038,2015년 3월 25일 02시,수요일,광주광역시 서구 농성동,경상사고,0,0,1,0,차대사람 - 횡단중,안전운전불이행,건조,맑음,단일로 - 기타,승용,남,33세,상해없음,보행자,남,54세,경상
2015032500100137,2015년 3월 25일 08시,수요일,광주광역시 광산구 송정동,경상사고,0,0,1,0,차대차 - 측면직각충돌,안전거리미확보,건조,맑음,단일로 - 기타,승용,남,41세,상해없음,승용,남,62세,경상
2015032500100173,2015년 3월 25일 09시,수요일,광주광역시 북구 양산동,경상사고,0,0,1,0,차대차 - 추돌 - 진행중,신호위반,건조,맑음,교차로 - 교차로안,승용,남,32세,상해없음,승용,남,45세,경상
2015032500100240,2015년 3월 25일 11시,수요일,광주광역시 서구 매월동,경상사고,0,0,1,0,차대차 - 측면직각충돌,안전거리미확보,건조,맑음,단일로 - 기타,화물,남,45세,기타불명,화물,남,59세,경상
2015032500100241,2015년 3월 25일 11시,수요일,광주광역시 광산구 운수동,경상사고,0,0,1,0,차대차 - 추돌 - 진행중,안전거리미확보,건조,맑음,교차로 - 교차로부근,건설기계,남,63세,상해없음,승용,여,45세,경상
2015032500100279,2015년 3월 25일 12시,수요일,광주광역시 광산구 송정동,경상사고,0,0,1,0,차대차 - 측면직각충돌,중앙선침범,건조,맑음,교차로 - 교차로부근,자전거,남,27세,경상,화물,남,52세,상해없음
2015032500100312,2015년 3월 25일 13시,수요일,광주광역시 서구 쌍촌동,경상사고,0,0,1,0,차량단독 - 기타,기타,건조,맑음,단일로 - 기타,승합,남,56세,상해없음,,,,
2015032500100313,2015년 3월 25일 13시,수요일,광주광역시 북구 오치동,경상사고,0,0,5,0,차대차 - 측면직각충돌,안전운전불이행,건조,맑음,교차로 - 교차로안,승용,남,49세,상해없음,승합,남,34세,경상
2015032500100344,2015년 3월 25일 14시,수요일,광주광역시 서구 치평동,중상사고,0,1,0,0,차대사람 - 차도통행중,안전운전불이행,건조,맑음,단일로 - 기타,승용,남,45세,상해없음,보행자,여,51세,중상
2015032500100380,2015년 3월 25일 15시,수요일,광주광역시 동구 충장로5가,경상사고,0,0,1,0,차대사람 - 기타,안전운전불이행,건조,맑음,단일로 - 기타,자전거,기타불명,기타불명,기타불명,보행자,여,71세,경상
2015032500100381,2015년 3월 25일 15시,수요일,광주광역시 광산구 하남동,경상사고,0,0,1,0,차대차 - 추돌 - 주정차중,안전운전불이행,건조,맑음,단일로 - 기타,승용,남,33세,상해없음,승용,기타불명,기타불명,기타불명
2015032500100410,2015년 3월 25일 16시,수요일,광주광역시 서구 쌍촌동,부상신고사고,0,0,0,1,차대사람 - 기타,기타,건조,맑음,단일로 - 기타,승용,남,58세,상해없음,보행자,여,28세,부상신고
2015032500100445,2015년 3월 25일 17시,수요일,광주광역시 북구 운암동,경상사고,0,0,1,0,차대차 - 추돌 - 진행중,안전운전불이행,건조,맑음,단일로 - 기타,화물,남,52세,상해없음,이륜,남,28세,경상
2015032500100494,2015년 3월 25일 18시,수요일,광주광역시 광산구 도산동,경상사고,0,0,4,0,차대차 - 기타,안전운전불이행,건조,맑음,교차로 - 교차로안,승용,남,29세,상해없음,승용,남,58세,경상
2015032500100495,2015년 3월 25일 18시,수요일,광주광역시 광산구 비아동,중상사고,0,1,0,0,차량단독 - 공작물충돌,안전운전불이행,건조,맑음,교차로 - 교차로부근,승합,남,58세,중상,,,,
2015032500100541,2015년 3월 25일 19시,수요일,광주광역시 북구 오치동,중상사고,0,1,1,0,차량단독 - 공작물충돌,안전운전불이행,건조,맑음,단일로 - 기타,승용,남,21세,경상,,,,
2015032500100542,2015년 3월 25일 19시,수요일,광주광역시 광산구 임곡동,중상사고,0,1,0,0,차량단독 - 공작물충돌,안전운전불이행,건조,맑음,단일로 - 기타,승용,남,26세,중상,,,,
2015032500100576,2015년 3월 25일 20시,수요일,광주광역시 동구 계림동,경상사고,0,0,1,0,차대차 - 측면직각충돌,안전거리미확보,건조,흐림,단일로 - 기타,승용,남,50세,경상,승용,남,65세,상해없음
2015032500100601,2015년 3월 25일 21시,수요일,광주광역시 북구 임동,경상사고,0,0,1,0,차대차 - 추돌 - 진행중,차로위반,건조,맑음,교차로 - 교차로안,승합,남,53세,상해없음,승용,여,54세,경상
2015032500100634,2015년 3월 25일 22시,수요일,광주광역시 남구 주월동,경상사고,0,0,1,0,차대차 - 측면직각충돌,안전거리미확보,건조,맑음,단일로 - 기타,승용,남,37세,기타불명,승용,여,41세,경상
2015032500100659,2015년 3월 25일 23시,수요일,광주광역시 광산구 선암동,경상사고,0,0,2,0,차대차 - 추돌 - 진행중,안전운전불이행,건조,맑음,단일로 - 기타,화물,남,35세,상해없음,승용,남,46세,경상
2015032600100015,2015년 3월 26일 00시,목요일,광주광역시 남구 백운동,사망사고,1,0,0,0,차대사람 - 횡단중,안전운전불이행,건조,맑음,단일로 - 기타,승용,남,22세,상해없음,보행자,남,44세,사망
2015032600100016,2015년 3월 26일 00시,목요일,광주광역시 북구 연제동,중상사고,0,1,1,0,차대차 - 측면직각충돌,안전운전불이행,건조,맑음,단일로 - 기타,승용,남,24세,경상,건설기계,남,42세,상해없음
2015032600100017,2015년 3월 26일 00시,목요일,광주광역시 광산구 비아동,중상사고,0,1,1,0,차대차 - 측면직각충돌,교차로운행방법위반,건조,맑음,교차로 - 교차로안,승용,남,42세,상해없음,승용,남,35세,경상
2015032600100038,2015년 3월 26일 01시,목요일,광주광역시 남구 백운동,중상사고,0,1,2,0,차대차 - 측면직각충돌,신호위반,건조,맑음,교차로 - 교차로안,승용,남,72세,상해없음,승용,남,27세,경상
2015032600100072,2015년 3월 26일 05시,목요일,광주광역시 서구 농성동,경상사고,0,0,1,0,차대차 - 추돌 - 진행중,안전운전불이행,건조,맑음,교차로 - 교차로안,승용,남,32세,상해없음,승용,남,33세,상해없음
2015032600100087,2015년 3월 26일 06시,목요일,광주광역시 광산구 월계동,중상사고,0,1,0,0,차대사람 - 횡단중,보행자보호의무위반,건조,맑음,단일로 - 횡단보도상,승합,남,77세,상해없음,보행자,여,16세,중상
2015032600100260,2015년 3월 26일 11시,목요일,광주광역시 광산구 비아동,경상사고,0,0,1,0,차대차 - 추돌 - 진행중,중앙선침범,건조,맑음,단일로 - 기타,승용,남,59세,상해없음,화물,남,38세,상해없음
2015032600100289,2015년 3월 26일 12시,목요일,광주광역시 광산구 송촌동,중상사고,0,1,0,0,차대사람 - 길가장자리구역통행중,안전운전불이행,건조,맑음,단일로 - 기타,화물,남,55세,상해없음,보행자,여,44세,중상
2015032600100290,2015년 3월 26일 12시,목요일,광주광역시 광산구 송정동,경상사고,0,0,1,0,차대사람 - 길가장자리구역통행중,안전운전불이행,건조,맑음,단일로 - 기타,승용,남,77세,상해없음,보행자,여,54세,경상
2015032600100328,2015년 3월 26일 13시,목요일,광주광역시 남구 송하동,경상사고,0,0,1,0,차대차 - 추돌 - 진행중,신호위반,건조,맑음,교차로 - 교차로안,승용,여,21세,상해없음,승용,여,39세,경상
2015032600100357,2015년 3월 26일 14시,목요일,광주광역시 서구 풍암동,경상사고,0,0,1,0,차대사람 - 횡단중,안전운전불이행,건조,맑음,단일로 - 기타,승용,남,62세,상해없음,보행자,남,13세,경상
2015032600100358,2015년 3월 26일 14시,목요일,광주광역시 서구 유촌동,경상사고,0,0,1,0,차대차 - 측면직각충돌,안전운전불이행,건조,맑음,단일로 - 기타,자전거,남,67세,상해없음,자전거,남,60세,경상