사고번호,사고일시,요일,시군구,사고내용,사망자수,중상자수,경상자수,부상신고자수,사고유형,법규위반,노면상태,기상상태,도로형태,가해운전자 차종,가해운전자 성별,가해운전자 연령,가해운전자 상해정도,피해운전자 차종,피해운전자 성별,피해운전자 연령,피해운전자 상해정도
2015040100100024,2015년 4월 1일 00시,수요일,광주광역시 서구 금호동,사망사고,1,0,1,0,차대사람 - 횡단중,안전운전불이행,건조,맑음,단일로 - 기타,승용,남,47세,상해없음,보행자,남,47세,사망
2015040100100025,2015년 4월 1일 00시,수요일,광주광역시 서구 금호동,중상사고,0,1,1,0,차대차 - 측면직각충돌,안전운전불이행,건조,맑음,단일로 - 기타,승용,남,23세,상해없음,승용,여,48세,경상
2015040100100026,2015년 4월 1일 00시,수요일,광주광역시 광산구 수완동,경상사고,0,0,3,0,차대차 - 추돌 - 진행중,안전운전불이행,건조,맑음,교차로 - 교차로부근,승용,남,59세,상해없음,승용,남,55세,경상
2015040100100027,2015년 4월 1일 00시,수요일,광주광역시 광산구 도산동,중상사고,0,1,0,0,차대사람 - 차도통행중,불법유턴,건조,맑음,교차로 - 교차로안,승용,남,46세,상해없음,보행자,남,52세,중상
2015040100100058,2015년 4월 1일 02시,수요일,광주광역시 북구 용봉동,경상사고,0,0,1,0,차대차 - 측면직각충돌,안전운전불이행,건조,맑음,단일로 - 기타,승용,남,57세,상해없음,승용,남,26세,상해없음
2015040100100120,2015년 4월 1일 07시,수요일,광주광역시 북구 운암동,경상사고,0,0,2,0,차대차 - 측면직각충돌,신호위반,습기,비,교차로 - 교차로안,화물,남,51세,상해없음,승용,남,59세,경상
2015040100100156,2015년 4월 1일 08시,수요일,광주광역시 동구 계림동,중상사고,0,1,0,0,차대차 - 측면직각충돌,중앙선침범,건조,맑음,단일로 - 기타,자전거,여,68세,중상,승용,남,55세,상해없음
2015040100100157,2015년 4월 1일 08시,수요일,광주광역시 서구 화정동,경상사고,0,0,1,0,차대차 - 정면충돌,신호위반,건조,맑음,교차로 - 교차로안,승용,남,29세,상해없음,승용,남,62세,경상
2015040100100158,2015년 4월 1일 08시,수요일,광주광역시 광산구 신가동,경상사고,0,0,1,0,차대차 - 측면직각충돌,차로위반,습기,흐림,교차로 - 교차로부근,승용,여,43세,상해없음,승용,남,26세,경상
2015040100100182,2015년 4월 1일 09시,수요일,광주광역시 서구 덕흥동,경상사고,0,0,4,0,차대차 - 기타,안전운전불이행,건조,맑음,단일로 - 기타,승용,남,57세,경상,승용,남,32세,경상
2015040100100183,2015년 4월 1일 09시,수요일,광주광역시 서구 화정동,경상사고,0,0,1,1,차대차 - 측면직각충돌,안전운전불이행,건조,맑음,교차로 - 교차로부근,화물,남,38세,상해없음,승합,남,31세,상해없음
2015040100100210,2015년 4월 1일 10시,수요일,광주광역시 북구 두암동,경상사고,0,0,1,0,차대사람 - 차도통행중,안전운전불이행,건조,맑음,단일로 - 기타,화물,남,45세,상해없음,보행자,남,55세,경상
2015040100100211,2015년 4월 1일 10시,수요일,광주광역시 북구 문흥동,경상사고,0,0,1,0,차대차 - 측면직각충돌,안전운전불이행,건조,맑음,단일로 - 기타,승용,남,58세,상해없음,승용,여,47세,경상
2015040100100241,2015년 4월 1일 11시,수요일,광주광역시 광산구 송정동,중상사고,0,1,0,0,차대사람 - 보도통행중,신호위반,건조,맑음,교차로 - 교차로부근,승용,여,46세,상해없음,보행자,여,34세,중상
2015040100100306,2015년 4월 1일 13시,수요일,광주광역시 북구 신안동,경상사고,0,0,2,0,차대차 - 측면직각충돌,교차로운행방법위반,건조,맑음,교차로 - 교차로안,승용,여,63세,상해없음,승용,남,56세,경상
2015040100100333,2015년 4월 1일 14시,수요일,광주광역시 서구 광천동,경상사고,0,0,2,0,차대차 - 측면직각충돌,안전운전불이행,건조,맑음,교차로 - 교차로안,승용,남,25세,상해없음,승용,여,53세,경상
2015040100100334,2015년 4월 1일 14시,수요일,광주광역시 북구 운암동,경상사고,0,0,1,0,차대차 - 측면직각충돌,신호위반,건조,맑음,교차로 - 교차로안,승용,남,54세,상해없음,원동기,남,51세,경상
2015040100100335,2015년 4월 1일 14시,수요일,광주광역시 북구 동림동,경상사고,0,0,3,0,차대차 - 추돌 - 주정차중,안전운전불이행,건조,맑음,단일로 - 기타,승용,여,50세,경상,승용,남,69세,경상
2015040100100336,2015년 4월 1일 14시,수요일,광주광역시 북구 북동,경상사고,0,0,1,0,차대차 - 추돌 - 주정차중,안전거리미확보,건조,맑음,단일로 - 기타,승용,남,60세,상해없음,승용,남,37세,경상
2015040100100337,2015년 4월 1일 14시,수요일,광주광역시 광산구 우산동,경상사고,0,0,1,0,차대사람 - 횡단중,안전운전불이행,건조,맑음,교차로 - 교차로부근,승용,여,47세,상해없음,보행자,남,49세,경상
2015040100100338,2015년 4월 1일 14시,수요일,광주광역시 광산구 비아동,경상사고,0,0,1,0,차대사람 - 길가장자리구역통행중,안전운전불이행,건조,맑음,교차로 - 교차로부근,승용,남,61세,상해없음,보행자,남,52세,경상
2015040100100378,2015년 4월 1일 15시,수요일,광주광역시 북구 생용동,경상사고,0,0,3,0,차대차 - 추돌 - 진행중,중앙선침범,건조,맑음,단일로 - 기타,승용,남,41세,상해없음,승합,남,56세,경상
2015040100100412,2015년 4월 1일 16시,수요일,광주광역시 남구 진월동,중상사고,0,1,0,0,차대차 - 기타,차로위반,건조,맑음,단일로 - 기타,승용,남,26세,상해없음,승용,여,54세,중상
2015040100100448,2015년 4월 1일 17시,수요일,광주광역시 동구 산수동,경상사고,0,0,1,0,차대차 - 기타,안전운전불이행,건조,맑음,단일로 - 기타,승용,남,43세,상해없음,이륜,남,67세,경상
2015040100100477,2015년 4월 1일 18시,수요일,광주광역시 북구 오치동,경상사고,0,0,2,0,차대차 - 측면직각충돌,신호위반,건조,맑음,교차로 - 교차로안,승용,남,43세,상해없음,승용,남,54세,상해없음
2015040100100512,2015년 4월 1일 19시,수요일,광주광역시 동구 대인동,경상사고,0,0,2,0,차대차 - 정면충돌,신호위반,건조,맑음,교차로 - 교차로안,승용,여,25세,경상,승용,남,72세,상해없음
2015040100100513,2015년 4월 1일 19시,수요일,광주광역시 서구 농성동,경상사고,0,0,1,0,차대차 - 측면직각충돌,안전운전불이행,건조,맑음,단일로 - 기타,승용,남,66세,상해없음,승용,여,49세,경상
2015040100100570,2015년 4월 1일 21시,수요일,광주광역시 서구 금호동,경상사고,0,0,1,0,차대차 - 추돌 - 진행중,안전운전불이행,건조,맑음,단일로 - 기타,승용,남,38세,경상,승합,남,50세,상해없음
2015040100100598,2015년 4월 1일 22시,수요일,광주광역시 서구 풍암동,경상사고,0,0,1,0,차대사람 - 횡단중,안전운전불이행,건조,맑음,교차로 - 교차로안,승용,남,46세,상해없음,보행자,남,26세,경상
2015040100100599,2015년 4월 1일 22시,수요일,광주광역시 서구 화정동,경상사고,0,0,1,0,차대차 - 측면직각충돌,신호위반,건조,맑음,교차로 - 교차로안,승용,남,27세,상해없음,승합,남,55세,경상
2015040100100600,2015년 4월 1일 22시,수요일,광주광역시 북구 매곡동,중상사고,0,1,1,0,차대차 - 측면직각충돌,안전운전불이행,건조,맑음,교차로 - 교차로안,승용,남,49세,상해없음,승용,남,32세,경상
2015040200100138,2015년 4월 2일 08시,목요일,광주광역시 서구 금호동,부상신고사고,0,0,0,1,차대사람 - 횡단중,안전운전불이행,건조,맑음,단일로 - 기타,기타불명,기타불명,기타불명,기타불명,보행자,여,17세,부상신고
2015040200100139,2015년 4월 2일 08시,목요일,광주광역시 서구 농성동,경상사고,0,0,1,0,차대사람 - 길가장자리구역통행중,안전운전불이행,건조,흐림,단일로 - 기타,승용,여,28세,상해없음,보행자,남,14세,경상
2015040200100140,2015년 4월 2일 08시,목요일,광주광역시 서구 매월동,경상사고,0,0,1,0,차대차 - 추돌 - 진행중,안전운전불이행,건조,맑음,단일로 - 기타,승용,여,50세,상해없음,승용,여,36세,경상
2015040200100141,2015년 4월 2일 08시,목요일,광주광역시 북구 동림동,경상사고,0,0,2,0,차대차 - 측면직각충돌,안전운전불이행,건조,맑음,교차로 - 교차로안,승용,여,42세,상해없음,승용,남,48세,경상
2015040200100161,2015년 4월 2일 09시,목요일,광주광역시 서구 매월동,사망사고,2,1,0,0,차대사람 - 길가장자리구역통행중,과속,건조,맑음,단일로 - 기타,승용,남,19세,사망,보행자,남,66세,사망
2015040200100162,2015년 4월 2일 09시,목요일,광주광역시 북구 동림동,경상사고,0,0,2,0,차대차 - 측면직각충돌,교차로운행방법위반,건조,맑음,교차로 - 교차로안,승용,여,61세,상해없음,승용,여,34세,경상
2015040200100163,2015년 4월 2일 09시,목요일,광주광역시 북구 운암동,경상사고,0,0,1,0,차대차 - 측면직각충돌,신호위반,건조,맑음,교차로 - 교차로안,승용,남,73세,상해없음,승용,남,76세,경상
2015040200100192,2015년 4월 2일 10시,목요일,광주광역시 북구 연제동,경상사고,0,0,3,0,차대차 - 측면직각충돌,신호위반,건조,맑음,교차로 - 교차로안,승용,남,52세,경상,승용,여,36세,경상
2015040200100193,2015년 4월 2일 10시,목요일,광주광역시 광산구 신가동,중상사고,0,1,2,0,차대차 - 측면직각충돌,신호위반,건조,맑음,교차로 - 교차로안,승용,남,32세,상해없음,승용,남,52세,중상
2015040200100248,2015년 4월 2일 12시,목요일,광주광역시 서구 농성동,경상사고,0,0,1,0,차대차 - 측면직각충돌,교차로운행방법위반,건조,맑음,교차로 - 교차로안,승용,여,53세,상해없음,승용,여,54세,경상
2015040200100302,2015년 4월 2일 14시,목요일,광주광역시 북구 신안동,경상사고,0,0,1,0,차대차 - 기타,직진우회전진행방해,건조,맑음,교차로 - 교차로안,승용,남,63세,상해없음,승용,남,64세,경상
2015040200100303,2015년 4월 2일 14시,목요일,광주광역시 북구 용봉동,경상사고,0,0,1,0,차대차 - 측면직각충돌,중앙선침범,건조,맑음,단일로 - 기타,승합,남,63세,상해없음,승용,남,55세,경상
2015040200100402,2015년 4월 2일 17시,목요일,광주광역시 동구 충장로4가,경상사고,0,0,1,0,차대차 - 측면직각충돌,중앙선침범,건조,흐림,단일로 - 기타,승용,남,53세,상해없음,승용,남,27세,경상
2015040200100403,2015년 4월 2일 17시,목요일,광주광역시 서구 화정동,경상사고,0,0,1,0,차대차 - 추돌 - 주정차중,안전운전불이행,건조,맑음,교차로 - 교차로부근,승용,남,48세,상해없음,화물,남,44세,경상
2015040200100404,2015년 4월 2일 17시,목요일,광주광역시 광산구 우산동,부상신고사고,0,0,0,1,차대차 - 추돌 - 진행중,안전거리미확보,건조,맑음,단일로 - 기타,이륜,남,17세,부상신고,화물,남,28세,상해없음
2015040200100498,2015년 4월 2일 19시,목요일,광주광역시 동구 학동,부상신고사고,0,0,0,1,차대차 - 측면직각충돌,교차로운행방법위반,건조,맑음,교차로 - 교차로안,승용,여,30세,부상신고,승용,남,62세,상해없음
2015040200100499,2015년 4월 2일 19시,목요일,광주광역시 광산구 하남동,경상사고,0,0,1,0,차량단독 - 공작물충돌,안전운전불이행,습기,비,단일로 - 기타,원동기,여,54세,경상,,,,
2015040200100546,2015년 4월 2일 20시,목요일,광주광역시 북구 양산동,중상사고,0,1,0,0,차대사람 - 횡단중,안전운전불이행,건조,맑음,단일로 - 기타,승용,남,55세,기타불명,보행자,남,47세,중상
2015040200100547,2015년 4월 2일 20시,목요일,광주광역시 광산구 하남동,경상사고,0,0,2,0,차대차 - 측면직각충돌,신호위반,습기,비,교차로 - 교차로안,승용,여,54세,경상,승용,남,42세,경상
2015040200100548,2015년 4월 2일 20시,목요일,광주광역시 광산구 신창동,부상신고사고,0,0,0,1,차대사람 - 횡단중,보행자보호의무위반,습기,비,교차로 - 교차로안,승용,남,49세,상해없음,보행자,남,23세,부상신고
2015040200100602,2015년 4월 2일 21시,목요일,광주광역시 북구 대촌동,경상사고,0,0,2,0,차대차 - 추돌 - 주정차중,안전운전불이행,습기,비,단일로 - 기타,승용,남,39세,상해없음,승용,남,24세,경상
2015040200100603,2015년 4월 2일 21시,목요일,광주광역시 광산구 도천동,경상사고,0,0,1,0,차대차 - 추돌 - 주정차중,안전운전불이행,건조,맑음,단일로 - 기타,승용,남,50세,상해없음,승용,남,33세,경상
2015040200100655,2015년 4월 2일 22시,목요일,광주광역시 서구 쌍촌동,경상사고,0,0,1,0,차대차 - 추돌 - 진행중,안전운전불이행,습기,흐림,교차로 - 교차로부근,승용,남,57세,기타불명,승용,여,48세,경상
2015040200100709,2015년 4월 2일 23시,목요일,광주광역시 북구 두암동,경상사고,0,0,2,0,차대사람 - 길가장자리구역통행중,안전운전불이행,건조,맑음,교차로 - 교차로안,승용,남,38세,상해없음,보행자,여,24세,경상
2015040300100040,2015년 4월 3일 00시,금요일,광주광역시 서구 농성동,경상사고,0,0,5,0,차대차 - 추돌 - 주정차중,안전운전불이행,습기,비,교차로 - 교차로부근,승용,남,27세,상해없음,승용,남,38세,경상
2015040300100041,2015년 4월 3일 00시,금요일,광주광역시 서구 화정동,경상사고,0,0,1,0,차대차 - 측면직각충돌,신호위반,습기,비,단일로 - 기타,이륜,남,20세,경상,승용,남,50세,상해없음
2015040300100042,2015년 4월 3일 00시,금요일,광주광역시 북구 신용동,중상사고,0,1,1,0,차대차 - 추돌 - 주정차중,안전운전불이행,습기,비,단일로 - 기타,승용,남,44세,상해없음,승용,남,25세,경상
2015040300100043,2015년 4월 3일 00시,금요일,광주광역시 광산구 신가동,경상사고,0,0,1,0,차대사람 - 보도통행중,안전운전불이행,습기,비,교차로 - 교차로부근,승용,남,32세,상해없음,보행자,남,33세,경상
2015040300100068,2015년 4월 3일 01시,금요일,광주광역시 서구 광천동,경상사고,0,0,2,0,차대차 - 추돌 - 주정차중,안전운전불이행,습기,비,단일로 - 기타,승용,여,34세,상해없음,승용,남,40세,경상
2015040300100069,2015년 4월 3일 01시,금요일,광주광역시 북구 중흥동,중상사고,0,1,0,0,차대사람 - 횡단중,보행자보호의무위반,습기,비,단일로 - 횡단보도상,승용,남,38세,상해없음,보행자,남,56세,중상
2015040300100070,2015년 4월 3일 01시,금요일,광주광역시 광산구 산정동,경상사고,0,0,4,0,차대차 - 측면직각충돌,신호위반,습기,비,교차로 - 교차로안,승용,남,68세,상해없음,승용,남,57세,경상
2015040300100080,2015년 4월 3일 02시,금요일,광주광역시 서구 유촌동,경상사고,0,0,1,0,차대차 - 기타,중앙선침범,건조,맑음,단일로 - 기타,승용,남,36세,상해없음,승용,남,33세,경상
2015040300100128,2015년 4월 3일 06시,금요일,광주광역시 북구 운암동,경상사고,0,0,2,0,차대차 - 측면직각충돌,중앙선침범,건조,맑음,단일로 - 기타,승합,남,26세,상해없음,승용,남,27세,경상
2015040300100192,2015년 4월 3일 08시,금요일,광주광역시 서구 양동,경상사고,0,0,1,0,차대차 - 측면직각충돌,안전운전불이행,건조,맑음,단일로 - 기타,승용,남,41세,상해없음,승용,남,48세,상해없음
2015040300100193,2015년 4월 3일 08시,금요일,광주광역시 광산구 하남동,경상사고,0,0,1,1,차대차 - 측면직각충돌,안전거리미확보,습기,흐림,단일로 - 기타,승용,남,56세,부상신고,승용,남,32세,경상
2015040300100213,2015년 4월 3일 09시,금요일,광주광역시 동구 계림동,경상사고,0,0,2,0,차대차 - 측면직각충돌,중앙선침범,건조,맑음,단일로 - 기타,승용,남,31세,상해없음,승용,여,61세,경상
2015040300100232,2015년 4월 3일 10시,금요일,광주광역시 북구 오치동,경상사고,0,0,1,0,차대사람 - 차도통행중,안전운전불이행,건조,맑음,단일로 - 기타,승합,기타불명,기타불명,기타불명,보행자,여,80세,경상
2015040300100268,2015년 4월 3일 11시,금요일,광주광역시 서구 농성동,경상사고,0,0,1,0,차대차 - 측면직각충돌,안전운전불이행,건조,맑음,교차로 - 교차로안,승용,남,29세,상해없음,승용,남,45세,경상
2015040300100327,2015년 4월 3일 13시,금요일,광주광역시 서구 치평동,경상사고,0,0,2,0,차대차 - 측면직각충돌,안전운전불이행,건조,맑음,교차로 - 교차로안,승용,남,62세,상해없음,승용,남,46세,경상
2015040300100328,2015년 4월 3일 13시,금요일,광주광역시 남구 송하동,경상사고,0,0,2,0,차대차 - 기타,안전운전불이행,건조,맑음,교차로 - 교차로안,승용,남,49세,상해없음,승용,남,59세,경상
2015040300100329,2015년 4월 3일 13시,금요일,광주광역시 광산구 산월동,경상사고,0,0,1,0,차대사람 - 횡단중,보행자보호의무위반,건조,맑음,교차로 - 교차로부근,승용,여,48세,상해없음,보행자,여,9세,경상
2015040300100358,2015년 4월 3일 14시,금요일,광주광역시 서구 치평동,경상사고,0,0,1,0,차대차 - 측면직각충돌,교차로운행방법위반,건조,맑음,교차로 - 교차로안,승용,남,37세,상해없음,원동기,남,35세,경상
2015040300100425,2015년 4월 3일 16시,금요일,광주광역시 북구 운암동,경상사고,0,0,2,0,차대차 - 측면직각충돌,신호위반,건조,맑음,교차로 - 교차로안,이륜,여,55세,경상,승용,남,49세,경상
2015040300100473,2015년 4월 3일 17시,금요일,광주광역시 북구 임동,경상사고,0,0,1,0,차대차 - 측면직각충돌,안전운전불이행,건조,맑음,교차로 - 교차로안,승용,남,60세,상해없음,자전거,여,50세,경상
2015040300100518,2015년 4월 3일 18시,금요일,광주광역시 남구 노대동,경상사고,0,0,1,0,차대차 - 측면직각충돌,안전거리미확보,건조,맑음,단일로 - 기타,승용,남,19세,상해없음,승용,남,27세,경상
2015040300100560,2015년 4월 3일 19시,금요일,광주광역시 서구 유촌동,경상사고,0,0,1,0,차대차 - 추돌 - 진행중,안전거리미확보,건조,맑음,단일로 - 기타,승용,여,46세,상해없음,승용,남,41세,경상
2015040300100598,2015년 4월 3일 20시,금요일,광주광역시 북구 두암동,경상사고,0,0,2,0,차대차 - 측면직각충돌,안전운전불이행,건조,맑음,단일로 - 기타,승용,남,31세,상해없음,승용,남,63세,경상
2015040300100677,2015년 4월 3일 22시,금요일,광주광역시 서구 치평동,경상사고,0,0,1,0,차대사람 - 횡단중,안전운전불이행,건조,맑음,교차로 - 교차로부근,승용,남,41세,상해없음,보행자,남,39세,경상
2015040300100678,2015년 4월 3일 22시,금요일,광주광역시 남구 백운동,중상사고,0,1,0,0,차대사람 - 횡단중,중앙선침범,건조,맑음,단일로 - 기타,승용,남,28세,상해없음,보행자,여,63세,중상
2015040400100046,2015년 4월 4일 01시,토요일,광주광역시 서구 쌍촌동,경상사고,0,0,2,0,차대차 - 추돌 - 주정차중,안전운전불이행,건조,맑음,단일로 - 기타,승용,남,35세,상해없음,승용,남,34세,경상
2015040400100068,2015년 4월 4일 02시,토요일,광주광역시 동구 광산동,경상사고,0,0,1,0,차대사람 - 차도통행중,안전운전불이행,건조,맑음,단일로 - 기타,승용,남,68세,상해없음,보행자,남,20세,경상
2015040400100069,2015년 4월 4일 02시,토요일,광주광역시 서구 치평동,경상사고,0,0,4,0,차대차 - 측면직각충돌,직진우회전진행방해,건조,흐림,교차로 - 교차로안,승용,남,37세,경상,승용,남,27세,경상
2015040400100070,2015년 4월 4일 02시,토요일,광주광역시 서구 금호동,경상사고,0,0,3,0,차대차 - 추돌 - 주정차중,안전운전불이행,건조,맑음,교차로 - 교차로부근,승용,여,51세,상해없음,승용,남,40세,경상
2015040400100071,2015년 4월 4일 02시,토요일,광주광역시 북구 용봉동,경상사고,0,0,1,0,차대차 - 측면직각충돌,신호위반,건조,맑음,교차로 - 교차로안,승용,남,30세,상해없음,승용,남,25세,경상
2015040400100089,2015년 4월 4일 03시,토요일,광주광역시 서구 치평동,경상사고,0,0,1,0,차대사람 - 차도통행중,안전운전불이행,건조,맑음,단일로 - 기타,승용,남,70세,상해없음,보행자,남,29세,경상
2015040400100121,2015년 4월 4일 06시,토요일,광주광역시 북구 양산동,경상사고,0,0,1,0,차대차 - 측면직각충돌,신호위반,건조,맑음,교차로 - 교차로안,승합,남,67세,상해없음,승용,남,34세,경상
2015040400100122,2015년 4월 4일 06시,토요일,광주광역시 광산구 월계동,경상사고,0,0,1,0,차대차 - 기타,신호위반,건조,맑음,교차로 - 교차로안,승용,여,52세,상해없음,승용,남,42세,경상
2015040400100134,2015년 4월 4일 07시,토요일,광주광역시 서구 쌍촌동,경상사고,0,0,1,0,차대차 - 추돌 - 주정차중,안전운전불이행,건조,맑음,단일로 - 기타,승용,남,46세,상해없음,승용,여,49세,경상
2015040400100135,2015년 4월 4일 07시,토요일,광주광역시 광산구 우산동,경상사고,0,0,4,0,차대차 - 측면직각충돌,신호위반,건조,맑음,교차로 - 교차로안,승용,남,47세,상해없음,승용,남,51세,경상
2015040400100257,2015년 4월 4일 11시,토요일,광주광역시 서구 광천동,경상사고,0,0,1,0,차대차 - 측면직각충돌,안전운전불이행,건조,흐림,교차로 - 교차로부근,승용,남,20세,상해없음,승용,남,56세,상해없음
2015040400100258,2015년 4월 4일 11시,토요일,광주광역시 남구 봉선동,경상사고,0,0,2,0,차대차 - 측면직각충돌,안전운전불이행,건조,맑음,교차로 - 교차로안,승용,여,45세,상해없음,승용,남,61세,경상
2015040400100259,2015년 4월 4일 11시,토요일,광주광역시 북구 동림동,경상사고,0,0,2,0,차대차 - 측면직각충돌,안전운전불이행,건조,맑음,교차로 - 교차로부근,승용,남,60세,경상,승용,남,40세,경상
2015040400100293,2015년 4월 4일 12시,토요일,광주광역시 광산구 장록동,경상사고,0,0,5,0,차대차 - 추돌 - 주정차중,안전운전불이행,건조,흐림,단일로 - 기타,승용,남,34세,상해없음,승용,남,42세,경상
2015040400100294,2015년 4월 4일 12시,토요일,광주광역시 광산구 송정동,중상사고,0,1,0,0,차대차 - 추돌 - 진행중,안전거리미확보,건조,맑음,단일로 - 기타,승용,남,43세,상해없음,승용,남,64세,중상
2015040400100324,2015년 4월 4일 13시,토요일,광주광역시 남구 송하동,경상사고,0,0,1,0,차대차 - 기타,차로위반,건조,맑음,단일로 - 기타,승용,남,53세,상해없음,승용,여,44세,경상
2015040400100325,2015년 4월 4일 13시,토요일,광주광역시 광산구 우산동,경상사고,0,0,1,0,차대차 - 측면직각충돌,안전운전불이행,건조,맑음,교차로 - 교차로부근,승용,여,67세,상해없음,승용,남,33세,경상
2015040400100364,2015년 4월 4일 14시,토요일,광주광역시 서구 광천동,중상사고,0,1,0,0,차대차 - 측면직각충돌,교차로운행방법위반,건조,흐림,교차로 - 교차로안,승용,남,68세,상해없음,원동기,남,62세,상해없음
2015040400100365,2015년 4월 4일 14시,토요일,광주광역시 북구 우산동,경상사고,0,0,1,0,차대사람 - 보도통행중,안전운전불이행,건조,맑음,교차로 - 교차로부근,승용,남,62세,상해없음,보행자,여,61세,경상
2015040400100392,2015년 4월 4일 15시,토요일,광주광역시 북구 각화동,중상사고,0,1,0,0,차대사람 - 보도통행중,안전운전불이행,습기,비,단일로 - 기타,승용,남,44세,상해없음,보행자,남,65세,중상
2015040400100432,2015년 4월 4일 16시,토요일,광주광역시 서구 쌍촌동,경상사고,0,0,2,0,차대차 - 측면직각충돌,안전거리미확보,건조,맑음,단일로 - 기타,승용,남,57세,상해없음,승용,남,64세,경상
2015040400100433,2015년 4월 4일 16시,토요일,광주광역시 광산구 월곡동,경상사고,0,0,1,0,차대사람 - 횡단중,안전운전불이행,습기,비,단일로 - 기타,승용,남,37세,상해없음,보행자,여,59세,경상
2015040400100434,2015년 4월 4일 16시,토요일,광주광역시 광산구 운수동,경상사고,0,0,2,0,차대차 - 추돌 - 주정차중,안전운전불이행,습기,비,교차로 - 교차로부근,승용,남,19세,경상,화물,남,47세,경상
2015040400100516,2015년 4월 4일 18시,토요일,광주광역시 남구 노대동,중상사고,0,1,2,0,차대차 - 추돌 - 진행중,안전운전불이행,건조,맑음,단일로 - 기타,승용,남,60세,상해없음,승용,여,40세,중상
2015040400100545,2015년 4월 4일 19시,토요일,광주광역시 북구 문흥동,경상사고,0,0,3,0,차대차 - 측면직각충돌,안전거리미확보,습기,비,단일로 - 기타,승용,남,57세,상해없음,승용,여,52세,경상
2015040400100566,2015년 4월 4일 19시,토요일,광주광역시 광산구 하남동,경상사고,0,0,2,0,차대사람 - 보도통행중,보행자보호의무위반,습기,비,교차로 - 교차로부근,승용,여,56세,상해없음,보행자,남,47세,경상
2015040400100567,2015년 4월 4일 19시,토요일,광주광역시 광산구 소촌동,경상사고,0,0,1,0,차대차 - 측면직각충돌,교차로운행방법위반,건조,맑음,교차로 - 교차로안,승용,남,31세,상해없음,승용,여,57세,경상
2015040400100568,2015년 4월 4일 19시,토요일,광주광역시 광산구 도산동,중상사고,0,1,0,0,차대차 - 측면직각충돌,교차로운행방법위반,습기,비,교차로 - 교차로안,화물,남,36세,상해없음,승용,남,35세,중상
2015040400100613,2015년 4월 4일 20시,토요일,광주광역시 서구 광천동,중상사고,0,1,0,0,차대차 - 추돌 - 진행중,안전거리미확보,습기,비,단일로 - 기타,승용,남,57세,상해없음,승용,남,51세,중상
2015040400100667,2015년 4월 4일 21시,토요일,광주광역시 북구 운암동,경상사고,0,0,1,0,차대차 - 측면직각충돌,안전운전불이행,건조,맑음,단일로 - 기타,승용,남,24세,상해없음,승용,여,49세,경상
2015040500100068,2015년 4월 5일 02시,일요일,광주광역시 남구 백운동,중상사고,0,1,0,0,차대차 - 측면직각충돌,신호위반,건조,맑음,교차로 - 교차로안,승용,남,41세,기타불명,승용,남,51세,중상
2015040500100112,2015년 4월 5일 05시,일요일,광주광역시 서구 쌍촌동,경상사고,0,0,1,0,차대차 - 추돌 - 진행중,안전운전불이행,건조,맑음,교차로 - 교차로부근,승용,남,60세,상해없음,승용,남,53세,경상
2015040500100113,2015년 4월 5일 05시,일요일,광주광역시 북구 신용동,경상사고,0,0,1,0,차대차 - 추돌 - 진행중,안전운전불이행,습기,비,단일로 - 교량,승용,남,37세,상해없음,승용,남,40세,경상
2015040500100169,2015년 4월 5일 09시,일요일,광주광역시 남구 송하동,중상사고,0,1,2,0,차대차 - 기타,기타,건조,맑음,기타 - 기타,승합,남,57세,기타불명,승용,여,30세,상해없음
2015040500100273,2015년 4월 5일 14시,일요일,광주광역시 서구 치평동,경상사고,0,0,1,0,차대사람 - 횡단중,보행자보호의무위반,건조,맑음,단일로 - 기타,승용,남,28세,상해없음,보행자,여,13세,경상
2015040500100307,2015년 4월 5일 15시,일요일,광주광역시 북구 임동,경상사고,0,0,1,0,차대차 - 측면직각충돌,안전운전불이행,건조,맑음,단일로 - 기타,승용,남,52세,상해없음,승용,남,50세,상해없음
2015040500100337,2015년 4월 5일 16시,일요일,광주광역시 북구 용봉동,경상사고,0,0,2,0,차대차 - 측면직각충돌,안전운전불이행,습기,비,단일로 - 기타,승용,남,54세,상해없음,승용,남,38세,경상
2015040500100505,2015년 4월 5일 21시,일요일,광주광역시 서구 쌍촌동,부상신고사고,0,0,0,1,차대차 - 추돌 - 진행중,안전거리미확보,습기,비,교차로 - 교차로부근,이륜,남,25세,부상신고,승용,남,35세,상해없음
2015040500100506,2015년 4월 5일 21시,일요일,광주광역시 북구 용봉동,중상사고,0,2,0,0,차대차 - 측면직각충돌,안전운전불이행,습기,비,교차로 - 교차로안,승용,여,23세,상해없음,이륜,남,59세,중상
2015040500100507,2015년 4월 5일 21시,일요일,광주광역시 광산구 우산동,경상사고,0,0,1,0,차대사람 - 횡단중,신호위반,건조,맑음,교차로 - 교차로부근,승용,여,32세,상해없음,보행자,남,51세,경상
2015040500100528,2015년 4월 5일 22시,일요일,광주광역시 동구 광산동,경상사고,0,0,5,0,차대차 - 측면직각충돌,안전운전불이행,건조,맑음,단일로 - 기타,승용,남,19세,상해없음,승용,남,25세,경상
2015040500100529,2015년 4월 5일 22시,일요일,광주광역시 북구 풍향동,중상사고,0,1,1,0,차대차 - 측면직각충돌,교차로운행방법위반,습기,비,교차로 - 교차로안,이륜,남,16세,중상,승용,남,61세,경상