사고번호,사고일시,요일,시군구,사고내용,사망자수,중상자수,경상자수,부상신고자수,사고유형,법규위반,노면상태,기상상태,도로형태,가해운전자 차종,가해운전자 성별,가해운전자 연령,가해운전자 상해정도,피해운전자 차종,피해운전자 성별,피해운전자 연령,피해운전자 상해정도
2015040600100014,2015년 4월 6일 00시,월요일,광주광역시 동구 계림동,경상사고,0,0,1,0,차대차 - 측면직각충돌,직진우회전진행방해,습기,비,교차로 - 교차로안,이륜,남,19세,경상,승용,남,64세,상해없음
2015040600100041,2015년 4월 6일 03시,월요일,광주광역시 서구 화정동,경상사고,0,0,1,0,차대사람 - 길가장자리구역통행중,안전운전불이행,건조,흐림,단일로 - 기타,승용,남,45세,상해없음,보행자,여,19세,경상
2015040600100102,2015년 4월 6일 07시,월요일,광주광역시 광산구 운남동,경상사고,0,0,1,0,차대차 - 추돌 - 주정차중,안전운전불이행,건조,맑음,단일로 - 기타,승용,남,53세,상해없음,승용,여,33세,경상
2015040600100149,2015년 4월 6일 08시,월요일,광주광역시 동구 동명동,중상사고,0,1,0,0,차량단독 - 기타,기타,건조,맑음,단일로 - 기타,승합,남,56세,상해없음,,,,
2015040600100150,2015년 4월 6일 08시,월요일,광주광역시 북구 삼각동,경상사고,0,0,1,0,차대사람 - 횡단중,안전운전불이행,건조,맑음,교차로 - 교차로안,승용,남,44세,상해없음,보행자,여,64세,경상
2015040600100186,2015년 4월 6일 09시,월요일,광주광역시 남구 방림동,경상사고,0,0,2,0,차대차 - 측면직각충돌,안전운전불이행,건조,맑음,단일로 - 기타,승용,남,62세,상해없음,승용,여,44세,경상
2015040600100187,2015년 4월 6일 09시,월요일,광주광역시 북구 운암동,경상사고,0,0,1,0,차대차 - 측면직각충돌,안전거리미확보,습기,비,미분류 - 미분류,승용,남,19세,상해없음,승용,남,36세,경상
2015040600100217,2015년 4월 6일 10시,월요일,광주광역시 서구 치평동,경상사고,0,0,2,0,차대차 - 정면충돌,교차로운행방법위반,습기,비,교차로 - 교차로안,승용,남,24세,경상,승용,남,32세,경상
2015040600100251,2015년 4월 6일 11시,월요일,광주광역시 서구 금호동,경상사고,0,0,1,0,차대사람 - 횡단중,안전운전불이행,습기,흐림,교차로 - 교차로부근,승용,남,28세,기타불명,보행자,남,28세,경상
2015040600100252,2015년 4월 6일 11시,월요일,광주광역시 서구 치평동,경상사고,0,0,2,0,차대차 - 기타,교차로운행방법위반,건조,맑음,교차로 - 교차로부근,화물,남,33세,상해없음,화물,남,40세,경상
2015040600100279,2015년 4월 6일 12시,월요일,광주광역시 서구 쌍촌동,경상사고,0,0,1,0,차대사람 - 횡단중,보행자보호의무위반,습기,비,교차로 - 교차로안,화물,여,49세,기타불명,보행자,여,20세,경상
2015040600100313,2015년 4월 6일 13시,월요일,광주광역시 서구 치평동,중상사고,0,1,0,0,차대차 - 측면직각충돌,안전운전불이행,건조,맑음,교차로 - 교차로안,승용,여,51세,상해없음,승용,여,43세,중상
2015040600100314,2015년 4월 6일 13시,월요일,광주광역시 서구 금호동,경상사고,0,0,1,0,차대차 - 측면직각충돌,안전운전불이행,습기,흐림,교차로 - 교차로안,승용,남,41세,상해없음,승용,남,52세,경상
2015040600100354,2015년 4월 6일 14시,월요일,광주광역시 동구 대인동,경상사고,0,0,1,0,차대차 - 기타,중앙선침범,습기,비,단일로 - 기타,자전거,남,58세,경상,승용,남,39세,상해없음
2015040600100355,2015년 4월 6일 14시,월요일,광주광역시 서구 풍암동,경상사고,0,0,2,1,차대차 - 측면직각충돌,안전운전불이행,습기,비,교차로 - 교차로부근,승용,남,57세,상해없음,승용,남,46세,부상신고
2015040600100390,2015년 4월 6일 15시,월요일,광주광역시 동구 대의동,중상사고,0,1,0,0,차대차 - 측면직각충돌,중앙선침범,건조,맑음,단일로 - 기타,자전거,남,69세,중상,이륜,남,59세,상해없음
2015040600100391,2015년 4월 6일 15시,월요일,광주광역시 광산구 운남동,경상사고,0,0,1,0,차대사람 - 횡단중,안전운전불이행,습기,비,단일로 - 기타,승용,남,34세,상해없음,보행자,남,6세,경상
2015040600100429,2015년 4월 6일 16시,월요일,광주광역시 북구 양산동,경상사고,0,0,1,0,차대차 - 추돌 - 진행중,안전운전불이행,건조,맑음,단일로 - 기타,승용,남,43세,상해없음,승용,여,33세,경상
2015040600100499,2015년 4월 6일 18시,월요일,광주광역시 광산구 산정동,부상신고사고,0,0,0,1,차대사람 - 차도통행중,안전운전불이행,습기,흐림,단일로 - 기타,기타불명,기타불명,기타불명,기타불명,보행자,남,90세 이상,부상신고
2015040600100533,2015년 4월 6일 19시,월요일,광주광역시 광산구 신창동,경상사고,0,0,1,0,차대차 - 측면직각충돌,안전운전불이행,건조,맑음,단일로 - 기타,승용,남,62세,상해없음,이륜,남,16세,경상
2015040600100569,2015년 4월 6일 20시,월요일,광주광역시 북구 신용동,경상사고,0,0,2,0,차대차 - 측면직각충돌,안전운전불이행,건조,맑음,단일로 - 기타,승용,남,24세,상해없음,승용,여,39세,경상
2015040700100032,2015년 4월 7일 01시,화요일,광주광역시 동구 대인동,경상사고,0,0,2,0,차대차 - 측면직각충돌,중앙선침범,건조,맑음,단일로 - 기타,승용,여,34세,경상,승용,남,54세,경상
2015040700100099,2015년 4월 7일 07시,화요일,광주광역시 남구 양과동,경상사고,0,0,2,0,차대차 - 추돌 - 진행중,안전거리미확보,건조,맑음,단일로 - 기타,승용,남,59세,상해없음,승용,남,29세,경상
2015040700100146,2015년 4월 7일 08시,화요일,광주광역시 북구 신안동,중상사고,0,1,1,0,차대차 - 추돌 - 진행중,안전운전불이행,건조,맑음,단일로 - 기타,승용,남,30세,기타불명,승용,여,45세,중상
2015040700100182,2015년 4월 7일 09시,화요일,광주광역시 남구 송하동,경상사고,0,0,2,0,차대차 - 측면직각충돌,교차로운행방법위반,건조,맑음,교차로 - 교차로안,화물,남,55세,경상,승용,남,43세,경상
2015040700100183,2015년 4월 7일 09시,화요일,광주광역시 북구 우산동,경상사고,0,0,1,0,차대차 - 추돌 - 주정차중,안전운전불이행,건조,맑음,단일로 - 기타,승용,여,67세,기타불명,자전거,남,38세,경상
2015040700100211,2015년 4월 7일 10시,화요일,광주광역시 서구 매월동,경상사고,0,0,2,0,차대차 - 추돌 - 진행중,차로위반,기타,기타,기타 - 기타,승용,남,62세,상해없음,승용,남,50세,경상
2015040700100212,2015년 4월 7일 10시,화요일,광주광역시 북구 용전동,중상사고,0,1,0,0,차대차 - 측면직각충돌,신호위반,건조,맑음,교차로 - 교차로안,승용,남,65세,상해없음,승용,남,72세,중상
2015040700100237,2015년 4월 7일 11시,화요일,광주광역시 서구 화정동,중상사고,0,1,0,0,차대차 - 측면직각충돌,안전거리미확보,건조,맑음,교차로 - 교차로안,승용,여,36세,상해없음,자전거,남,70세,중상
2015040700100262,2015년 4월 7일 12시,화요일,광주광역시 북구 우산동,경상사고,0,0,2,0,차대차 - 기타,교차로운행방법위반,건조,맑음,교차로 - 교차로부근,승합,남,33세,상해없음,승합,남,38세,경상
2015040700100291,2015년 4월 7일 13시,화요일,광주광역시 서구 동천동,경상사고,0,0,1,0,차대차 - 측면직각충돌,안전거리미확보,건조,맑음,단일로 - 기타,승용,남,53세,상해없음,승용,여,64세,상해없음
2015040700100292,2015년 4월 7일 13시,화요일,광주광역시 광산구 산월동,경상사고,0,0,3,0,차대차 - 추돌 - 주정차중,안전운전불이행,건조,맑음,교차로 - 교차로부근,승용,남,65세,상해없음,승용,여,35세,경상
2015040700100349,2015년 4월 7일 15시,화요일,광주광역시 서구 금호동,경상사고,0,0,1,0,차대사람 - 기타,기타,건조,맑음,단일로 - 기타,승합,남,62세,기타불명,보행자,여,29세,경상
2015040700100350,2015년 4월 7일 15시,화요일,광주광역시 광산구 진곡동,경상사고,0,0,1,0,차대차 - 측면직각충돌,교차로운행방법위반,건조,맑음,교차로 - 교차로안,승용,남,49세,상해없음,승용,여,25세,경상
2015040700100381,2015년 4월 7일 16시,화요일,광주광역시 동구 지산동,경상사고,0,0,1,0,차대사람 - 기타,안전운전불이행,건조,맑음,단일로 - 기타,승용,남,74세,상해없음,보행자,여,36세,경상
2015040700100404,2015년 4월 7일 17시,화요일,광주광역시 동구 동명동,경상사고,0,0,5,0,차대차 - 측면직각충돌,안전운전불이행,건조,맑음,교차로 - 교차로안,화물,남,48세,상해없음,승합,남,60세,경상
2015040700100405,2015년 4월 7일 17시,화요일,광주광역시 서구 쌍촌동,경상사고,0,0,1,0,차대차 - 추돌 - 진행중,안전운전불이행,건조,맑음,단일로 - 기타,승용,남,21세,상해없음,승용,여,48세,경상
2015040700100406,2015년 4월 7일 17시,화요일,광주광역시 광산구 진곡동,경상사고,0,0,2,0,차대차 - 측면직각충돌,안전운전불이행,건조,맑음,단일로 - 기타,승용,남,55세,경상,승용,남,57세,경상
2015040700100443,2015년 4월 7일 18시,화요일,광주광역시 북구 두암동,경상사고,0,0,1,0,차대사람 - 길가장자리구역통행중,안전운전불이행,건조,맑음,단일로 - 기타,승용,남,55세,상해없음,보행자,남,21세,경상
2015040700100444,2015년 4월 7일 18시,화요일,광주광역시 광산구 비아동,경상사고,0,0,2,0,차대차 - 추돌 - 주정차중,안전운전불이행,건조,맑음,단일로 - 기타,화물,남,51세,상해없음,승용,여,56세,경상
2015040700100474,2015년 4월 7일 19시,화요일,광주광역시 북구 용봉동,사망사고,1,0,0,0,차대사람 - 횡단중,안전운전불이행,건조,맑음,단일로 - 기타,화물,남,45세,상해없음,보행자,남,75세,사망
2015040700100475,2015년 4월 7일 19시,화요일,광주광역시 북구 금곡동,중상사고,0,3,2,0,차대차 - 정면충돌,중앙선침범,건조,맑음,단일로 - 기타,승용,남,40세,경상,승용,남,28세,중상
2015040700100509,2015년 4월 7일 20시,화요일,광주광역시 북구 문흥동,경상사고,0,0,1,0,차대차 - 측면직각충돌,직진우회전진행방해,건조,맑음,교차로 - 교차로부근,승용,남,67세,상해없음,화물,남,40세,경상
2015040700100510,2015년 4월 7일 20시,화요일,광주광역시 광산구 쌍암동,경상사고,0,0,2,0,차대차 - 측면직각충돌,신호위반,건조,흐림,교차로 - 교차로안,승용,남,38세,상해없음,승용,여,53세,경상
2015040800100032,2015년 4월 8일 01시,수요일,광주광역시 서구 화정동,경상사고,0,0,2,0,차대차 - 측면직각충돌,신호위반,건조,맑음,교차로 - 교차로안,승용,남,74세,상해없음,승용,남,39세,경상
2015040800100163,2015년 4월 8일 09시,수요일,광주광역시 서구 농성동,경상사고,0,0,2,0,차대사람 - 기타,안전운전불이행,건조,맑음,교차로 - 교차로안,승용,남,25세,상해없음,보행자,남,25세,경상
2015040800100183,2015년 4월 8일 10시,수요일,광주광역시 서구 화정동,경상사고,0,0,1,0,차대차 - 측면직각충돌,안전운전불이행,건조,맑음,단일로 - 기타,승용,남,61세,기타불명,승용,여,46세,경상
2015040800100184,2015년 4월 8일 10시,수요일,광주광역시 북구 문흥동,경상사고,0,0,3,0,차대차 - 측면직각충돌,안전운전불이행,건조,맑음,단일로 - 기타,승용,여,56세,상해없음,화물,남,68세,경상
2015040800100215,2015년 4월 8일 11시,수요일,광주광역시 동구 대인동,경상사고,0,0,2,0,차대차 - 기타,안전운전불이행,건조,맑음,단일로 - 기타,승용,남,54세,상해없음,승합,남,39세,경상
2015040800100245,2015년 4월 8일 12시,수요일,광주광역시 동구 대의동,경상사고,0,0,1,0,차대차 - 기타,안전운전불이행,건조,맑음,기타 - 기타,승용,여,29세,상해없음,승용,남,43세,경상
2015040800100270,2015년 4월 8일 13시,수요일,광주광역시 서구 내방동,중상사고,0,1,0,0,차대사람 - 차도통행중,안전운전불이행,건조,맑음,단일로 - 기타,승용,남,50세,상해없음,보행자,남,33세,중상
2015040800100271,2015년 4월 8일 13시,수요일,광주광역시 광산구 비아동,중상사고,0,1,0,0,차량단독 - 전도전복,안전운전불이행,건조,맑음,교차로 - 교차로부근,이륜,남,76세,중상,,,,
2015040800100371,2015년 4월 8일 16시,수요일,광주광역시 서구 쌍촌동,경상사고,0,0,1,0,차대차 - 측면직각충돌,신호위반,건조,맑음,교차로 - 교차로안,승용,남,21세,상해없음,승용,남,46세,경상
2015040800100372,2015년 4월 8일 16시,수요일,광주광역시 광산구 서봉동,중상사고,0,1,1,0,차대차 - 측면직각충돌,안전운전불이행,건조,맑음,교차로 - 교차로안,승용,남,26세,중상,화물,남,38세,경상
2015040800100400,2015년 4월 8일 17시,수요일,광주광역시 북구 용봉동,경상사고,0,0,1,0,차대차 - 기타,중앙선침범,건조,맑음,단일로 - 기타,승용,여,27세,상해없음,이륜,남,21세,경상
2015040800100460,2015년 4월 8일 19시,수요일,광주광역시 북구 운암동,경상사고,0,0,2,0,차대차 - 기타,안전운전불이행,건조,맑음,단일로 - 기타,승용,여,48세,상해없음,승용,남,47세,경상
2015040800100461,2015년 4월 8일 19시,수요일,광주광역시 북구 운암동,경상사고,0,0,1,0,차대사람 - 길가장자리구역통행중,안전운전불이행,건조,맑음,단일로 - 기타,승용,기타불명,기타불명,기타불명,보행자,남,60세,경상
2015040800100462,2015년 4월 8일 19시,수요일,광주광역시 북구 임동,경상사고,0,0,1,0,차대차 - 측면직각충돌,안전거리미확보,건조,맑음,단일로 - 기타,승용,남,31세,경상,화물,남,56세,상해없음
2015040800100494,2015년 4월 8일 20시,수요일,광주광역시 북구 오치동,경상사고,0,0,1,0,차대차 - 측면직각충돌,안전거리미확보,건조,맑음,교차로 - 교차로부근,화물,남,43세,상해없음,이륜,남,53세,경상
2015040800100495,2015년 4월 8일 20시,수요일,광주광역시 광산구 우산동,중상사고,0,1,0,0,차대사람 - 차도통행중,안전운전불이행,건조,맑음,교차로 - 교차로부근,승용,남,51세,상해없음,보행자,여,57세,중상
2015040800100537,2015년 4월 8일 21시,수요일,광주광역시 서구 화정동,중상사고,0,1,0,0,차대차 - 측면직각충돌,교차로운행방법위반,건조,맑음,교차로 - 교차로안,승용,남,52세,상해없음,이륜,남,18세,중상
2015040800100538,2015년 4월 8일 21시,수요일,광주광역시 북구 오치동,중상사고,0,1,0,0,차대사람 - 횡단중,안전운전불이행,건조,맑음,단일로 - 기타,승용,남,22세,상해없음,보행자,여,15세,중상
2015040800100563,2015년 4월 8일 22시,수요일,광주광역시 서구 화정동,중상사고,0,1,0,0,차대사람 - 횡단중,보행자보호의무위반,건조,맑음,교차로 - 교차로부근,이륜,남,18세,상해없음,보행자,여,26세,중상
2015040800100564,2015년 4월 8일 22시,수요일,광주광역시 광산구 우산동,경상사고,0,0,3,0,차대차 - 추돌 - 주정차중,안전운전불이행,건조,맑음,교차로 - 교차로부근,승용,남,54세,상해없음,승용,남,31세,경상
2015040900100026,2015년 4월 9일 01시,목요일,광주광역시 북구 신안동,경상사고,0,0,1,0,차대차 - 추돌 - 주정차중,안전운전불이행,건조,맑음,교차로 - 교차로부근,승용,남,61세,상해없음,승용,남,31세,상해없음
2015040900100053,2015년 4월 9일 04시,목요일,광주광역시 광산구 신가동,경상사고,0,0,1,0,차대차 - 기타,안전운전불이행,건조,맑음,교차로 - 교차로부근,승용,남,35세,상해없음,승용,남,36세,경상
2015040900100054,2015년 4월 9일 04시,목요일,광주광역시 광산구 신창동,경상사고,0,0,5,0,차대차 - 측면직각충돌,중앙선침범,건조,맑음,교차로 - 교차로부근,승용,남,19세,경상,승용,남,49세,경상
2015040900100085,2015년 4월 9일 06시,목요일,광주광역시 북구 우산동,경상사고,0,0,1,0,차대차 - 측면직각충돌,교차로운행방법위반,건조,맑음,교차로 - 교차로안,승용,남,71세,상해없음,자전거,남,71세,경상
2015040900100107,2015년 4월 9일 07시,목요일,광주광역시 서구 쌍촌동,경상사고,0,0,1,0,차대차 - 측면직각충돌,교차로운행방법위반,건조,맑음,교차로 - 교차로안,승용,남,54세,상해없음,승용,남,57세,경상
2015040900100173,2015년 4월 9일 09시,목요일,광주광역시 북구 누문동,경상사고,0,0,1,0,차대차 - 측면직각충돌,안전거리미확보,건조,맑음,단일로 - 기타,승용,남,58세,상해없음,이륜,남,47세,경상
2015040900100198,2015년 4월 9일 10시,목요일,광주광역시 서구 쌍촌동,부상신고사고,0,0,0,1,차대차 - 측면직각충돌,안전운전불이행,건조,맑음,단일로 - 횡단보도부근,이륜,남,54세,부상신고,승용,남,53세,상해없음
2015040900100199,2015년 4월 9일 10시,목요일,광주광역시 남구 서동,경상사고,0,0,1,0,차대차 - 기타,교차로운행방법위반,건조,맑음,교차로 - 교차로안,승용,남,73세,상해없음,승용,남,29세,경상
2015040900100229,2015년 4월 9일 11시,목요일,광주광역시 북구 매곡동,경상사고,0,0,1,0,차대차 - 측면직각충돌,교차로운행방법위반,건조,맑음,교차로 - 교차로안,승용,남,51세,상해없음,승용,여,30세,경상
2015040900100259,2015년 4월 9일 12시,목요일,광주광역시 북구 용봉동,경상사고,0,0,1,0,차대차 - 측면직각충돌,교차로운행방법위반,건조,맑음,교차로 - 교차로안,승용,남,39세,상해없음,이륜,남,20세,경상
2015040900100286,2015년 4월 9일 13시,목요일,광주광역시 광산구 장덕동,경상사고,0,0,1,0,차대사람 - 횡단중,보행자보호의무위반,건조,맑음,단일로 - 기타,승용,여,44세,상해없음,보행자,남,7세,경상
2015040900100307,2015년 4월 9일 14시,목요일,광주광역시 서구 풍암동,경상사고,0,0,1,0,차대차 - 추돌 - 주정차중,안전운전불이행,건조,맑음,단일로 - 기타,승용,여,37세,상해없음,화물,남,40세,경상
2015040900100380,2015년 4월 9일 16시,목요일,광주광역시 북구 용봉동,경상사고,0,0,6,0,차대차 - 추돌 - 진행중,안전거리미확보,건조,맑음,단일로 - 기타,승용,남,48세,상해없음,승용,남,68세,경상
2015040900100436,2015년 4월 9일 18시,목요일,광주광역시 남구 서동,중상사고,0,1,0,0,차대사람 - 횡단중,안전운전불이행,건조,맑음,교차로 - 교차로안,승용,남,31세,상해없음,보행자,남,11세,중상
2015040900100437,2015년 4월 9일 18시,목요일,광주광역시 북구 중흥동,경상사고,0,0,1,0,차대차 - 측면직각충돌,직진우회전진행방해,건조,맑음,교차로 - 교차로안,승용,남,22세,상해없음,자전거,여,20세,경상
2015040900100471,2015년 4월 9일 19시,목요일,광주광역시 동구 대인동,중상사고,0,1,2,0,차대차 - 정면충돌,신호위반,건조,맑음,교차로 - 교차로안,승용,남,74세,경상,화물,남,43세,중상
2015040900100507,2015년 4월 9일 20시,목요일,광주광역시 광산구 우산동,경상사고,0,0,1,0,차대사람 - 횡단중,보행자보호의무위반,건조,맑음,교차로 - 교차로부근,승용,남,56세,상해없음,보행자,여,19세,경상
2015040900100530,2015년 4월 9일 21시,목요일,광주광역시 서구 쌍촌동,중상사고,0,1,0,0,차대차 - 측면직각충돌,교차로운행방법위반,건조,맑음,교차로 - 교차로안,승용,남,32세,상해없음,원동기,남,34세,중상
2015040900100531,2015년 4월 9일 21시,목요일,광주광역시 북구 양산동,경상사고,0,0,2,0,차대차 - 추돌 - 진행중,안전운전불이행,건조,맑음,단일로 - 기타,승용,여,33세,상해없음,승용,남,42세,경상
2015041000100021,2015년 4월 10일 00시,금요일,광주광역시 동구 계림동,중상사고,0,1,1,0,차대차 - 기타,불법유턴,건조,맑음,교차로 - 교차로부근,자전거,남,28세,중상,승용,남,53세,상해없음
2015041000100022,2015년 4월 10일 00시,금요일,광주광역시 북구 두암동,경상사고,0,0,1,0,차대사람 - 기타,안전운전불이행,건조,맑음,단일로 - 기타,승용,남,58세,상해없음,보행자,여,64세,경상
2015041000100040,2015년 4월 10일 01시,금요일,광주광역시 북구 운암동,경상사고,0,0,1,0,차대차 - 추돌 - 주정차중,안전운전불이행,건조,맑음,단일로 - 기타,화물,남,52세,상해없음,승용,남,59세,경상
2015041000100059,2015년 4월 10일 03시,금요일,광주광역시 동구 선교동,경상사고,0,0,1,0,차량단독 - 공작물충돌,안전운전불이행,건조,맑음,교차로 - 교차로부근,승용,남,43세,경상,,,,
2015041000100070,2015년 4월 10일 05시,금요일,광주광역시 북구 운암동,중상사고,0,1,0,0,차대차 - 측면직각충돌,교차로운행방법위반,건조,맑음,교차로 - 교차로안,승용,기타불명,35세,기타불명,원동기,남,37세,중상
2015041000100087,2015년 4월 10일 06시,금요일,광주광역시 남구 양과동,경상사고,0,0,1,0,차량단독 - 공작물충돌,안전운전불이행,건조,맑음,단일로 - 기타,승용,남,31세,경상,,,,
2015041000100106,2015년 4월 10일 07시,금요일,광주광역시 광산구 오선동,경상사고,0,0,1,0,차대차 - 측면직각충돌,중앙선침범,건조,맑음,단일로 - 기타,승용,남,32세,상해없음,승용,남,33세,경상
2015041000100147,2015년 4월 10일 08시,금요일,광주광역시 서구 금호동,중상사고,0,1,0,0,차대사람 - 횡단중,안전운전불이행,건조,맑음,교차로 - 교차로부근,승용,남,30세,상해없음,보행자,여,13세,중상
2015041000100148,2015년 4월 10일 08시,금요일,광주광역시 북구 운암동,경상사고,0,0,1,0,차량단독 - 공작물충돌,안전운전불이행,건조,맑음,단일로 - 기타,승용,남,58세,상해없음,,,,
2015041000100224,2015년 4월 10일 11시,금요일,광주광역시 서구 광천동,경상사고,0,0,1,0,차량단독 - 도로외이탈 - 기타,기타,건조,맑음,단일로 - 기타,승합,남,68세,상해없음,,,,
2015041000100225,2015년 4월 10일 11시,금요일,광주광역시 남구 송하동,경상사고,0,0,1,0,차대차 - 측면직각충돌,안전거리미확보,건조,맑음,단일로 - 기타,승용,여,56세,상해없음,화물,남,31세,상해없음
2015041000100282,2015년 4월 10일 13시,금요일,광주광역시 동구 궁동,중상사고,0,1,0,0,차대차 - 기타,안전운전불이행,건조,맑음,단일로 - 기타,승합,남,42세,상해없음,승용,남,34세,중상
2015041000100319,2015년 4월 10일 14시,금요일,광주광역시 동구 계림동,경상사고,0,0,1,1,차대차 - 기타,기타,건조,맑음,단일로 - 기타,승용,남,31세,부상신고,승용,남,55세,경상
2015041000100320,2015년 4월 10일 14시,금요일,광주광역시 광산구 송촌동,경상사고,0,0,6,0,차대차 - 추돌 - 진행중,안전거리미확보,건조,맑음,단일로 - 기타,화물,남,44세,경상,화물,남,50세,경상
2015041000100359,2015년 4월 10일 15시,금요일,광주광역시 남구 진월동,경상사고,0,0,1,0,차대사람 - 보도통행중,안전운전불이행,건조,맑음,단일로 - 기타,기타불명,기타불명,기타불명,기타불명,보행자,여,31세,경상
2015041000100360,2015년 4월 10일 15시,금요일,광주광역시 북구 문흥동,경상사고,0,0,1,0,차대사람 - 횡단중,보행자보호의무위반,건조,맑음,단일로 - 횡단보도상,화물,남,34세,상해없음,보행자,남,76세,경상
2015041000100405,2015년 4월 10일 16시,금요일,광주광역시 광산구 장덕동,경상사고,0,0,1,0,차량단독 - 기타,안전운전불이행,건조,맑음,단일로 - 기타,승합,남,38세,상해없음,,,,
2015041000100487,2015년 4월 10일 18시,금요일,광주광역시 남구 월산동,중상사고,0,1,0,0,차대차 - 측면직각충돌,안전운전불이행,건조,맑음,교차로 - 교차로안,승용,남,63세,상해없음,이륜,남,18세,중상
2015041000100536,2015년 4월 10일 19시,금요일,광주광역시 북구 용봉동,경상사고,0,0,3,0,차대차 - 추돌 - 진행중,안전거리미확보,건조,맑음,단일로 - 기타,승용,남,57세,상해없음,승용,여,49세,경상
2015041000100581,2015년 4월 10일 20시,금요일,광주광역시 북구 운암동,경상사고,0,0,2,0,차대차 - 추돌 - 주정차중,안전운전불이행,건조,맑음,단일로 - 기타,화물,남,57세,상해없음,승용,남,24세,경상
2015041000100582,2015년 4월 10일 20시,금요일,광주광역시 광산구 수완동,경상사고,0,0,1,0,차대차 - 측면직각충돌,안전운전불이행,건조,맑음,교차로 - 교차로부근,승용,남,33세,상해없음,승용,여,50세,경상
2015041000100625,2015년 4월 10일 21시,금요일,광주광역시 서구 풍암동,경상사고,0,0,1,0,차대사람 - 보도통행중,안전운전불이행,건조,흐림,단일로 - 기타,승용,남,57세,상해없음,보행자,여,31세,경상
2015041000100675,2015년 4월 10일 23시,금요일,광주광역시 동구 산수동,경상사고,0,0,1,0,차대차 - 측면직각충돌,신호위반,건조,흐림,교차로 - 교차로안,승용,남,44세,상해없음,자전거,남,15세,경상
2015041100100031,2015년 4월 11일 00시,토요일,광주광역시 서구 치평동,경상사고,0,0,1,0,차대사람 - 길가장자리구역통행중,안전운전불이행,건조,맑음,단일로 - 기타,승용,남,38세,기타불명,보행자,남,32세,경상
2015041100100032,2015년 4월 11일 00시,토요일,광주광역시 서구 쌍촌동,경상사고,0,0,1,0,차대차 - 기타,안전거리미확보,건조,맑음,교차로 - 교차로부근,승용,남,53세,상해없음,승용,남,66세,상해없음
2015041100100033,2015년 4월 11일 00시,토요일,광주광역시 북구 용봉동,경상사고,0,0,1,0,차대차 - 측면직각충돌,안전운전불이행,건조,맑음,교차로 - 교차로안,승용,남,27세,상해없음,승용,여,22세,경상
2015041100100066,2015년 4월 11일 02시,토요일,광주광역시 서구 치평동,경상사고,0,0,1,0,차대사람 - 횡단중,안전운전불이행,건조,맑음,단일로 - 기타,원동기,남,45세,상해없음,보행자,남,34세,경상
2015041100100099,2015년 4월 11일 04시,토요일,광주광역시 동구 금동,경상사고,0,0,1,0,차대사람 - 기타,안전운전불이행,건조,맑음,단일로 - 기타,승용,남,23세,상해없음,보행자,남,21세,경상
2015041100100100,2015년 4월 11일 04시,토요일,광주광역시 광산구 월곡동,경상사고,0,0,1,0,차대차 - 추돌 - 진행중,차로위반,건조,맑음,교차로 - 교차로부근,승용,남,58세,기타불명,승용,남,67세,상해없음
2015041100100116,2015년 4월 11일 05시,토요일,광주광역시 광산구 신가동,경상사고,0,0,2,0,차대차 - 추돌 - 주정차중,안전운전불이행,건조,맑음,단일로 - 기타,승용,남,45세,기타불명,승용,남,72세,경상
2015041100100138,2015년 4월 11일 06시,토요일,광주광역시 동구 학동,경상사고,0,0,1,0,차대차 - 측면직각충돌,중앙선침범,건조,맑음,교차로 - 교차로안,자전거,남,51세,경상,승용,여,51세,상해없음
2015041100100198,2015년 4월 11일 09시,토요일,광주광역시 서구 치평동,경상사고,0,0,4,0,차대차 - 측면직각충돌,안전거리미확보,건조,맑음,단일로 - 기타,화물,남,56세,상해없음,화물,남,46세,경상
2015041100100230,2015년 4월 11일 10시,토요일,광주광역시 광산구 우산동,경상사고,0,0,5,0,차대차 - 측면직각충돌,교차로운행방법위반,건조,맑음,교차로 - 교차로안,승용,여,30세,경상,승용,남,28세,경상
2015041100100272,2015년 4월 11일 11시,토요일,광주광역시 동구 동명동,경상사고,0,0,3,0,차대차 - 기타,교차로운행방법위반,건조,맑음,교차로 - 교차로안,승용,여,55세,상해없음,승용,남,32세,경상
2015041100100273,2015년 4월 11일 11시,토요일,광주광역시 서구 농성동,중상사고,0,1,0,0,차대사람 - 횡단중,안전운전불이행,건조,맑음,교차로 - 교차로부근,승용,남,58세,상해없음,보행자,여,65세,중상
2015041100100378,2015년 4월 11일 14시,토요일,광주광역시 동구 금남로1가,경상사고,0,0,1,0,차대사람 - 기타,안전운전불이행,건조,맑음,단일로 - 기타,승합,남,54세,상해없음,보행자,여,40세,경상
2015041100100462,2015년 4월 11일 16시,토요일,광주광역시 북구 연제동,경상사고,0,0,3,0,차대차 - 측면직각충돌,안전운전불이행,건조,맑음,교차로 - 교차로안,승용,여,28세,상해없음,승용,남,44세,경상
2015041100100505,2015년 4월 11일 17시,토요일,광주광역시 서구 금호동,경상사고,0,0,1,0,차대차 - 기타,신호위반,건조,맑음,단일로 - 기타,기타불명,기타불명,기타불명,기타불명,자전거,남,19세,경상
2015041100100506,2015년 4월 11일 17시,토요일,광주광역시 서구 서창동,경상사고,0,0,1,0,차대차 - 측면직각충돌,안전거리미확보,건조,맑음,단일로 - 기타,승용,남,64세,상해없음,승용,남,34세,경상