사고번호,사고일시,요일,시군구,사고내용,사망자수,중상자수,경상자수,부상신고자수,사고유형,법규위반,노면상태,기상상태,도로형태,가해운전자 차종,가해운전자 성별,가해운전자 연령,가해운전자 상해정도,피해운전자 차종,피해운전자 성별,피해운전자 연령,피해운전자 상해정도
2015041600100588,2015년 4월 16일 22시,목요일,광주광역시 북구 양산동,중상사고,0,1,0,0,차대차 - 측면직각충돌,불법유턴,건조,맑음,단일로 - 기타,승용,남,55세,상해없음,이륜,남,16세,중상
2015041600100589,2015년 4월 16일 22시,목요일,광주광역시 광산구 흑석동,경상사고,0,0,1,0,차대차 - 추돌 - 주정차중,불법유턴,건조,맑음,단일로 - 기타,화물,남,40세,상해없음,승용,여,28세,경상
2015041600100613,2015년 4월 16일 23시,목요일,광주광역시 서구 풍암동,경상사고,0,0,2,0,차대차 - 추돌 - 진행중,안전운전불이행,건조,맑음,교차로 - 교차로부근,승용,여,43세,상해없음,승용,남,34세,경상
2015041700100056,2015년 4월 17일 05시,금요일,광주광역시 동구 동명동,경상사고,0,0,1,0,차대사람 - 횡단중,신호위반,건조,맑음,기타 - 기타,원동기,남,63세,상해없음,보행자,여,66세,경상
2015041700100092,2015년 4월 17일 07시,금요일,광주광역시 동구 동명동,중상사고,0,1,0,0,차대사람 - 횡단중,보행자보호의무위반,건조,맑음,교차로 - 교차로안,승용,여,48세,상해없음,보행자,여,69세,중상
2015041700100160,2015년 4월 17일 08시,금요일,광주광역시 남구 백운동,경상사고,0,0,1,0,차대차 - 정면충돌,중앙선침범,건조,맑음,기타 - 기타,승용,여,46세,상해없음,승용,여,32세,경상
2015041700100161,2015년 4월 17일 08시,금요일,광주광역시 북구 우산동,경상사고,0,0,2,0,차대차 - 측면직각충돌,신호위반,건조,맑음,교차로 - 교차로안,승용,남,61세,기타불명,승용,남,43세,경상
2015041700100162,2015년 4월 17일 08시,금요일,광주광역시 광산구 월계동,경상사고,0,0,1,0,차대사람 - 횡단중,안전운전불이행,건조,맑음,단일로 - 기타,승용,남,30세,상해없음,보행자,여,17세,경상
2015041700100208,2015년 4월 17일 09시,금요일,광주광역시 남구 방림동,경상사고,0,0,1,0,차대차 - 기타,안전운전불이행,건조,맑음,단일로 - 기타,승용,여,78세,상해없음,승용,남,59세,상해없음
2015041700100209,2015년 4월 17일 09시,금요일,광주광역시 남구 송하동,경상사고,0,0,1,0,차대차 - 추돌 - 진행중,안전거리미확보,건조,맑음,교차로 - 교차로부근,특수,남,56세,상해없음,승용,여,35세,경상
2015041700100245,2015년 4월 17일 10시,금요일,광주광역시 서구 매월동,경상사고,0,0,2,0,차대차 - 측면직각충돌,기타,건조,맑음,교차로 - 교차로안,승용,남,64세,경상,승용,여,58세,경상
2015041700100246,2015년 4월 17일 10시,금요일,광주광역시 서구 풍암동,경상사고,0,0,1,0,차대차 - 측면직각충돌,차로위반,건조,맑음,단일로 - 기타,화물,남,64세,상해없음,승용,여,45세,경상
2015041700100247,2015년 4월 17일 10시,금요일,광주광역시 북구 두암동,경상사고,0,0,2,0,차대차 - 측면직각충돌,안전운전불이행,건조,맑음,교차로 - 교차로부근,승용,남,54세,경상,승용,여,58세,경상
2015041700100248,2015년 4월 17일 10시,금요일,광주광역시 광산구 장덕동,경상사고,0,0,3,0,차대차 - 측면직각충돌,신호위반,건조,맑음,교차로 - 교차로안,승용,남,38세,경상,승용,여,48세,경상
2015041700100301,2015년 4월 17일 12시,금요일,광주광역시 광산구 소촌동,경상사고,0,0,1,0,차대차 - 추돌 - 주정차중,안전운전불이행,건조,맑음,교차로 - 교차로부근,승용,남,59세,상해없음,승용,남,48세,경상
2015041700100401,2015년 4월 17일 15시,금요일,광주광역시 서구 풍암동,중상사고,0,1,0,0,차대차 - 측면직각충돌,안전거리미확보,건조,맑음,단일로 - 기타,승합,여,25세,상해없음,이륜,남,74세,중상
2015041700100450,2015년 4월 17일 16시,금요일,광주광역시 동구 학동,경상사고,0,0,1,0,차대차 - 기타,안전운전불이행,건조,맑음,단일로 - 기타,자전거,남,74세,경상,승용,남,66세,상해없음
2015041700100451,2015년 4월 17일 16시,금요일,광주광역시 광산구 쌍암동,경상사고,0,0,4,0,차대차 - 추돌 - 주정차중,안전운전불이행,건조,맑음,단일로 - 기타,승용,남,46세,상해없음,승용,여,47세,경상
2015041700100499,2015년 4월 17일 17시,금요일,광주광역시 동구 학동,경상사고,0,0,1,0,차대사람 - 보도통행중,기타,건조,맑음,단일로 - 기타,자전거,남,43세,상해없음,보행자,여,70세,경상
2015041700100547,2015년 4월 17일 18시,금요일,광주광역시 서구 동천동,경상사고,0,0,1,0,차대사람 - 차도통행중,안전운전불이행,건조,맑음,단일로 - 기타,승용,남,33세,상해없음,보행자,남,18세,경상
2015041700100548,2015년 4월 17일 18시,금요일,광주광역시 광산구 산정동,경상사고,0,0,1,0,차대차 - 추돌 - 주정차중,안전운전불이행,건조,맑음,교차로 - 교차로부근,화물,남,45세,상해없음,승용,남,49세,경상
2015041700100623,2015년 4월 17일 20시,금요일,광주광역시 서구 동천동,경상사고,0,0,1,0,차대차 - 측면직각충돌,교차로운행방법위반,건조,맑음,교차로 - 교차로안,승용,여,40세,경상,화물,남,49세,상해없음
2015041700100663,2015년 4월 17일 21시,금요일,광주광역시 북구 일곡동,경상사고,0,0,2,0,차대차 - 추돌 - 주정차중,안전운전불이행,건조,맑음,단일로 - 기타,승용,남,45세,상해없음,승용,여,43세,경상
2015041700100664,2015년 4월 17일 21시,금요일,광주광역시 광산구 월계동,경상사고,0,0,2,0,차대차 - 측면직각충돌,교차로운행방법위반,건조,맑음,교차로 - 교차로부근,승용,남,55세,경상,승용,남,43세,경상
2015041700100693,2015년 4월 17일 22시,금요일,광주광역시 서구 광천동,중상사고,0,1,0,0,차대사람 - 횡단중,보행자보호의무위반,건조,맑음,단일로 - 기타,승용,남,22세,상해없음,보행자,남,61세,중상
2015041700100694,2015년 4월 17일 22시,금요일,광주광역시 남구 승촌동,중상사고,0,1,0,0,차대차 - 기타,안전운전불이행,건조,맑음,기타 - 기타,특수,남,43세,중상,화물,남,60세,상해없음
2015041700100695,2015년 4월 17일 22시,금요일,광주광역시 북구 신용동,경상사고,0,0,1,0,차대차 - 기타,신호위반,건조,맑음,교차로 - 교차로안,자전거,남,13세,경상,승용,남,52세,상해없음
2015041700100696,2015년 4월 17일 22시,금요일,광주광역시 북구 운암동,경상사고,0,0,1,0,차대사람 - 횡단중,보행자보호의무위반,건조,맑음,단일로 - 횡단보도상,승용,남,29세,상해없음,보행자,여,21세,경상
2015041700100723,2015년 4월 17일 23시,금요일,광주광역시 남구 양과동,경상사고,0,0,3,0,차대차 - 추돌 - 진행중,안전운전불이행,건조,흐림,단일로 - 기타,승용,남,26세,기타불명,승용,남,35세,경상
2015041700100724,2015년 4월 17일 23시,금요일,광주광역시 북구 운암동,경상사고,0,0,2,0,차대차 - 측면직각충돌,신호위반,건조,맑음,교차로 - 교차로안,원동기,남,17세,경상,승용,남,62세,경상
2015041800100032,2015년 4월 18일 00시,토요일,광주광역시 서구 쌍촌동,경상사고,0,0,4,0,차대차 - 기타,안전운전불이행,건조,맑음,교차로 - 교차로부근,승용,남,27세,경상,승용,남,33세,경상
2015041800100055,2015년 4월 18일 01시,토요일,광주광역시 동구 계림동,경상사고,0,0,1,0,차대차 - 기타,안전운전불이행,건조,맑음,교차로 - 교차로부근,승용,남,48세,상해없음,승용,여,26세,기타불명
2015041800100074,2015년 4월 18일 02시,토요일,광주광역시 동구 광산동,경상사고,0,0,1,0,차대사람 - 기타,안전운전불이행,건조,맑음,교차로 - 교차로안,승용,남,18세,상해없음,보행자,남,27세,경상
2015041800100075,2015년 4월 18일 02시,토요일,광주광역시 동구 장동,경상사고,0,0,1,0,차량단독 - 공작물충돌,안전운전불이행,건조,맑음,단일로 - 기타,승용,남,27세,상해없음,,,,
2015041800100076,2015년 4월 18일 02시,토요일,광주광역시 동구 불로동,경상사고,0,0,2,0,차대차 - 정면충돌,안전운전불이행,건조,맑음,교차로 - 교차로안,승용,남,33세,경상,승용,여,22세,경상
2015041800100077,2015년 4월 18일 02시,토요일,광주광역시 서구 화정동,경상사고,0,0,1,0,차대차 - 측면직각충돌,신호위반,건조,맑음,교차로 - 교차로안,승용,남,62세,상해없음,승용,남,40세,경상
2015041800100078,2015년 4월 18일 02시,토요일,광주광역시 광산구 도산동,중상사고,0,1,0,0,차대차 - 추돌 - 주정차중,안전운전불이행,건조,맑음,교차로 - 교차로부근,승용,여,54세,상해없음,승합,남,28세,중상
2015041800100130,2015년 4월 18일 06시,토요일,광주광역시 북구 운암동,중상사고,0,1,0,0,차대사람 - 횡단중,안전운전불이행,건조,맑음,교차로 - 교차로부근,승용,남,57세,상해없음,보행자,여,55세,중상
2015041800100180,2015년 4월 18일 08시,토요일,광주광역시 광산구 오선동,중상사고,0,2,2,0,차대차 - 측면직각충돌,안전운전불이행,건조,맑음,단일로 - 기타,승용,남,24세,경상,승용,남,54세,기타불명
2015041800100208,2015년 4월 18일 09시,토요일,광주광역시 서구 치평동,경상사고,0,0,1,0,차대차 - 측면직각충돌,교차로운행방법위반,건조,맑음,교차로 - 교차로안,승용,남,24세,기타불명,승용,남,20세,경상
2015041800100269,2015년 4월 18일 11시,토요일,광주광역시 서구 화정동,경상사고,0,0,1,0,차대사람 - 횡단중,안전운전불이행,건조,맑음,단일로 - 기타,승용,남,38세,상해없음,보행자,남,55세,경상
2015041800100307,2015년 4월 18일 12시,토요일,광주광역시 광산구 송정동,경상사고,0,0,1,0,차대차 - 추돌 - 주정차중,안전운전불이행,건조,맑음,단일로 - 기타,화물,남,67세,상해없음,승용,남,31세,경상
2015041800100338,2015년 4월 18일 13시,토요일,광주광역시 서구 화정동,경상사고,0,0,1,0,차대차 - 추돌 - 진행중,안전거리미확보,건조,맑음,교차로 - 교차로안,승용,남,36세,상해없음,승용,남,48세,상해없음
2015041800100376,2015년 4월 18일 14시,토요일,광주광역시 서구 화정동,중상사고,0,1,3,0,차대차 - 측면직각충돌,안전운전불이행,건조,맑음,교차로 - 교차로부근,승용,남,72세,상해없음,승용,남,58세,경상
2015041800100439,2015년 4월 18일 16시,토요일,광주광역시 서구 치평동,경상사고,0,0,1,0,차대차 - 측면직각충돌,차로위반,건조,맑음,단일로 - 기타,승용,남,58세,상해없음,승용,남,24세,경상
2015041800100482,2015년 4월 18일 17시,토요일,광주광역시 서구 풍암동,중상사고,0,1,0,0,차대사람 - 횡단중,안전운전불이행,건조,맑음,단일로 - 기타,화물,남,30세,상해없음,보행자,여,50세,중상
2015041800100519,2015년 4월 18일 18시,토요일,광주광역시 광산구 산월동,경상사고,0,0,1,0,차대차 - 기타,교차로운행방법위반,습기,비,교차로 - 교차로안,승용,남,41세,상해없음,원동기,남,46세,경상
2015041800100555,2015년 4월 18일 19시,토요일,광주광역시 남구 월산동,경상사고,0,0,2,0,차대사람 - 기타,안전운전불이행,건조,맑음,단일로 - 기타,승용,남,52세,상해없음,보행자,여,19세,경상
2015041800100556,2015년 4월 18일 19시,토요일,광주광역시 북구 신안동,경상사고,0,0,1,0,차대차 - 추돌 - 진행중,안전거리미확보,습기,비,단일로 - 기타,승용,남,19세,상해없음,승용,여,52세,경상
2015041800100557,2015년 4월 18일 19시,토요일,광주광역시 북구 오치동,경상사고,0,0,1,0,차대차 - 기타,안전거리미확보,습기,비,단일로 - 기타,기타불명,기타불명,30세,기타불명,이륜,남,45세,경상
2015041800100596,2015년 4월 18일 20시,토요일,광주광역시 광산구 황룡동,중상사고,0,1,0,0,차대차 - 측면직각충돌,중앙선침범,건조,맑음,단일로 - 교량,자전거,남,72세,중상,승용,남,68세,상해없음
2015041800100623,2015년 4월 18일 21시,토요일,광주광역시 북구 용봉동,경상사고,0,0,1,0,차대사람 - 기타,안전거리미확보,습기,비,단일로 - 기타,승용,기타불명,기타불명,기타불명,보행자,여,38세,경상
2015041800100624,2015년 4월 18일 21시,토요일,광주광역시 북구 임동,경상사고,0,0,1,0,차대차 - 측면직각충돌,안전운전불이행,건조,맑음,교차로 - 교차로부근,자전거,남,27세,상해없음,승용,남,62세,상해없음
2015041800100693,2015년 4월 18일 23시,토요일,광주광역시 북구 용봉동,경상사고,0,0,2,0,차대차 - 측면직각충돌,교차로운행방법위반,건조,맑음,교차로 - 교차로안,승용,여,22세,경상,승용,남,24세,상해없음
2015041900100039,2015년 4월 19일 00시,일요일,광주광역시 동구 산수동,중상사고,0,1,0,0,차대사람 - 기타,신호위반,건조,흐림,교차로 - 교차로안,승용,남,34세,상해없음,보행자,남,36세,중상
2015041900100040,2015년 4월 19일 00시,일요일,광주광역시 동구 광산동,경상사고,0,0,1,0,차대사람 - 횡단중,안전운전불이행,건조,흐림,단일로 - 기타,승용,남,20세,상해없음,보행자,남,24세,경상
2015041900100064,2015년 4월 19일 01시,일요일,광주광역시 서구 치평동,경상사고,0,0,2,0,차대차 - 추돌 - 주정차중,안전운전불이행,건조,맑음,교차로 - 교차로부근,승용,여,28세,상해없음,승용,남,48세,경상
2015041900100086,2015년 4월 19일 02시,일요일,광주광역시 서구 양동,중상사고,0,2,5,0,차대차 - 측면직각충돌,신호위반,습기,비,교차로 - 교차로안,승용,남,23세,중상,승용,남,24세,중상
2015041900100128,2015년 4월 19일 05시,일요일,광주광역시 동구 지산동,경상사고,0,0,1,0,차대사람 - 기타,안전운전불이행,건조,기타,단일로 - 기타,승용,남,64세,상해없음,보행자,남,21세,경상
2015041900100139,2015년 4월 19일 06시,일요일,광주광역시 서구 유촌동,경상사고,0,0,9,0,차대차 - 측면직각충돌,신호위반,습기,비,교차로 - 교차로안,승합,남,40세,상해없음,승합,남,60세,경상
2015041900100325,2015년 4월 19일 14시,일요일,광주광역시 서구 쌍촌동,경상사고,0,0,2,0,차대차 - 측면직각충돌,교차로운행방법위반,건조,맑음,교차로 - 교차로부근,승용,여,60세,상해없음,화물,여,29세,경상
2015041900100358,2015년 4월 19일 15시,일요일,광주광역시 동구 지산동,경상사고,0,0,1,0,차대차 - 기타,안전거리미확보,건조,흐림,단일로 - 기타,화물,남,61세,상해없음,이륜,남,24세,경상
2015041900100359,2015년 4월 19일 15시,일요일,광주광역시 북구 각화동,경상사고,0,0,2,0,차대차 - 측면직각충돌,안전거리미확보,건조,맑음,단일로 - 기타,승용,남,51세,상해없음,승용,여,56세,경상
2015041900100391,2015년 4월 19일 16시,일요일,광주광역시 광산구 수완동,경상사고,0,0,1,0,차대차 - 측면직각충돌,안전거리미확보,건조,맑음,교차로 - 교차로부근,승용,남,33세,상해없음,승용,여,27세,상해없음
2015041900100418,2015년 4월 19일 17시,일요일,광주광역시 서구 농성동,경상사고,0,0,2,0,차대차 - 측면직각충돌,교차로운행방법위반,건조,흐림,교차로 - 교차로안,승합,남,74세,상해없음,승용,여,58세,경상
2015041900100490,2015년 4월 19일 19시,일요일,광주광역시 북구 풍향동,경상사고,0,0,2,0,차대차 - 측면직각충돌,안전운전불이행,건조,맑음,단일로 - 기타,승용,남,54세,상해없음,승용,남,29세,경상
2015041900100491,2015년 4월 19일 19시,일요일,광주광역시 북구 두암동,경상사고,0,0,1,0,차대차 - 추돌 - 진행중,안전운전불이행,건조,맑음,교차로 - 교차로부근,승용,여,43세,상해없음,승용,남,42세,상해없음
2015041900100536,2015년 4월 19일 20시,일요일,광주광역시 북구 신안동,경상사고,0,0,1,0,차대차 - 측면직각충돌,안전운전불이행,건조,맑음,단일로 - 기타,화물,남,36세,상해없음,승용,여,59세,경상
2015041900100537,2015년 4월 19일 20시,일요일,광주광역시 북구 매곡동,경상사고,0,0,1,0,차대차 - 측면직각충돌,안전거리미확보,건조,맑음,단일로 - 기타,승용,남,44세,상해없음,승용,여,50세,경상
2015041900100538,2015년 4월 19일 20시,일요일,광주광역시 광산구 신가동,경상사고,0,0,1,0,차대차 - 추돌 - 주정차중,안전운전불이행,건조,맑음,단일로 - 기타,화물,남,32세,상해없음,승용,여,52세,경상
2015041900100624,2015년 4월 19일 23시,일요일,광주광역시 서구 쌍촌동,경상사고,0,0,1,0,차대차 - 측면직각충돌,안전운전불이행,건조,맑음,단일로 - 기타,원동기,남,20세,경상,승용,여,29세,상해없음
2015042000100025,2015년 4월 20일 01시,월요일,광주광역시 서구 농성동,중상사고,0,1,0,0,차대사람 - 횡단중,안전운전불이행,습기,흐림,단일로 - 기타,승용,남,33세,상해없음,보행자,남,23세,중상
2015042000100070,2015년 4월 20일 06시,월요일,광주광역시 광산구 월곡동,경상사고,0,0,2,0,차대사람 - 횡단중,안전운전불이행,습기,비,단일로 - 기타,승용,기타불명,기타불명,기타불명,보행자,남,16세,경상
2015042000100099,2015년 4월 20일 07시,월요일,광주광역시 북구 매곡동,중상사고,0,1,1,0,차대차 - 측면직각충돌,중앙선침범,습기,비,단일로 - 기타,화물,남,59세,경상,화물,남,57세,중상
2015042000100146,2015년 4월 20일 08시,월요일,광주광역시 남구 송하동,중상사고,0,1,0,0,차대사람 - 기타,기타,건조,맑음,단일로 - 기타,승합,남,47세,상해없음,보행자,여,64세,중상
2015042000100147,2015년 4월 20일 08시,월요일,광주광역시 북구 신안동,경상사고,0,0,2,0,차대차 - 측면직각충돌,교차로운행방법위반,습기,비,교차로 - 교차로안,승용,남,50세,기타불명,승용,여,58세,경상
2015042000100148,2015년 4월 20일 08시,월요일,광주광역시 북구 양산동,경상사고,0,0,1,0,차대차 - 측면직각충돌,안전운전불이행,건조,맑음,단일로 - 기타,화물,남,40세,상해없음,승용,여,42세,경상
2015042000100216,2015년 4월 20일 11시,월요일,광주광역시 서구 농성동,경상사고,0,0,2,0,차대차 - 측면직각충돌,안전거리미확보,건조,맑음,단일로 - 기타,승용,남,57세,상해없음,승용,남,51세,상해없음
2015042000100240,2015년 4월 20일 12시,월요일,광주광역시 북구 문흥동,경상사고,0,0,1,0,차대차 - 측면직각충돌,교차로운행방법위반,건조,맑음,교차로 - 교차로안,승용,남,67세,상해없음,승용,남,58세,상해없음
2015042000100241,2015년 4월 20일 12시,월요일,광주광역시 북구 용봉동,경상사고,0,0,2,0,차대차 - 측면직각충돌,안전운전불이행,습기,비,교차로 - 교차로안,승용,남,46세,상해없음,승용,남,23세,상해없음
2015042000100448,2015년 4월 20일 18시,월요일,광주광역시 동구 서석동,경상사고,0,0,2,0,차대차 - 추돌 - 주정차중,안전운전불이행,건조,맑음,단일로 - 기타,승용,여,29세,경상,승용,여,29세,경상
2015042000100449,2015년 4월 20일 18시,월요일,광주광역시 광산구 신가동,경상사고,0,0,3,0,차대차 - 측면직각충돌,신호위반,습기,비,교차로 - 교차로안,승합,남,55세,상해없음,승용,남,37세,경상
2015042000100450,2015년 4월 20일 18시,월요일,광주광역시 광산구 송정동,경상사고,0,0,1,0,차대사람 - 차도통행중,안전운전불이행,건조,맑음,단일로 - 기타,승용,남,57세,상해없음,보행자,남,51세,경상
2015042000100479,2015년 4월 20일 19시,월요일,광주광역시 남구 송하동,경상사고,0,0,1,0,차대사람 - 기타,안전운전불이행,습기,비,교차로 - 교차로부근,승용,여,50세,상해없음,보행자,여,51세,경상
2015042000100480,2015년 4월 20일 19시,월요일,광주광역시 서구 동천동,중상사고,0,1,0,0,차대차 - 측면직각충돌,안전거리미확보,습기,흐림,단일로 - 기타,특수,남,50세,상해없음,승용,여,47세,중상
2015042000100481,2015년 4월 20일 19시,월요일,광주광역시 북구 삼각동,경상사고,0,0,1,0,차대사람 - 횡단중,보행자보호의무위반,습기,비,교차로 - 교차로안,승용,남,55세,상해없음,보행자,여,23세,경상
2015042000100482,2015년 4월 20일 19시,월요일,광주광역시 광산구 월계동,경상사고,0,0,1,0,차대사람 - 횡단중,보행자보호의무위반,건조,맑음,교차로 - 교차로부근,승용,남,53세,상해없음,보행자,여,54세,경상
2015042000100513,2015년 4월 20일 20시,월요일,광주광역시 서구 쌍촌동,경상사고,0,0,1,0,차대차 - 측면직각충돌,교차로운행방법위반,습기,흐림,교차로 - 교차로부근,승용,남,23세,상해없음,이륜,남,18세,경상
2015042000100514,2015년 4월 20일 20시,월요일,광주광역시 서구 풍암동,경상사고,0,0,1,0,차대사람 - 횡단중,안전운전불이행,습기,비,단일로 - 기타,기타불명,기타불명,기타불명,기타불명,보행자,남,15세,경상
2015042000100576,2015년 4월 20일 22시,월요일,광주광역시 서구 화정동,경상사고,0,0,1,0,차대차 - 추돌 - 주정차중,안전운전불이행,건조,흐림,단일로 - 기타,승용,남,43세,상해없음,승용,남,41세,경상
2015042000100577,2015년 4월 20일 22시,월요일,광주광역시 북구 오치동,경상사고,0,0,1,0,차대차 - 추돌 - 주정차중,안전운전불이행,건조,맑음,단일로 - 기타,승용,여,55세,상해없음,승용,여,36세,경상
2015042000100598,2015년 4월 20일 23시,월요일,광주광역시 북구 용봉동,경상사고,0,0,1,0,차대차 - 추돌 - 주정차중,안전운전불이행,건조,맑음,단일로 - 기타,승용,남,31세,상해없음,승용,남,29세,경상
2015042100100025,2015년 4월 21일 00시,화요일,광주광역시 남구 백운동,경상사고,0,0,1,0,차대차 - 기타,안전운전불이행,건조,맑음,단일로 - 기타,승용,남,19세,상해없음,승용,남,58세,경상
2015042100100026,2015년 4월 21일 00시,화요일,광주광역시 광산구 산월동,경상사고,0,0,2,0,차대차 - 측면직각충돌,신호위반,건조,맑음,교차로 - 교차로안,승용,남,55세,경상,승용,남,27세,경상
2015042100100068,2015년 4월 21일 05시,화요일,광주광역시 동구 내남동,중상사고,0,1,0,0,차대차 - 기타,안전운전불이행,기타,안개,기타 - 기타,기타불명,기타불명,기타불명,기타불명,승용,남,81세,중상
2015042100100069,2015년 4월 21일 05시,화요일,광주광역시 북구 임동,사망사고,1,0,0,0,차대사람 - 횡단중,안전운전불이행,건조,맑음,단일로 - 횡단보도상,화물,남,38세,상해없음,보행자,여,70세,사망
2015042100100112,2015년 4월 21일 07시,화요일,광주광역시 서구 동천동,중상사고,0,1,0,0,차대차 - 측면직각충돌,안전운전불이행,건조,맑음,교차로 - 교차로부근,화물,남,34세,상해없음,자전거,남,43세,중상
2015042100100151,2015년 4월 21일 08시,화요일,광주광역시 남구 진월동,중상사고,0,1,0,0,차대사람 - 기타,기타,건조,맑음,단일로 - 기타,승합,남,30세,상해없음,보행자,여,82세,중상
2015042100100152,2015년 4월 21일 08시,화요일,광주광역시 광산구 신창동,중상사고,0,1,0,0,차대사람 - 횡단중,보행자보호의무위반,건조,맑음,단일로 - 기타,승용,남,35세,상해없음,보행자,여,12세,중상
2015042100100153,2015년 4월 21일 08시,화요일,광주광역시 광산구 장덕동,경상사고,0,0,1,0,차대차 - 측면직각충돌,교차로운행방법위반,건조,맑음,교차로 - 교차로부근,승용,남,57세,상해없음,승합,남,40세,경상
2015042100100154,2015년 4월 21일 08시,화요일,광주광역시 광산구 쌍암동,경상사고,0,0,1,0,차대차 - 추돌 - 주정차중,안전운전불이행,건조,맑음,교차로 - 교차로부근,승용,남,28세,상해없음,승용,여,36세,경상
2015042100100155,2015년 4월 21일 08시,화요일,광주광역시 광산구 신가동,경상사고,0,0,1,0,차대사람 - 길가장자리구역통행중,안전운전불이행,건조,맑음,단일로 - 기타,화물,여,49세,상해없음,보행자,여,25세,경상
2015042100100193,2015년 4월 21일 09시,화요일,광주광역시 서구 광천동,경상사고,0,0,2,0,차대차 - 기타,안전운전불이행,기타,맑음,단일로 - 기타,이륜,남,52세,경상,이륜,여,49세,경상
2015042100100194,2015년 4월 21일 09시,화요일,광주광역시 광산구 안청동,경상사고,0,0,3,0,차대차 - 측면직각충돌,교차로운행방법위반,건조,맑음,교차로 - 교차로안,화물,남,50세,경상,승용,남,35세,경상
2015042100100195,2015년 4월 21일 09시,화요일,광주광역시 광산구 우산동,경상사고,0,0,1,0,차대사람 - 길가장자리구역통행중,안전운전불이행,건조,맑음,단일로 - 기타,승용,남,57세,기타불명,보행자,남,41세,경상
2015042100100196,2015년 4월 21일 09시,화요일,광주광역시 광산구 산정동,경상사고,0,0,1,0,차대차 - 정면충돌,중앙선침범,건조,맑음,단일로 - 기타,승용,여,31세,상해없음,승용,여,53세,경상
2015042100100249,2015년 4월 21일 11시,화요일,광주광역시 동구 내남동,경상사고,0,0,3,0,차대차 - 측면직각충돌,신호위반,건조,맑음,교차로 - 교차로안,승용,남,60세,경상,승용,여,45세,경상
2015042100100250,2015년 4월 21일 11시,화요일,광주광역시 서구 쌍촌동,경상사고,0,0,1,0,차대차 - 기타,안전운전불이행,건조,맑음,단일로 - 기타,기타불명,기타불명,기타불명,기타불명,승용,남,67세,상해없음
2015042100100251,2015년 4월 21일 11시,화요일,광주광역시 광산구 신가동,중상사고,0,1,0,0,차대차 - 추돌 - 진행중,안전거리미확보,건조,맑음,단일로 - 기타,승용,남,26세,상해없음,원동기,남,35세,중상
2015042100100272,2015년 4월 21일 12시,화요일,광주광역시 동구 대인동,중상사고,0,1,0,0,차대사람 - 횡단중,안전운전불이행,건조,맑음,교차로 - 교차로안,승용,남,45세,상해없음,보행자,여,73세,중상
2015042100100300,2015년 4월 21일 13시,화요일,광주광역시 광산구 수완동,경상사고,0,0,3,0,차대차 - 측면직각충돌,안전거리미확보,건조,맑음,교차로 - 교차로부근,승용,남,38세,경상,승용,여,31세,경상
2015042100100301,2015년 4월 21일 13시,화요일,광주광역시 광산구 신창동,중상사고,0,1,0,0,차대차 - 측면직각충돌,안전운전불이행,건조,맑음,교차로 - 교차로부근,원동기,남,48세,상해없음,자전거,남,26세,중상
2015042100100385,2015년 4월 21일 15시,화요일,광주광역시 북구 두암동,경상사고,0,0,1,0,차대사람 - 차도통행중,안전운전불이행,건조,맑음,단일로 - 기타,승용,남,83세,기타불명,보행자,여,54세,경상
2015042100100386,2015년 4월 21일 15시,화요일,광주광역시 광산구 운수동,경상사고,0,0,1,0,차대차 - 측면직각충돌,불법유턴,건조,맑음,단일로 - 기타,승용,여,44세,상해없음,승용,남,41세,경상
2015042100100424,2015년 4월 21일 16시,화요일,광주광역시 북구 중흥동,경상사고,0,0,3,0,차대차 - 측면직각충돌,직진우회전진행방해,건조,맑음,교차로 - 교차로안,화물,남,24세,경상,승합,남,57세,경상
2015042100100506,2015년 4월 21일 18시,화요일,광주광역시 광산구 월곡동,경상사고,0,0,1,0,차대차 - 측면직각충돌,교차로운행방법위반,건조,맑음,교차로 - 교차로안,이륜,남,18세,경상,승용,남,52세,상해없음
2015042100100539,2015년 4월 21일 19시,화요일,광주광역시 서구 동천동,경상사고,0,0,1,0,차대사람 - 횡단중,안전운전불이행,건조,맑음,단일로 - 기타,승용,남,21세,상해없음,보행자,여,9세,경상
2015042100100568,2015년 4월 21일 20시,화요일,광주광역시 북구 풍향동,중상사고,0,1,0,0,차대사람 - 길가장자리구역통행중,안전운전불이행,건조,맑음,교차로 - 교차로안,승용,남,59세,상해없음,보행자,남,60세,중상
2015042100100610,2015년 4월 21일 21시,화요일,광주광역시 북구 용봉동,중상사고,0,1,0,0,차대사람 - 횡단중,안전운전불이행,건조,맑음,교차로 - 교차로안,승용,남,32세,상해없음,보행자,남,58세,중상
2015042100100672,2015년 4월 21일 23시,화요일,광주광역시 서구 화정동,경상사고,0,0,2,0,차대차 - 측면직각충돌,신호위반,건조,맑음,교차로 - 교차로안,승용,남,57세,상해없음,승용,남,57세,경상
2015042100100673,2015년 4월 21일 23시,화요일,광주광역시 남구 주월동,사망사고,1,0,0,0,차대사람 - 기타,보행자보호의무위반,건조,맑음,단일로 - 횡단보도상,승용,여,50세,상해없음,보행자,여,35세,사망