사고번호,사고일시,요일,시군구,사고내용,사망자수,중상자수,경상자수,부상신고자수,사고유형,법규위반,노면상태,기상상태,도로형태,가해운전자 차종,가해운전자 성별,가해운전자 연령,가해운전자 상해정도,피해운전자 차종,피해운전자 성별,피해운전자 연령,피해운전자 상해정도
2015042100100674,2015년 4월 21일 23시,화요일,광주광역시 북구 용봉동,경상사고,0,0,2,0,차대차 - 측면직각충돌,교차로운행방법위반,건조,맑음,교차로 - 교차로안,승용,남,32세,기타불명,화물,남,22세,경상
2015042200100020,2015년 4월 22일 00시,수요일,광주광역시 북구 운암동,경상사고,0,0,2,0,차대차 - 추돌 - 진행중,안전운전불이행,건조,맑음,단일로 - 기타,승용,남,27세,상해없음,승용,여,46세,경상
2015042200100050,2015년 4월 22일 03시,수요일,광주광역시 북구 연제동,경상사고,0,0,3,0,차량단독 - 공작물충돌,안전운전불이행,건조,맑음,단일로 - 기타,승용,남,23세,경상,,,,
2015042200100051,2015년 4월 22일 03시,수요일,광주광역시 광산구 장덕동,경상사고,0,0,3,0,차대차 - 측면직각충돌,신호위반,건조,맑음,교차로 - 교차로안,승용,남,42세,상해없음,화물,남,29세,경상
2015042200100068,2015년 4월 22일 05시,수요일,광주광역시 북구 연제동,경상사고,0,0,1,0,차량단독 - 공작물충돌,안전운전불이행,건조,맑음,단일로 - 기타,승용,남,47세,상해없음,,,,
2015042200100213,2015년 4월 22일 11시,수요일,광주광역시 광산구 도천동,경상사고,0,0,1,0,차대차 - 기타,신호위반,건조,맑음,교차로 - 교차로안,화물,여,26세,상해없음,승용,남,35세,경상
2015042200100243,2015년 4월 22일 12시,수요일,광주광역시 광산구 신가동,경상사고,0,0,1,0,차대차 - 측면직각충돌,교차로운행방법위반,건조,맑음,교차로 - 교차로부근,승용,남,27세,상해없음,원동기,남,20세,경상
2015042200100269,2015년 4월 22일 13시,수요일,광주광역시 북구 동림동,중상사고,0,1,0,0,차대차 - 기타,안전운전불이행,건조,맑음,단일로 - 기타,자전거,남,75세,중상,화물,남,47세,상해없음
2015042200100296,2015년 4월 22일 14시,수요일,광주광역시 서구 쌍촌동,경상사고,0,0,1,0,차대차 - 측면직각충돌,안전운전불이행,건조,맑음,교차로 - 교차로안,승용,여,59세,상해없음,승용,여,37세,경상
2015042200100297,2015년 4월 22일 14시,수요일,광주광역시 남구 방림동,경상사고,0,0,1,0,차대차 - 측면직각충돌,교차로운행방법위반,건조,맑음,교차로 - 교차로안,승용,남,66세,상해없음,승용,남,40세,경상
2015042200100298,2015년 4월 22일 14시,수요일,광주광역시 북구 중흥동,부상신고사고,0,0,0,1,차대사람 - 길가장자리구역통행중,안전운전불이행,건조,맑음,단일로 - 기타,승용,기타불명,기타불명,기타불명,보행자,여,75세,부상신고
2015042200100332,2015년 4월 22일 15시,수요일,광주광역시 북구 우산동,경상사고,0,0,4,0,차대차 - 추돌 - 주정차중,안전운전불이행,건조,맑음,단일로 - 기타,승용,남,54세,상해없음,화물,남,65세,경상
2015042200100333,2015년 4월 22일 15시,수요일,광주광역시 광산구 비아동,경상사고,0,0,2,0,차대차 - 측면직각충돌,차로위반,건조,맑음,단일로 - 기타,건설기계,남,48세,상해없음,승용,남,60세,경상
2015042200100367,2015년 4월 22일 16시,수요일,광주광역시 광산구 안청동,중상사고,0,1,0,0,차량단독 - 기타,안전운전불이행,기타,맑음,단일로 - 교량,화물,남,64세,상해없음,,,,
2015042200100402,2015년 4월 22일 17시,수요일,광주광역시 북구 운암동,부상신고사고,0,0,0,1,차대사람 - 길가장자리구역통행중,안전운전불이행,건조,맑음,단일로 - 기타,승용,남,53세,상해없음,보행자,여,79세,부상신고
2015042200100451,2015년 4월 22일 18시,수요일,광주광역시 북구 운암동,경상사고,0,0,1,0,차대차 - 추돌 - 주정차중,안전거리미확보,건조,맑음,단일로 - 기타,승용,남,50세,상해없음,승용,여,42세,경상
2015042200100452,2015년 4월 22일 18시,수요일,광주광역시 북구 연제동,경상사고,0,0,1,0,차대차 - 측면직각충돌,차로위반,건조,맑음,단일로 - 기타,승용,남,60세,상해없음,승용,남,40세,경상
2015042200100453,2015년 4월 22일 18시,수요일,광주광역시 북구 신용동,중상사고,0,1,0,0,차대차 - 측면직각충돌,안전운전불이행,건조,맑음,단일로 - 기타,자전거,기타불명,기타불명,기타불명,자전거,남,5세,중상
2015042200100484,2015년 4월 22일 19시,수요일,광주광역시 서구 유촌동,경상사고,0,0,1,0,차대차 - 추돌 - 진행중,안전거리미확보,건조,맑음,단일로 - 기타,화물,남,51세,상해없음,승용,여,33세,경상
2015042200100514,2015년 4월 22일 20시,수요일,광주광역시 서구 쌍촌동,경상사고,0,0,1,0,차대사람 - 길가장자리구역통행중,안전운전불이행,건조,맑음,단일로 - 기타,승용,남,28세,기타불명,보행자,여,18세,경상
2015042200100515,2015년 4월 22일 20시,수요일,광주광역시 광산구 월계동,경상사고,0,0,1,0,차대사람 - 보도통행중,안전운전불이행,건조,맑음,단일로 - 기타,원동기,남,22세,상해없음,보행자,여,73세,경상
2015042200100579,2015년 4월 22일 22시,수요일,광주광역시 광산구 신가동,경상사고,0,0,1,0,차대차 - 측면직각충돌,신호위반,건조,맑음,교차로 - 교차로안,승용,여,45세,상해없음,승용,남,44세,경상
2015042300100023,2015년 4월 23일 00시,목요일,광주광역시 서구 쌍촌동,경상사고,0,0,4,0,차대차 - 측면직각충돌,안전운전불이행,건조,맑음,단일로 - 기타,승용,남,55세,상해없음,승합,남,47세,경상
2015042300100047,2015년 4월 23일 02시,목요일,광주광역시 서구 금호동,경상사고,0,0,2,0,차대차 - 측면직각충돌,안전운전불이행,건조,맑음,교차로 - 교차로안,승용,남,42세,상해없음,승용,남,62세,경상
2015042300100054,2015년 4월 23일 03시,목요일,광주광역시 동구 지산동,부상신고사고,0,0,0,1,차대차 - 기타,중앙선침범,건조,흐림,단일로 - 기타,승용,남,25세,부상신고,승용,기타불명,32세,기타불명
2015042300100069,2015년 4월 23일 05시,목요일,광주광역시 동구 동명동,중상사고,0,1,0,0,차대사람 - 횡단중,안전운전불이행,건조,맑음,단일로 - 기타,화물,남,73세,상해없음,보행자,남,24세,중상
2015042300100070,2015년 4월 23일 05시,목요일,광주광역시 서구 화정동,경상사고,0,0,3,0,차대차 - 추돌 - 진행중,안전거리미확보,건조,맑음,단일로 - 기타,승용,남,31세,상해없음,승용,남,27세,경상
2015042300100235,2015년 4월 23일 10시,목요일,광주광역시 북구 두암동,경상사고,0,0,2,0,차대차 - 측면직각충돌,직진우회전진행방해,건조,맑음,교차로 - 교차로안,이륜,남,64세,경상,승용,남,60세,경상
2015042300100290,2015년 4월 23일 12시,목요일,광주광역시 동구 계림동,경상사고,0,0,1,0,차대사람 - 횡단중,보행자보호의무위반,건조,맑음,단일로 - 기타,승용,남,70세,상해없음,보행자,여,66세,경상
2015042300100323,2015년 4월 23일 13시,목요일,광주광역시 남구 주월동,경상사고,0,0,1,0,차대차 - 기타,안전운전불이행,건조,맑음,교차로 - 교차로안,승용,여,42세,상해없음,원동기,남,31세,경상
2015042300100346,2015년 4월 23일 14시,목요일,광주광역시 서구 매월동,경상사고,0,0,1,0,차대사람 - 기타,안전운전불이행,건조,맑음,단일로 - 기타,승용,여,28세,상해없음,보행자,남,32세,경상
2015042300100347,2015년 4월 23일 14시,목요일,광주광역시 북구 문흥동,경상사고,0,0,1,0,차대차 - 측면직각충돌,안전운전불이행,건조,맑음,단일로 - 기타,자전거,남,59세,경상,화물,여,52세,상해없음
2015042300100381,2015년 4월 23일 15시,목요일,광주광역시 북구 두암동,중상사고,0,2,0,0,차대사람 - 횡단중,안전운전불이행,건조,맑음,교차로 - 교차로부근,승용,여,44세,상해없음,보행자,여,22세,중상
2015042300100382,2015년 4월 23일 15시,목요일,광주광역시 광산구 신가동,경상사고,0,0,1,0,차대사람 - 길가장자리구역통행중,안전운전불이행,건조,맑음,교차로 - 교차로부근,승용,여,47세,상해없음,보행자,남,37세,경상
2015042300100383,2015년 4월 23일 15시,목요일,광주광역시 광산구 송촌동,경상사고,0,0,3,0,차대차 - 추돌 - 진행중,안전운전불이행,건조,맑음,단일로 - 교량,승용,남,54세,상해없음,승용,남,31세,경상
2015042300100415,2015년 4월 23일 16시,목요일,광주광역시 동구 산수동,경상사고,0,0,1,0,차대사람 - 기타,안전운전불이행,건조,맑음,단일로 - 기타,자전거,남,37세,상해없음,보행자,여,60세,경상
2015042300100416,2015년 4월 23일 16시,목요일,광주광역시 서구 덕흥동,경상사고,0,0,2,0,차대차 - 추돌 - 진행중,안전거리미확보,건조,맑음,단일로 - 기타,건설기계,남,56세,상해없음,승용,남,55세,경상
2015042300100417,2015년 4월 23일 16시,목요일,광주광역시 남구 승촌동,중상사고,0,1,2,0,차대차 - 측면직각충돌,중앙선침범,건조,맑음,단일로 - 기타,승용,여,54세,상해없음,승용,여,64세,경상
2015042300100418,2015년 4월 23일 16시,목요일,광주광역시 남구 백운동,경상사고,0,0,1,0,차대차 - 기타,불법유턴,건조,맑음,단일로 - 기타,자전거,여,27세,경상,승용,남,54세,상해없음
2015042300100509,2015년 4월 23일 18시,목요일,광주광역시 광산구 동산동,중상사고,0,1,0,0,차대차 - 기타,교차로운행방법위반,건조,맑음,교차로 - 교차로안,승용,남,55세,상해없음,원동기,남,22세,중상
2015042300100510,2015년 4월 23일 18시,목요일,광주광역시 광산구 송정동,경상사고,0,0,1,0,차대차 - 추돌 - 진행중,안전거리미확보,건조,맑음,단일로 - 기타,이륜,남,44세,상해없음,승용,여,47세,경상
2015042300100511,2015년 4월 23일 18시,목요일,광주광역시 광산구 송정동,경상사고,0,0,3,0,차대차 - 추돌 - 주정차중,안전운전불이행,건조,맑음,교차로 - 교차로안,승용,남,28세,상해없음,승용,남,32세,경상
2015042300100548,2015년 4월 23일 19시,목요일,광주광역시 광산구 우산동,중상사고,0,1,0,0,차대사람 - 보도통행중,안전운전불이행,건조,맑음,단일로 - 기타,승용,남,24세,상해없음,보행자,여,55세,중상
2015042300100549,2015년 4월 23일 19시,목요일,광주광역시 광산구 송정동,경상사고,0,0,1,0,차대사람 - 길가장자리구역통행중,안전운전불이행,건조,맑음,기타 - 기타,승용,남,44세,상해없음,보행자,남,50세,경상
2015042300100581,2015년 4월 23일 20시,목요일,광주광역시 광산구 흑석동,경상사고,0,0,1,0,차대사람 - 차도통행중,중앙선침범,건조,맑음,단일로 - 기타,원동기,남,19세,상해없음,보행자,여,10세,경상
2015042300100616,2015년 4월 23일 21시,목요일,광주광역시 북구 운암동,경상사고,0,0,2,0,차대차 - 추돌 - 진행중,안전운전불이행,건조,맑음,교차로 - 교차로부근,승용,남,28세,상해없음,승용,남,46세,경상
2015042300100617,2015년 4월 23일 21시,목요일,광주광역시 광산구 하남동,경상사고,0,0,1,0,차대차 - 추돌 - 주정차중,안전운전불이행,건조,맑음,교차로 - 교차로부근,승용,남,44세,상해없음,승용,남,43세,경상
2015042400100033,2015년 4월 24일 02시,금요일,광주광역시 광산구 수완동,중상사고,0,1,1,0,차대차 - 측면직각충돌,중앙선침범,건조,맑음,단일로 - 기타,승용,여,40세,경상,승용,남,43세,상해없음
2015042400100050,2015년 4월 24일 04시,금요일,광주광역시 서구 치평동,경상사고,0,0,1,0,차대차 - 측면직각충돌,신호위반,건조,맑음,교차로 - 교차로안,승용,남,54세,상해없음,이륜,남,47세,경상
2015042400100132,2015년 4월 24일 08시,금요일,광주광역시 동구 계림동,경상사고,0,0,2,0,차대차 - 추돌 - 진행중,안전거리미확보,건조,맑음,교차로 - 교차로안,승용,남,70세,상해없음,승용,여,44세,경상
2015042400100133,2015년 4월 24일 08시,금요일,광주광역시 남구 백운동,경상사고,0,0,1,0,차대차 - 기타,안전운전불이행,건조,맑음,단일로 - 기타,승용,남,35세,상해없음,승용,여,43세,경상
2015042400100167,2015년 4월 24일 09시,금요일,광주광역시 서구 풍암동,경상사고,0,0,2,0,차대차 - 측면직각충돌,안전운전불이행,건조,맑음,교차로 - 교차로부근,승용,남,46세,상해없음,승용,남,65세,경상
2015042400100168,2015년 4월 24일 09시,금요일,광주광역시 북구 우산동,중상사고,0,1,0,0,차대사람 - 횡단중,안전운전불이행,건조,맑음,단일로 - 기타,승용,남,48세,상해없음,보행자,여,73세,중상
2015042400100203,2015년 4월 24일 10시,금요일,광주광역시 남구 서동,경상사고,0,0,1,0,차대차 - 측면직각충돌,교차로운행방법위반,건조,맑음,교차로 - 교차로안,승용,남,58세,기타불명,승용,여,42세,경상
2015042400100204,2015년 4월 24일 10시,금요일,광주광역시 남구 진월동,경상사고,0,0,2,0,차대차 - 추돌 - 주정차중,안전운전불이행,건조,맑음,교차로 - 교차로부근,승용,남,26세,상해없음,승용,여,41세,경상
2015042400100251,2015년 4월 24일 11시,금요일,광주광역시 남구 월산동,경상사고,0,0,2,0,차대차 - 측면직각충돌,안전거리미확보,건조,맑음,단일로 - 기타,승용,남,60세,상해없음,승용,남,62세,경상
2015042400100345,2015년 4월 24일 14시,금요일,광주광역시 서구 양동,경상사고,0,0,1,0,차대차 - 측면직각충돌,안전거리미확보,건조,맑음,단일로 - 기타,승용,남,36세,상해없음,승용,남,49세,경상
2015042400100420,2015년 4월 24일 16시,금요일,광주광역시 광산구 산정동,경상사고,0,0,1,0,차대사람 - 횡단중,신호위반,건조,맑음,교차로 - 교차로안,승용,남,39세,상해없음,보행자,여,8세,경상
2015042400100471,2015년 4월 24일 17시,금요일,광주광역시 북구 신안동,경상사고,0,0,1,0,차대차 - 추돌 - 진행중,안전운전불이행,건조,맑음,교차로 - 교차로안,승용,남,47세,상해없음,승용,남,46세,경상
2015042400100472,2015년 4월 24일 17시,금요일,광주광역시 광산구 도천동,경상사고,0,0,3,0,차대차 - 추돌 - 주정차중,안전운전불이행,건조,맑음,교차로 - 교차로부근,화물,남,53세,상해없음,화물,남,47세,경상
2015042400100523,2015년 4월 24일 18시,금요일,광주광역시 북구 우산동,경상사고,0,0,2,0,차대차 - 추돌 - 진행중,안전운전불이행,건조,맑음,단일로 - 기타,승합,남,54세,상해없음,승합,여,45세,경상
2015042400100577,2015년 4월 24일 19시,금요일,광주광역시 광산구 신가동,경상사고,0,0,1,0,차대차 - 추돌 - 주정차중,안전거리미확보,건조,맑음,교차로 - 교차로안,승용,남,50세,상해없음,승용,남,47세,경상
2015042400100701,2015년 4월 24일 22시,금요일,광주광역시 광산구 도천동,중상사고,0,1,0,0,차대차 - 추돌 - 진행중,신호위반,건조,맑음,교차로 - 교차로안,승용,남,28세,상해없음,원동기,남,44세,중상
2015042400100739,2015년 4월 24일 23시,금요일,광주광역시 북구 동림동,경상사고,0,0,1,0,차대차 - 측면직각충돌,안전운전불이행,건조,맑음,단일로 - 기타,승용,남,49세,상해없음,원동기,남,16세,경상
2015042500100028,2015년 4월 25일 00시,토요일,광주광역시 광산구 산월동,경상사고,0,0,2,0,차대차 - 추돌 - 진행중,안전거리미확보,건조,맑음,단일로 - 교량,승용,남,28세,상해없음,승용,여,25세,경상
2015042500100051,2015년 4월 25일 01시,토요일,광주광역시 서구 치평동,경상사고,0,0,1,1,차대사람 - 차도통행중,안전운전불이행,건조,맑음,단일로 - 기타,이륜,남,57세,경상,보행자,남,52세,부상신고
2015042500100052,2015년 4월 25일 01시,토요일,광주광역시 서구 치평동,경상사고,0,0,2,0,차대사람 - 횡단중,보행자보호의무위반,건조,맑음,단일로 - 기타,승용,남,28세,상해없음,보행자,남,33세,경상
2015042500100091,2015년 4월 25일 04시,토요일,광주광역시 남구 송하동,중상사고,0,1,0,0,차대사람 - 기타,안전거리미확보,건조,맑음,기타 - 기타,승합,남,54세,상해없음,보행자,남,57세,중상
2015042500100116,2015년 4월 25일 06시,토요일,광주광역시 서구 금호동,경상사고,0,0,2,0,차대차 - 측면직각충돌,안전운전불이행,건조,맑음,교차로 - 교차로부근,승용,남,31세,상해없음,승용,남,32세,경상
2015042500100202,2015년 4월 25일 09시,토요일,광주광역시 북구 용봉동,경상사고,0,0,2,0,차대차 - 측면직각충돌,안전운전불이행,건조,맑음,교차로 - 교차로안,승용,남,52세,상해없음,승용,남,66세,경상
2015042500100203,2015년 4월 25일 09시,토요일,광주광역시 광산구 비아동,경상사고,0,0,3,0,차대차 - 측면직각충돌,안전운전불이행,건조,맑음,교차로 - 교차로안,화물,남,52세,경상,승용,남,55세,경상
2015042500100239,2015년 4월 25일 10시,토요일,광주광역시 남구 방림동,중상사고,0,1,1,0,차대사람 - 차도통행중,안전운전불이행,건조,맑음,교차로 - 교차로부근,승용,남,38세,상해없음,보행자,남,82세,중상
2015042500100284,2015년 4월 25일 11시,토요일,광주광역시 서구 화정동,경상사고,0,0,2,0,차대차 - 추돌 - 진행중,안전거리미확보,건조,맑음,교차로 - 교차로부근,승용,남,55세,상해없음,승용,여,51세,경상
2015042500100285,2015년 4월 25일 11시,토요일,광주광역시 서구 화정동,경상사고,0,0,1,0,차대차 - 측면직각충돌,안전운전불이행,건조,맑음,단일로 - 기타,승용,남,45세,상해없음,승용,여,29세,경상
2015042500100286,2015년 4월 25일 11시,토요일,광주광역시 서구 금호동,중상사고,0,1,0,0,차대사람 - 횡단중,안전운전불이행,건조,맑음,단일로 - 기타,승용,여,49세,상해없음,보행자,여,49세,중상
2015042500100326,2015년 4월 25일 12시,토요일,광주광역시 광산구 옥동,경상사고,0,0,1,0,차대차 - 추돌 - 주정차중,안전운전불이행,건조,맑음,단일로 - 기타,승용,남,48세,상해없음,승용,남,34세,상해없음
2015042500100365,2015년 4월 25일 13시,토요일,광주광역시 서구 유촌동,경상사고,0,0,1,0,차대차 - 추돌 - 진행중,안전거리미확보,건조,맑음,단일로 - 기타,승용,여,57세,상해없음,승용,남,41세,경상
2015042500100446,2015년 4월 25일 15시,토요일,광주광역시 광산구 신가동,경상사고,0,0,1,0,차대사람 - 횡단중,과속,건조,맑음,단일로 - 기타,승용,남,26세,상해없음,보행자,남,7세,경상
2015042500100488,2015년 4월 25일 16시,토요일,광주광역시 서구 쌍촌동,중상사고,0,1,0,0,차대차 - 측면직각충돌,불법유턴,건조,맑음,단일로 - 기타,승용,남,60세,상해없음,이륜,남,17세,중상
2015042500100545,2015년 4월 25일 17시,토요일,광주광역시 동구 소태동,중상사고,0,1,1,0,차대차 - 측면직각충돌,안전운전불이행,건조,맑음,교차로 - 교차로부근,승용,여,49세,경상,승용,남,58세,중상
2015042500100546,2015년 4월 25일 17시,토요일,광주광역시 동구 동명동,경상사고,0,0,1,0,차대차 - 추돌 - 진행중,안전운전불이행,건조,맑음,단일로 - 기타,승용,남,64세,상해없음,승용,남,32세,경상
2015042500100547,2015년 4월 25일 17시,토요일,광주광역시 서구 치평동,경상사고,0,0,1,0,차대차 - 측면직각충돌,안전운전불이행,건조,맑음,단일로 - 기타,자전거,남,7세,경상,승용,여,44세,상해없음
2015042500100641,2015년 4월 25일 19시,토요일,광주광역시 동구 충장로4가,경상사고,0,0,1,0,차대사람 - 횡단중,안전운전불이행,건조,맑음,교차로 - 교차로안,승용,남,29세,상해없음,보행자,남,42세,경상
2015042500100680,2015년 4월 25일 20시,토요일,광주광역시 서구 금호동,경상사고,0,0,1,0,차대차 - 추돌 - 진행중,안전거리미확보,건조,맑음,교차로 - 교차로부근,승용,남,54세,상해없음,이륜,남,34세,경상
2015042500100717,2015년 4월 25일 21시,토요일,광주광역시 북구 운암동,경상사고,0,0,2,0,차대차 - 추돌 - 주정차중,안전운전불이행,건조,맑음,교차로 - 교차로부근,이륜,남,59세,상해없음,승용,여,58세,경상
2015042500100754,2015년 4월 25일 22시,토요일,광주광역시 북구 각화동,경상사고,0,0,1,0,차량단독 - 기타,안전운전불이행,건조,맑음,단일로 - 기타,승용,남,64세,상해없음,,,,
2015042500100781,2015년 4월 25일 23시,토요일,광주광역시 북구 운암동,경상사고,0,0,1,0,차대사람 - 횡단중,안전운전불이행,건조,맑음,교차로 - 교차로부근,승용,남,33세,상해없음,보행자,여,19세,경상
2015042500100782,2015년 4월 25일 23시,토요일,광주광역시 북구 문흥동,경상사고,0,0,1,0,차대사람 - 기타,안전운전불이행,건조,맑음,교차로 - 교차로부근,승용,남,57세,상해없음,보행자,여,23세,경상
2015042600100039,2015년 4월 26일 01시,일요일,광주광역시 북구 삼각동,경상사고,0,0,1,0,차대사람 - 횡단중,신호위반,건조,맑음,단일로 - 횡단보도상,승용,남,38세,상해없음,보행자,남,18세,경상
2015042600100054,2015년 4월 26일 02시,일요일,광주광역시 남구 진월동,경상사고,0,0,3,0,차대차 - 측면직각충돌,교차로운행방법위반,건조,맑음,교차로 - 교차로안,승용,여,31세,경상,승용,남,35세,경상
2015042600100069,2015년 4월 26일 03시,일요일,광주광역시 북구 신안동,경상사고,0,0,1,0,차대차 - 측면직각충돌,교차로운행방법위반,건조,맑음,교차로 - 교차로안,승용,남,62세,상해없음,승용,남,52세,경상
2015042600100091,2015년 4월 26일 05시,일요일,광주광역시 서구 동천동,중상사고,0,3,1,0,차량단독 - 공작물충돌,차로위반,건조,맑음,단일로 - 기타,승용,남,18세,상해없음,,,,
2015042600100092,2015년 4월 26일 05시,일요일,광주광역시 서구 유촌동,경상사고,0,0,2,0,차대차 - 추돌 - 진행중,안전거리미확보,건조,맑음,단일로 - 기타,승용,남,46세,상해없음,승용,남,33세,경상
2015042600100193,2015년 4월 26일 11시,일요일,광주광역시 북구 양산동,중상사고,0,1,1,0,차대사람 - 길가장자리구역통행중,안전운전불이행,건조,맑음,교차로 - 교차로부근,승용,남,37세,상해없음,보행자,남,14세,경상
2015042600100225,2015년 4월 26일 12시,일요일,광주광역시 북구 각화동,중상사고,0,1,0,0,차대차 - 측면직각충돌,신호위반,건조,맑음,단일로 - 기타,승용,남,64세,상해없음,이륜,남,58세,중상
2015042600100276,2015년 4월 26일 14시,일요일,광주광역시 북구 문흥동,경상사고,0,0,1,0,차대차 - 측면직각충돌,교차로운행방법위반,건조,맑음,교차로 - 교차로안,승용,남,59세,상해없음,자전거,남,25세,경상
2015042600100322,2015년 4월 26일 15시,일요일,광주광역시 북구 동림동,경상사고,0,0,1,0,차대차 - 측면직각충돌,신호위반,건조,맑음,교차로 - 교차로안,승용,여,36세,상해없음,화물,남,34세,경상
2015042600100372,2015년 4월 26일 16시,일요일,광주광역시 광산구 요기동,경상사고,0,0,3,0,차대차 - 추돌 - 주정차중,안전거리미확보,건조,맑음,단일로 - 기타,승용,여,44세,상해없음,승용,남,33세,경상
2015042600100442,2015년 4월 26일 18시,일요일,광주광역시 광산구 우산동,경상사고,0,0,1,0,차대차 - 추돌 - 진행중,안전거리미확보,건조,맑음,교차로 - 교차로안,승용,남,54세,상해없음,승용,여,54세,경상
2015042600100472,2015년 4월 26일 19시,일요일,광주광역시 남구 월산동,경상사고,0,0,2,1,차대차 - 측면직각충돌,안전거리미확보,건조,맑음,단일로 - 기타,승용,여,38세,부상신고,승용,남,60세,경상
2015042600100473,2015년 4월 26일 19시,일요일,광주광역시 북구 용봉동,중상사고,0,1,0,0,차대사람 - 횡단중,보행자보호의무위반,건조,맑음,단일로 - 횡단보도상,화물,남,38세,상해없음,보행자,여,74세,중상
2015042600100512,2015년 4월 26일 20시,일요일,광주광역시 남구 양림동,부상신고사고,0,0,0,1,차대차 - 측면직각충돌,중앙선침범,건조,맑음,단일로 - 기타,승용,남,67세,상해없음,이륜,남,19세,부상신고
2015042600100513,2015년 4월 26일 20시,일요일,광주광역시 광산구 월계동,경상사고,0,0,1,0,차대사람 - 차도통행중,안전운전불이행,건조,맑음,단일로 - 기타,승용,남,43세,상해없음,보행자,남,10세,경상
2015042600100545,2015년 4월 26일 21시,일요일,광주광역시 광산구 신가동,경상사고,0,0,1,0,차대차 - 측면직각충돌,안전운전불이행,건조,맑음,단일로 - 기타,승용,남,31세,상해없음,원동기,남,18세,경상
2015042700100020,2015년 4월 27일 00시,월요일,광주광역시 서구 화정동,경상사고,0,0,1,0,차대차 - 추돌 - 주정차중,안전운전불이행,건조,맑음,교차로 - 교차로부근,승용,남,51세,상해없음,승용,남,44세,경상
2015042700100056,2015년 4월 27일 06시,월요일,광주광역시 동구 학동,경상사고,0,0,2,0,차대차 - 측면직각충돌,안전거리미확보,건조,흐림,단일로 - 기타,승용,여,56세,경상,승용,남,52세,경상
2015042700100088,2015년 4월 27일 07시,월요일,광주광역시 서구 양동,중상사고,0,1,0,0,차대사람 - 횡단중,안전운전불이행,건조,맑음,단일로 - 기타,승용,남,31세,상해없음,보행자,여,52세,중상
2015042700100135,2015년 4월 27일 08시,월요일,광주광역시 서구 치평동,부상신고사고,0,0,0,1,차대차 - 측면직각충돌,신호위반,건조,맑음,교차로 - 교차로안,이륜,남,48세,부상신고,승용,여,58세,상해없음
2015042700100136,2015년 4월 27일 08시,월요일,광주광역시 서구 화정동,중상사고,0,1,0,0,차대사람 - 횡단중,보행자보호의무위반,건조,맑음,단일로 - 기타,승용,남,37세,상해없음,보행자,남,8세,중상
2015042700100261,2015년 4월 27일 12시,월요일,광주광역시 광산구 하남동,중상사고,0,1,0,0,차대차 - 측면직각충돌,교차로운행방법위반,건조,맑음,교차로 - 교차로안,승용,남,43세,상해없음,원동기,남,51세,중상
2015042700100300,2015년 4월 27일 13시,월요일,광주광역시 서구 농성동,경상사고,0,0,1,0,차대사람 - 횡단중,안전운전불이행,건조,맑음,단일로 - 기타,승용,남,70세,상해없음,보행자,여,60세,경상
2015042700100301,2015년 4월 27일 13시,월요일,광주광역시 남구 월산동,중상사고,0,1,0,0,차대차 - 측면직각충돌,교차로운행방법위반,건조,맑음,교차로 - 교차로안,승용,여,53세,상해없음,이륜,여,55세,중상
2015042700100376,2015년 4월 27일 15시,월요일,광주광역시 남구 서동,경상사고,0,0,1,0,차대차 - 정면충돌,안전운전불이행,건조,맑음,단일로 - 기타,승용,여,56세,상해없음,승용,여,58세,경상
2015042700100514,2015년 4월 27일 18시,월요일,광주광역시 서구 광천동,중상사고,0,1,0,0,차대차 - 측면직각충돌,중앙선침범,건조,맑음,단일로 - 기타,승용,여,42세,상해없음,화물,남,49세,중상
2015042700100515,2015년 4월 27일 18시,월요일,광주광역시 광산구 신가동,경상사고,0,0,1,0,차대차 - 측면직각충돌,안전운전불이행,건조,맑음,교차로 - 교차로안,승용,여,43세,상해없음,자전거,남,12세,경상
2015042700100554,2015년 4월 27일 19시,월요일,광주광역시 서구 양동,중상사고,0,1,0,0,차대사람 - 횡단중,안전운전불이행,건조,맑음,단일로 - 기타,승용,남,26세,상해없음,보행자,여,77세,중상
2015042700100555,2015년 4월 27일 19시,월요일,광주광역시 광산구 산월동,경상사고,0,0,2,0,차대차 - 측면직각충돌,안전운전불이행,건조,맑음,단일로 - 기타,승용,여,28세,경상,화물,남,33세,경상
2015042700100593,2015년 4월 27일 20시,월요일,광주광역시 서구 화정동,경상사고,0,0,1,0,차대차 - 측면직각충돌,안전운전불이행,건조,맑음,단일로 - 기타,승용,남,42세,상해없음,승용,남,49세,경상
2015042700100594,2015년 4월 27일 20시,월요일,광주광역시 북구 삼각동,경상사고,0,0,2,0,차대차 - 측면직각충돌,신호위반,습기,비,교차로 - 교차로안,승용,남,59세,경상,이륜,남,16세,경상
2015042700100595,2015년 4월 27일 20시,월요일,광주광역시 북구 두암동,중상사고,0,1,0,0,차대사람 - 횡단중,안전운전불이행,건조,맑음,교차로 - 교차로안,승용,남,57세,상해없음,보행자,여,90세 이상,중상