사고번호,사고일시,요일,시군구,사고내용,사망자수,중상자수,경상자수,부상신고자수,사고유형,법규위반,노면상태,기상상태,도로형태,가해운전자 차종,가해운전자 성별,가해운전자 연령,가해운전자 상해정도,피해운전자 차종,피해운전자 성별,피해운전자 연령,피해운전자 상해정도
2015052400100382,2015년 5월 24일 16시,일요일,광주광역시 북구 망월동,경상사고,0,0,4,0,차대차 - 추돌 - 주정차중,안전거리미확보,건조,맑음,단일로 - 기타,승용,여,55세,경상,승용,남,47세,경상
2015052400100383,2015년 5월 24일 16시,일요일,광주광역시 북구 신용동,사망사고,1,1,3,0,차대차 - 측면직각충돌,신호위반,건조,맑음,교차로 - 교차로안,승용,여,40세,상해없음,승용,남,60세,경상
2015052400100423,2015년 5월 24일 17시,일요일,광주광역시 서구 동천동,중상사고,0,1,3,0,차대차 - 측면직각충돌,신호위반,건조,맑음,교차로 - 교차로안,승용,남,42세,상해없음,승용,여,36세,경상
2015052400100457,2015년 5월 24일 18시,일요일,광주광역시 광산구 수완동,부상신고사고,0,0,0,1,차대사람 - 횡단중,신호위반,건조,맑음,단일로 - 기타,원동기,남,25세,기타불명,보행자,남,13세,부상신고
2015052400100507,2015년 5월 24일 20시,일요일,광주광역시 서구 농성동,경상사고,0,0,2,0,차대차 - 측면직각충돌,안전거리미확보,건조,맑음,단일로 - 기타,승용,남,46세,상해없음,화물,남,53세,경상
2015052400100508,2015년 5월 24일 20시,일요일,광주광역시 서구 쌍촌동,경상사고,0,0,1,0,차대차 - 측면직각충돌,안전운전불이행,건조,맑음,단일로 - 기타,승용,남,29세,상해없음,이륜,남,23세,경상
2015052400100541,2015년 5월 24일 21시,일요일,광주광역시 북구 연제동,경상사고,0,0,1,0,차대사람 - 횡단중,안전운전불이행,건조,맑음,단일로 - 기타,승용,여,43세,상해없음,보행자,남,9세,경상
2015052400100582,2015년 5월 24일 23시,일요일,광주광역시 북구 중흥동,경상사고,0,0,1,0,차대차 - 측면직각충돌,교차로운행방법위반,건조,맑음,교차로 - 교차로안,승용,남,56세,상해없음,승용,남,28세,경상
2015052500100049,2015년 5월 25일 03시,월요일,광주광역시 북구 신안동,중상사고,0,1,2,0,차대차 - 측면직각충돌,신호위반,건조,맑음,교차로 - 교차로안,승용,남,18세,상해없음,승용,남,58세,중상
2015052500100108,2015년 5월 25일 07시,월요일,광주광역시 서구 내방동,경상사고,0,0,1,0,차대차 - 측면직각충돌,안전운전불이행,건조,맑음,교차로 - 교차로안,승용,남,29세,경상,화물,남,49세,상해없음
2015052500100109,2015년 5월 25일 07시,월요일,광주광역시 북구 운암동,경상사고,0,0,2,0,차대차 - 정면충돌,중앙선침범,건조,맑음,단일로 - 기타,승용,남,25세,상해없음,승용,남,57세,경상
2015052500100110,2015년 5월 25일 07시,월요일,광주광역시 광산구 산정동,경상사고,0,0,1,0,차대차 - 정면충돌,신호위반,건조,맑음,교차로 - 교차로안,화물,남,37세,상해없음,승용,남,27세,경상
2015052500100134,2015년 5월 25일 08시,월요일,광주광역시 북구 양산동,경상사고,0,0,2,0,차대차 - 추돌 - 주정차중,신호위반,건조,맑음,교차로 - 교차로안,승용,남,26세,상해없음,승용,남,40세,경상
2015052500100163,2015년 5월 25일 09시,월요일,광주광역시 동구 학동,경상사고,0,0,3,0,차대차 - 기타,안전거리미확보,건조,맑음,기타 - 기타,승용,남,54세,상해없음,승용,남,34세,경상
2015052500100233,2015년 5월 25일 12시,월요일,광주광역시 북구 용봉동,경상사고,0,0,5,0,차대차 - 추돌 - 진행중,안전운전불이행,건조,맑음,단일로 - 기타,승용,남,34세,상해없음,승용,남,39세,경상
2015052500100240,2015년 5월 25일 12시,월요일,광주광역시 동구 소태동,중상사고,0,1,0,0,차대차 - 기타,불법유턴,건조,맑음,단일로 - 기타,자전거,남,79세,중상,승용,남,53세,상해없음
2015052500100241,2015년 5월 25일 12시,월요일,광주광역시 서구 마륵동,경상사고,0,0,1,0,차대차 - 추돌 - 진행중,교차로운행방법위반,건조,맑음,교차로 - 교차로안,승용,남,35세,상해없음,승용,남,60세,경상
2015052500100242,2015년 5월 25일 12시,월요일,광주광역시 남구 양림동,중상사고,0,1,0,0,차대차 - 측면직각충돌,교차로운행방법위반,건조,맑음,교차로 - 교차로안,승용,여,35세,기타불명,이륜,남,33세,중상
2015052500100314,2015년 5월 25일 14시,월요일,광주광역시 북구 두암동,중상사고,0,1,0,0,차대사람 - 횡단중,안전운전불이행,건조,맑음,단일로 - 기타,승합,남,63세,상해없음,보행자,여,71세,중상
2015052500100390,2015년 5월 25일 16시,월요일,광주광역시 서구 화정동,부상신고사고,0,0,0,1,차대차 - 측면직각충돌,안전운전불이행,건조,맑음,단일로 - 기타,승용,남,52세,상해없음,승용,남,24세,부상신고
2015052500100391,2015년 5월 25일 16시,월요일,광주광역시 북구 중흥동,부상신고사고,0,0,0,1,차대차 - 측면직각충돌,안전운전불이행,건조,맑음,교차로 - 교차로안,이륜,남,22세,부상신고,승용,남,57세,상해없음
2015052500100440,2015년 5월 25일 17시,월요일,광주광역시 서구 양동,경상사고,0,0,2,0,차대차 - 추돌 - 주정차중,안전운전불이행,건조,맑음,기타 - 기타,승용,여,44세,상해없음,승용,남,35세,경상
2015052500100441,2015년 5월 25일 17시,월요일,광주광역시 북구 우산동,경상사고,0,0,1,0,차대차 - 추돌 - 주정차중,안전운전불이행,건조,맑음,단일로 - 기타,승용,남,22세,상해없음,승용,남,48세,경상
2015052500100442,2015년 5월 25일 17시,월요일,광주광역시 광산구 우산동,경상사고,0,0,1,0,차대차 - 추돌 - 진행중,안전거리미확보,건조,맑음,단일로 - 기타,승용,남,24세,상해없음,승용,남,32세,경상
2015052500100443,2015년 5월 25일 17시,월요일,광주광역시 광산구 우산동,경상사고,0,0,5,0,차대차 - 추돌 - 진행중,안전운전불이행,건조,맑음,단일로 - 기타,승용,남,45세,상해없음,승용,여,42세,경상
2015052500100493,2015년 5월 25일 19시,월요일,광주광역시 서구 광천동,경상사고,0,0,1,0,차대차 - 측면직각충돌,안전거리미확보,건조,맑음,단일로 - 기타,승용,여,62세,상해없음,승용,남,44세,경상
2015052500100494,2015년 5월 25일 19시,월요일,광주광역시 북구 우산동,경상사고,0,0,1,0,차대차 - 정면충돌,안전운전불이행,건조,맑음,교차로 - 교차로안,승용,남,24세,상해없음,원동기,남,22세,경상
2015052500100550,2015년 5월 25일 21시,월요일,광주광역시 서구 풍암동,중상사고,0,1,0,0,차대사람 - 횡단중,안전운전불이행,건조,맑음,단일로 - 기타,승용,여,47세,상해없음,보행자,남,25세,중상
2015052500100580,2015년 5월 25일 22시,월요일,광주광역시 서구 풍암동,경상사고,0,0,1,0,차대차 - 추돌 - 주정차중,안전거리미확보,건조,맑음,교차로 - 교차로부근,승용,남,47세,상해없음,승용,여,44세,경상
2015052500100581,2015년 5월 25일 22시,월요일,광주광역시 북구 용전동,경상사고,0,0,2,0,차대차 - 측면직각충돌,중앙선침범,건조,맑음,단일로 - 기타,승용,남,28세,상해없음,화물,남,33세,경상
2015052500100598,2015년 5월 25일 23시,월요일,광주광역시 광산구 월곡동,경상사고,0,0,1,0,차대차 - 측면직각충돌,신호위반,건조,맑음,교차로 - 교차로부근,자전거,남,15세,경상,승용,남,48세,상해없음
2015052600100011,2015년 5월 26일 00시,화요일,광주광역시 서구 화정동,경상사고,0,0,1,0,차대차 - 측면직각충돌,안전운전불이행,건조,흐림,단일로 - 기타,승용,남,29세,기타불명,이륜,남,20세,경상
2015052600100028,2015년 5월 26일 02시,화요일,광주광역시 서구 치평동,경상사고,0,0,1,0,차대사람 - 기타,안전운전불이행,건조,맑음,교차로 - 교차로부근,승용,남,37세,기타불명,보행자,남,28세,경상
2015052600100040,2015년 5월 26일 04시,화요일,광주광역시 광산구 쌍암동,경상사고,0,0,1,0,차대차 - 추돌 - 진행중,신호위반,건조,맑음,교차로 - 교차로안,승용,기타불명,기타불명,기타불명,화물,남,44세,경상
2015052600100141,2015년 5월 26일 08시,화요일,광주광역시 북구 문흥동,경상사고,0,0,3,0,차대차 - 측면직각충돌,안전거리미확보,건조,맑음,단일로 - 기타,승용,여,61세,상해없음,승용,여,42세,경상
2015052600100142,2015년 5월 26일 08시,화요일,광주광역시 광산구 선암동,경상사고,0,0,1,0,차대차 - 추돌 - 진행중,교차로운행방법위반,건조,맑음,교차로 - 교차로안,승용,남,59세,상해없음,승용,여,39세,경상
2015052600100179,2015년 5월 26일 09시,화요일,광주광역시 서구 서창동,경상사고,0,0,1,0,차대차 - 추돌 - 진행중,안전운전불이행,건조,맑음,단일로 - 기타,화물,남,55세,상해없음,승용,남,27세,상해없음
2015052600100180,2015년 5월 26일 09시,화요일,광주광역시 광산구 우산동,경상사고,0,0,2,1,차대차 - 추돌 - 주정차중,안전거리미확보,건조,맑음,단일로 - 기타,승용,여,46세,부상신고,승합,남,63세,경상
2015052600100217,2015년 5월 26일 10시,화요일,광주광역시 광산구 운남동,중상사고,0,1,0,0,차대차 - 정면충돌,안전운전불이행,건조,맑음,교차로 - 교차로안,화물,남,29세,상해없음,원동기,남,39세,중상
2015052600100248,2015년 5월 26일 11시,화요일,광주광역시 서구 치평동,경상사고,0,0,1,0,차대차 - 추돌 - 주정차중,안전운전불이행,건조,맑음,교차로 - 교차로부근,승용,여,58세,상해없음,승용,여,37세,경상
2015052600100324,2015년 5월 26일 13시,화요일,광주광역시 동구 동명동,경상사고,0,0,4,0,차대차 - 추돌 - 주정차중,안전거리미확보,건조,맑음,교차로 - 교차로부근,승용,남,58세,상해없음,승용,남,57세,경상
2015052600100325,2015년 5월 26일 13시,화요일,광주광역시 북구 용봉동,경상사고,0,0,2,0,차대차 - 기타,안전거리미확보,건조,맑음,단일로 - 기타,승용,여,50세,상해없음,화물,남,53세,경상
2015052600100367,2015년 5월 26일 14시,화요일,광주광역시 서구 풍암동,경상사고,0,0,1,0,차대차 - 측면직각충돌,기타,건조,맑음,교차로 - 교차로안,승용,남,40세,상해없음,승용,여,62세,경상
2015052600100400,2015년 5월 26일 15시,화요일,광주광역시 남구 봉선동,경상사고,0,0,1,0,차대사람 - 보도통행중,안전운전불이행,건조,맑음,단일로 - 기타,승용,남,40세,상해없음,보행자,남,62세,경상
2015052600100453,2015년 5월 26일 16시,화요일,광주광역시 서구 치평동,경상사고,0,0,2,0,차대차 - 측면직각충돌,교차로운행방법위반,건조,맑음,교차로 - 교차로부근,승용,남,52세,기타불명,승용,여,31세,경상
2015052600100454,2015년 5월 26일 16시,화요일,광주광역시 서구 화정동,경상사고,0,0,2,0,차대차 - 추돌 - 주정차중,안전운전불이행,건조,맑음,교차로 - 교차로부근,화물,남,68세,상해없음,승용,여,42세,경상
2015052600100455,2015년 5월 26일 16시,화요일,광주광역시 북구 각화동,경상사고,0,0,2,0,차대차 - 측면직각충돌,직진우회전진행방해,건조,맑음,교차로 - 교차로안,승용,남,33세,상해없음,승용,여,58세,경상
2015052600100456,2015년 5월 26일 16시,화요일,광주광역시 북구 동림동,중상사고,0,1,2,0,차대차 - 측면직각충돌,신호위반,건조,맑음,교차로 - 교차로안,승용,남,28세,경상,승용,여,25세,중상
2015052600100513,2015년 5월 26일 17시,화요일,광주광역시 북구 운암동,중상사고,0,1,1,0,차대차 - 측면직각충돌,안전운전불이행,건조,맑음,교차로 - 교차로안,승용,남,56세,상해없음,승용,여,50세,중상
2015052600100575,2015년 5월 26일 18시,화요일,광주광역시 광산구 신가동,경상사고,0,0,1,0,차대차 - 측면직각충돌,안전운전불이행,건조,맑음,단일로 - 기타,자전거,남,25세,경상,승용,여,37세,상해없음
2015052600100613,2015년 5월 26일 19시,화요일,광주광역시 북구 문흥동,경상사고,0,0,1,0,차대차 - 측면직각충돌,신호위반,건조,맑음,교차로 - 교차로부근,승용,남,34세,상해없음,자전거,남,8세,경상
2015052600100614,2015년 5월 26일 19시,화요일,광주광역시 북구 중흥동,경상사고,0,0,4,0,차대차 - 측면직각충돌,교차로운행방법위반,건조,맑음,교차로 - 교차로안,승용,남,27세,경상,승용,남,34세,상해없음
2015052600100615,2015년 5월 26일 19시,화요일,광주광역시 광산구 운남동,중상사고,0,1,0,0,차대차 - 측면직각충돌,안전운전불이행,건조,맑음,단일로 - 기타,승용,남,43세,상해없음,이륜,남,35세,중상
2015052600100682,2015년 5월 26일 21시,화요일,광주광역시 광산구 도산동,경상사고,0,0,1,1,차대차 - 추돌 - 진행중,안전운전불이행,건조,맑음,단일로 - 기타,승용,남,57세,부상신고,화물,남,57세,경상
2015052600100705,2015년 5월 26일 22시,화요일,광주광역시 북구 문흥동,경상사고,0,0,5,0,차대차 - 측면직각충돌,차로위반,건조,맑음,단일로 - 기타,승합,남,50세,상해없음,승용,여,35세,경상
2015052700100022,2015년 5월 27일 00시,수요일,광주광역시 광산구 신창동,경상사고,0,0,2,0,차대차 - 추돌 - 진행중,안전운전불이행,건조,맑음,교차로 - 교차로부근,승용,남,32세,상해없음,승용,남,64세,경상
2015052700100039,2015년 5월 27일 02시,수요일,광주광역시 광산구 월계동,경상사고,0,0,1,0,차대차 - 추돌 - 주정차중,안전운전불이행,건조,맑음,단일로 - 기타,승용,남,51세,상해없음,승용,남,47세,경상
2015052700100072,2015년 5월 27일 05시,수요일,광주광역시 광산구 도천동,경상사고,0,0,1,0,차대차 - 추돌 - 주정차중,안전운전불이행,건조,맑음,교차로 - 교차로부근,승용,남,64세,상해없음,승용,남,32세,경상
2015052700100105,2015년 5월 27일 07시,수요일,광주광역시 서구 금호동,경상사고,0,0,1,0,차대사람 - 횡단중,안전운전불이행,건조,맑음,단일로 - 기타,승용,여,37세,상해없음,보행자,남,22세,경상
2015052700100150,2015년 5월 27일 08시,수요일,광주광역시 동구 학동,경상사고,0,0,2,0,차대차 - 기타,차로위반,건조,맑음,단일로 - 기타,화물,여,65세,상해없음,승합,남,32세,상해없음
2015052700100151,2015년 5월 27일 08시,수요일,광주광역시 서구 화정동,경상사고,0,0,1,0,차대사람 - 횡단중,안전운전불이행,건조,맑음,단일로 - 기타,승합,남,55세,상해없음,보행자,여,21세,경상
2015052700100152,2015년 5월 27일 08시,수요일,광주광역시 북구 용두동,경상사고,0,0,1,0,차대차 - 기타,불법유턴,건조,맑음,교차로 - 교차로부근,이륜,남,67세,경상,승용,여,27세,상해없음
2015052700100211,2015년 5월 27일 10시,수요일,광주광역시 서구 광천동,경상사고,0,0,1,0,차대차 - 기타,안전운전불이행,건조,맑음,단일로 - 기타,승용,남,71세,상해없음,승용,남,34세,기타불명
2015052700100268,2015년 5월 27일 12시,수요일,광주광역시 광산구 장덕동,경상사고,0,0,1,0,차대차 - 추돌 - 진행중,안전운전불이행,건조,맑음,교차로 - 교차로부근,승용,남,62세,상해없음,승용,남,35세,경상
2015052700100488,2015년 5월 27일 17시,수요일,광주광역시 광산구 본덕동,경상사고,0,0,1,0,차대차 - 측면직각충돌,안전운전불이행,건조,맑음,단일로 - 기타,승합,남,56세,경상,화물,남,63세,상해없음
2015052700100570,2015년 5월 27일 19시,수요일,광주광역시 서구 광천동,경상사고,0,0,1,0,차대사람 - 보도통행중,신호위반,건조,맑음,교차로 - 교차로부근,승용,남,69세,상해없음,보행자,여,36세,경상
2015052700100571,2015년 5월 27일 19시,수요일,광주광역시 남구 주월동,경상사고,0,0,1,0,차대사람 - 횡단중,안전운전불이행,건조,맑음,단일로 - 횡단보도부근,승용,여,34세,상해없음,보행자,여,62세,경상
2015052700100572,2015년 5월 27일 19시,수요일,광주광역시 북구 풍향동,경상사고,0,0,1,0,차대사람 - 차도통행중,안전운전불이행,건조,맑음,단일로 - 기타,승용,여,35세,상해없음,보행자,남,79세,경상
2015052700100605,2015년 5월 27일 20시,수요일,광주광역시 서구 치평동,경상사고,0,0,1,0,차대사람 - 보도통행중,안전운전불이행,건조,흐림,단일로 - 기타,이륜,남,25세,기타불명,보행자,여,67세,경상
2015052700100606,2015년 5월 27일 20시,수요일,광주광역시 북구 각화동,경상사고,0,0,1,0,차대차 - 기타,안전운전불이행,건조,맑음,기타 - 기타,승용,남,35세,상해없음,승용,남,48세,경상
2015052700100607,2015년 5월 27일 20시,수요일,광주광역시 광산구 쌍암동,경상사고,0,0,1,0,차대차 - 정면충돌,중앙선침범,건조,맑음,교차로 - 교차로부근,승용,남,52세,상해없음,승용,여,51세,경상
2015052700100638,2015년 5월 27일 21시,수요일,광주광역시 광산구 소촌동,경상사고,0,0,1,0,차대차 - 기타,안전운전불이행,건조,맑음,단일로 - 기타,자전거,여,45세,경상,승용,남,42세,상해없음
2015052700100664,2015년 5월 27일 22시,수요일,광주광역시 서구 풍암동,경상사고,0,0,3,0,차대차 - 측면직각충돌,교차로운행방법위반,건조,맑음,교차로 - 교차로안,이륜,남,35세,경상,승용,남,38세,경상
2015052800100141,2015년 5월 28일 08시,목요일,광주광역시 동구 학동,중상사고,0,1,0,0,차대사람 - 기타,안전운전불이행,건조,맑음,단일로 - 기타,승합,남,49세,상해없음,보행자,여,35세,중상
2015052800100142,2015년 5월 28일 08시,목요일,광주광역시 북구 두암동,중상사고,0,1,0,0,차대차 - 측면직각충돌,직진우회전진행방해,건조,맑음,교차로 - 교차로안,자전거,남,15세,중상,승용,남,60세,상해없음
2015052800100143,2015년 5월 28일 08시,목요일,광주광역시 광산구 신창동,부상신고사고,0,0,0,1,차대차 - 정면충돌,중앙선침범,건조,맑음,단일로 - 기타,자전거,남,17세,부상신고,승용,남,46세,상해없음
2015052800100182,2015년 5월 28일 09시,목요일,광주광역시 북구 오치동,경상사고,0,0,1,0,차대차 - 측면직각충돌,안전운전불이행,건조,맑음,단일로 - 기타,승용,남,52세,상해없음,화물,남,53세,경상
2015052800100279,2015년 5월 28일 12시,목요일,광주광역시 서구 풍암동,중상사고,0,1,0,0,차대차 - 추돌 - 주정차중,안전거리미확보,건조,맑음,단일로 - 횡단보도부근,승용,여,65세,상해없음,원동기,남,43세,중상
2015052800100280,2015년 5월 28일 12시,목요일,광주광역시 광산구 송정동,경상사고,0,0,1,1,차대차 - 추돌 - 진행중,안전거리미확보,건조,맑음,단일로 - 기타,승용,기타불명,기타불명,기타불명,승합,남,72세,경상
2015052800100301,2015년 5월 28일 13시,목요일,광주광역시 서구 매월동,경상사고,0,0,1,0,차대차 - 추돌 - 주정차중,안전운전불이행,건조,맑음,단일로 - 기타,화물,남,51세,상해없음,화물,남,49세,경상
2015052800100340,2015년 5월 28일 14시,목요일,광주광역시 서구 양동,경상사고,0,0,1,0,차대차 - 추돌 - 주정차중,안전운전불이행,건조,맑음,교차로 - 교차로부근,승용,남,30세,상해없음,승용,남,79세,경상
2015052800100412,2015년 5월 28일 16시,목요일,광주광역시 서구 화정동,중상사고,0,1,0,0,차대차 - 측면직각충돌,안전운전불이행,건조,맑음,단일로 - 횡단보도상,승용,여,56세,상해없음,자전거,남,72세,중상
2015052800100413,2015년 5월 28일 16시,목요일,광주광역시 북구 연제동,경상사고,0,0,3,0,차대차 - 추돌 - 진행중,안전운전불이행,건조,맑음,단일로 - 기타,승용,남,26세,경상,승용,여,29세,경상
2015052800100457,2015년 5월 28일 17시,목요일,광주광역시 광산구 우산동,경상사고,0,0,1,0,차대차 - 측면직각충돌,교차로운행방법위반,건조,맑음,교차로 - 교차로안,화물,남,57세,상해없음,원동기,남,35세,경상
2015052800100500,2015년 5월 28일 18시,목요일,광주광역시 동구 학동,경상사고,0,0,1,0,차대차 - 측면직각충돌,교차로운행방법위반,건조,맑음,교차로 - 교차로안,이륜,남,62세,경상,승용,남,33세,상해없음
2015052800100501,2015년 5월 28일 18시,목요일,광주광역시 광산구 송정동,경상사고,0,0,2,0,차대차 - 측면직각충돌,안전거리미확보,건조,맑음,단일로 - 기타,승용,남,30세,경상,승용,남,26세,경상
2015052800100536,2015년 5월 28일 19시,목요일,광주광역시 남구 진월동,경상사고,0,0,1,0,차대사람 - 차도통행중,안전운전불이행,건조,맑음,단일로 - 기타,승용,남,52세,상해없음,보행자,여,55세,경상
2015052800100572,2015년 5월 28일 20시,목요일,광주광역시 남구 월산동,경상사고,0,0,2,0,차대차 - 측면직각충돌,안전운전불이행,건조,맑음,단일로 - 기타,승용,남,34세,경상,승용,남,60세,경상
2015052800100623,2015년 5월 28일 22시,목요일,광주광역시 서구 금호동,경상사고,0,0,1,0,차대차 - 기타,안전운전불이행,건조,맑음,교차로 - 교차로안,승용,남,35세,기타불명,승용,남,50세,경상
2015052800100624,2015년 5월 28일 22시,목요일,광주광역시 서구 쌍촌동,경상사고,0,0,2,0,차대차 - 추돌 - 주정차중,안전거리미확보,건조,흐림,단일로 - 기타,승용,남,37세,상해없음,승용,남,23세,경상
2015052800100625,2015년 5월 28일 22시,목요일,광주광역시 북구 운암동,경상사고,0,0,3,0,차대차 - 측면직각충돌,안전운전불이행,건조,맑음,단일로 - 기타,승용,여,55세,경상,승용,남,56세,경상
2015052900100028,2015년 5월 29일 00시,금요일,광주광역시 북구 용두동,경상사고,0,0,1,0,차대차 - 추돌 - 주정차중,안전운전불이행,건조,맑음,단일로 - 기타,승용,여,55세,상해없음,승용,여,53세,경상
2015052900100054,2015년 5월 29일 02시,금요일,광주광역시 서구 세하동,중상사고,0,1,0,0,차대차 - 정면충돌,중앙선침범,건조,맑음,단일로 - 기타,승용,남,28세,상해없음,승용,남,37세,중상
2015052900100118,2015년 5월 29일 07시,금요일,광주광역시 북구 문흥동,경상사고,0,0,1,0,차대차 - 측면직각충돌,신호위반,건조,맑음,교차로 - 교차로부근,승용,남,49세,기타불명,승용,남,47세,경상
2015052900100212,2015년 5월 29일 09시,금요일,광주광역시 동구 서석동,경상사고,0,0,1,0,차대사람 - 길가장자리구역통행중,안전운전불이행,건조,맑음,단일로 - 기타,승용,여,56세,상해없음,보행자,남,24세,경상
2015052900100239,2015년 5월 29일 10시,금요일,광주광역시 광산구 우산동,경상사고,0,0,1,0,차대차 - 추돌 - 진행중,안전거리미확보,건조,맑음,단일로 - 기타,화물,남,35세,상해없음,승용,남,39세,경상
2015052900100305,2015년 5월 29일 12시,금요일,광주광역시 광산구 송정동,경상사고,0,0,2,1,차대차 - 추돌 - 진행중,안전거리미확보,건조,맑음,단일로 - 기타,화물,남,44세,상해없음,승용,남,59세,경상
2015052900100404,2015년 5월 29일 15시,금요일,광주광역시 광산구 우산동,경상사고,0,0,1,0,차대차 - 추돌 - 진행중,안전운전불이행,건조,맑음,단일로 - 기타,승용,여,40세,상해없음,승용,여,53세,경상
2015052900100405,2015년 5월 29일 15시,금요일,광주광역시 광산구 신창동,경상사고,0,0,2,0,차대차 - 추돌 - 진행중,안전거리미확보,건조,맑음,교차로 - 교차로부근,승용,남,50세,상해없음,승용,남,44세,경상
2015052900100469,2015년 5월 29일 17시,금요일,광주광역시 남구 방림동,경상사고,0,0,1,0,차대사람 - 횡단중,안전운전불이행,건조,맑음,단일로 - 기타,승용,남,58세,상해없음,보행자,여,75세,경상
2015052900100470,2015년 5월 29일 17시,금요일,광주광역시 북구 두암동,경상사고,0,0,1,0,차대차 - 측면직각충돌,안전운전불이행,건조,맑음,단일로 - 기타,승용,기타불명,50세,기타불명,자전거,남,15세,경상
2015052900100471,2015년 5월 29일 17시,금요일,광주광역시 북구 유동,경상사고,0,0,1,0,차대차 - 측면직각충돌,안전거리미확보,건조,맑음,단일로 - 기타,승용,남,52세,기타불명,승합,남,35세,상해없음
2015052900100472,2015년 5월 29일 17시,금요일,광주광역시 광산구 신가동,경상사고,0,0,1,0,차대사람 - 횡단중,보행자보호의무위반,건조,맑음,단일로 - 기타,승용,여,49세,상해없음,보행자,남,6세,경상
2015052900100549,2015년 5월 29일 19시,금요일,광주광역시 서구 화정동,경상사고,0,0,1,0,차대차 - 측면직각충돌,안전거리미확보,건조,맑음,단일로 - 기타,승용,남,66세,상해없음,승용,여,49세,경상
2015052900100550,2015년 5월 29일 19시,금요일,광주광역시 남구 월산동,경상사고,0,0,1,0,차대사람 - 보도통행중,안전운전불이행,건조,맑음,교차로 - 교차로부근,승용,여,49세,상해없음,보행자,여,61세,경상
2015052900100592,2015년 5월 29일 20시,금요일,광주광역시 광산구 월곡동,경상사고,0,0,1,0,차대차 - 측면직각충돌,교차로운행방법위반,건조,맑음,교차로 - 교차로안,화물,남,40세,상해없음,이륜,남,36세,경상
2015052900100630,2015년 5월 29일 21시,금요일,광주광역시 서구 쌍촌동,경상사고,0,0,1,0,차대사람 - 횡단중,안전운전불이행,건조,맑음,단일로 - 기타,승용,남,59세,상해없음,보행자,남,46세,경상
2015052900100631,2015년 5월 29일 21시,금요일,광주광역시 광산구 월계동,경상사고,0,0,1,0,차대차 - 측면직각충돌,중앙선침범,건조,맑음,단일로 - 기타,승용,남,44세,상해없음,자전거,남,13세,경상
2015052900100632,2015년 5월 29일 21시,금요일,광주광역시 광산구 송정동,경상사고,0,0,1,0,차대사람 - 차도통행중,안전운전불이행,습기,흐림,단일로 - 기타,승용,여,41세,상해없음,보행자,여,55세,경상
2015052900100660,2015년 5월 29일 22시,금요일,광주광역시 서구 치평동,중상사고,0,1,0,0,차대사람 - 횡단중,안전운전불이행,건조,맑음,단일로 - 기타,승용,남,32세,상해없음,보행자,남,61세,중상
2015052900100661,2015년 5월 29일 22시,금요일,광주광역시 북구 오치동,경상사고,0,0,1,0,차대차 - 측면직각충돌,안전거리미확보,건조,맑음,단일로 - 기타,승용,남,66세,상해없음,승용,남,63세,상해없음
2015052900100662,2015년 5월 29일 22시,금요일,광주광역시 북구 연제동,경상사고,0,0,1,0,차대차 - 측면직각충돌,안전운전불이행,건조,맑음,단일로 - 기타,화물,남,46세,상해없음,승용,여,40세,경상
2015052900100663,2015년 5월 29일 22시,금요일,광주광역시 광산구 송정동,경상사고,0,0,1,0,차대차 - 측면직각충돌,교차로운행방법위반,건조,맑음,교차로 - 교차로안,승용,여,48세,상해없음,이륜,남,38세,경상
2015053000100055,2015년 5월 30일 01시,토요일,광주광역시 서구 광천동,경상사고,0,0,5,0,차대차 - 추돌 - 주정차중,안전거리미확보,건조,맑음,교차로 - 교차로부근,승용,남,32세,상해없음,승용,남,57세,경상
2015053000100086,2015년 5월 30일 03시,토요일,광주광역시 북구 풍향동,경상사고,0,0,1,0,차대차 - 추돌 - 주정차중,안전거리미확보,습기,비,교차로 - 교차로부근,승용,남,28세,상해없음,승용,남,54세,경상
2015053000100109,2015년 5월 30일 04시,토요일,광주광역시 동구 산수동,중상사고,0,1,0,0,차대사람 - 횡단중,보행자보호의무위반,습기,비,단일로 - 기타,승용,남,34세,상해없음,보행자,남,37세,중상
2015053000100125,2015년 5월 30일 05시,토요일,광주광역시 북구 문흥동,경상사고,0,0,1,0,차대차 - 추돌 - 주정차중,안전거리미확보,습기,비,단일로 - 기타,승용,남,34세,상해없음,승용,남,51세,경상
2015053000100126,2015년 5월 30일 05시,토요일,광주광역시 광산구 수완동,경상사고,0,0,3,0,차대차 - 측면직각충돌,안전운전불이행,습기,비,단일로 - 기타,승용,남,26세,상해없음,승용,여,26세,기타불명
2015053000100138,2015년 5월 30일 06시,토요일,광주광역시 남구 양림동,중상사고,0,1,0,0,차대차 - 기타,신호위반,건조,맑음,교차로 - 교차로안,승용,남,37세,상해없음,승용,여,56세,중상
2015053000100139,2015년 5월 30일 06시,토요일,광주광역시 북구 용봉동,경상사고,0,0,1,0,차대차 - 추돌 - 주정차중,안전운전불이행,습기,비,단일로 - 기타,승용,남,52세,상해없음,승용,여,47세,경상