사고번호,사고일시,요일,시군구,사고내용,사망자수,중상자수,경상자수,부상신고자수,사고유형,법규위반,노면상태,기상상태,도로형태,가해운전자 차종,가해운전자 성별,가해운전자 연령,가해운전자 상해정도,피해운전자 차종,피해운전자 성별,피해운전자 연령,피해운전자 상해정도
2015061200100457,2015년 6월 12일 18시,금요일,광주광역시 동구 동명동,부상신고사고,0,0,0,1,차대사람 - 기타,안전운전불이행,건조,맑음,단일로 - 기타,자전거,남,72세,부상신고,보행자,남,9세,상해없음
2015061200100458,2015년 6월 12일 18시,금요일,광주광역시 서구 치평동,경상사고,0,0,1,0,차대차 - 추돌 - 진행중,안전운전불이행,건조,맑음,교차로 - 교차로부근,승용,여,57세,상해없음,승용,여,46세,경상
2015061200100459,2015년 6월 12일 18시,금요일,광주광역시 서구 풍암동,경상사고,0,0,1,0,차대차 - 추돌 - 진행중,안전거리미확보,건조,맑음,교차로 - 교차로안,승용,남,40세,상해없음,승용,남,30세,경상
2015061200100488,2015년 6월 12일 19시,금요일,광주광역시 서구 치평동,경상사고,0,0,1,0,차대차 - 추돌 - 주정차중,안전운전불이행,건조,맑음,단일로 - 기타,승용,남,54세,기타불명,승용,여,46세,경상
2015061200100534,2015년 6월 12일 20시,금요일,광주광역시 북구 신용동,경상사고,0,0,2,0,차대차 - 추돌 - 주정차중,안전운전불이행,건조,맑음,교차로 - 교차로부근,승용,남,44세,상해없음,승용,남,33세,경상
2015061200100594,2015년 6월 12일 22시,금요일,광주광역시 동구 지산동,경상사고,0,0,1,0,차대사람 - 기타,안전운전불이행,건조,맑음,단일로 - 기타,승용,기타불명,기타불명,기타불명,보행자,여,22세,경상
2015061200100595,2015년 6월 12일 22시,금요일,광주광역시 광산구 신가동,경상사고,0,0,1,0,차대차 - 측면직각충돌,안전운전불이행,건조,맑음,교차로 - 교차로부근,승용,남,50세,상해없음,원동기,남,19세,경상
2015061200100636,2015년 6월 12일 23시,금요일,광주광역시 북구 양산동,경상사고,0,0,2,0,차대차 - 추돌 - 주정차중,안전운전불이행,건조,맑음,단일로 - 기타,승용,남,25세,상해없음,승용,남,47세,경상
2015061300100026,2015년 6월 13일 00시,토요일,광주광역시 서구 치평동,중상사고,0,1,0,0,차대차 - 측면직각충돌,신호위반,건조,맑음,교차로 - 교차로안,승용,남,34세,상해없음,승용,남,30세,상해없음
2015061300100058,2015년 6월 13일 01시,토요일,광주광역시 서구 금호동,경상사고,0,0,1,0,차대사람 - 기타,안전운전불이행,건조,맑음,단일로 - 기타,승용,남,31세,상해없음,보행자,남,17세,경상
2015061300100081,2015년 6월 13일 02시,토요일,광주광역시 서구 쌍촌동,중상사고,0,1,0,0,차량단독 - 공작물충돌,안전운전불이행,건조,맑음,단일로 - 기타,승용,남,25세,중상,,,,
2015061300100082,2015년 6월 13일 02시,토요일,광주광역시 광산구 우산동,경상사고,0,0,3,0,차대차 - 측면직각충돌,안전운전불이행,건조,맑음,단일로 - 기타,승용,남,19세,상해없음,승용,여,55세,경상
2015061300100165,2015년 6월 13일 08시,토요일,광주광역시 서구 화정동,경상사고,0,0,1,0,차대차 - 기타,기타,건조,맑음,단일로 - 기타,승용,남,37세,상해없음,승합,남,51세,경상
2015061300100196,2015년 6월 13일 09시,토요일,광주광역시 서구 광천동,경상사고,0,0,1,0,차대차 - 추돌 - 진행중,교차로운행방법위반,건조,맑음,교차로 - 교차로안,승용,여,41세,상해없음,승용,남,36세,기타불명
2015061300100197,2015년 6월 13일 09시,토요일,광주광역시 북구 각화동,경상사고,0,0,1,0,차대차 - 측면직각충돌,안전운전불이행,건조,맑음,교차로 - 교차로부근,승용,남,32세,상해없음,승용,남,39세,경상
2015061300100308,2015년 6월 13일 13시,토요일,광주광역시 북구 두암동,경상사고,0,0,1,0,차대사람 - 보도통행중,보행자보호의무위반,건조,맑음,교차로 - 교차로안,승합,남,69세,상해없음,보행자,여,28세,경상
2015061300100309,2015년 6월 13일 13시,토요일,광주광역시 북구 운암동,경상사고,0,0,1,0,차대사람 - 횡단중,신호위반,건조,맑음,교차로 - 교차로부근,승용,여,42세,상해없음,보행자,여,67세,경상
2015061300100413,2015년 6월 13일 16시,토요일,광주광역시 서구 치평동,경상사고,0,0,1,0,차대사람 - 차도통행중,안전운전불이행,건조,맑음,단일로 - 기타,승용,남,23세,상해없음,보행자,남,1세,경상
2015061300100508,2015년 6월 13일 18시,토요일,광주광역시 서구 금호동,경상사고,0,0,2,0,차대차 - 측면직각충돌,안전거리미확보,건조,맑음,단일로 - 기타,승용,여,32세,상해없음,승용,남,55세,경상
2015061300100531,2015년 6월 13일 19시,토요일,광주광역시 남구 진월동,경상사고,0,0,2,0,차대차 - 추돌 - 진행중,안전거리미확보,건조,맑음,단일로 - 기타,승용,남,40세,기타불명,승용,남,64세,경상
2015061300100532,2015년 6월 13일 19시,토요일,광주광역시 광산구 장덕동,경상사고,0,0,1,0,차대차 - 추돌 - 진행중,안전운전불이행,건조,맑음,교차로 - 교차로부근,승용,남,51세,상해없음,화물,남,38세,경상
2015061300100630,2015년 6월 13일 22시,토요일,광주광역시 서구 금호동,경상사고,0,0,1,0,차대사람 - 차도통행중,안전운전불이행,건조,맑음,교차로 - 교차로안,승용,남,35세,상해없음,보행자,남,33세,경상
2015061400100021,2015년 6월 14일 00시,일요일,광주광역시 북구 동림동,경상사고,0,0,3,0,차대사람 - 길가장자리구역통행중,안전운전불이행,건조,맑음,단일로 - 기타,승합,기타불명,43세,기타불명,보행자,남,17세,경상
2015061400100022,2015년 6월 14일 00시,일요일,광주광역시 북구 청풍동,경상사고,0,0,1,0,차대차 - 측면직각충돌,중앙선침범,건조,맑음,단일로 - 기타,승용,남,21세,상해없음,승용,남,42세,경상
2015061400100077,2015년 6월 14일 03시,일요일,광주광역시 서구 마륵동,중상사고,0,2,2,0,차대차 - 측면직각충돌,신호위반,건조,맑음,교차로 - 교차로안,승용,남,28세,상해없음,승용,남,55세,중상
2015061400100098,2015년 6월 14일 04시,일요일,광주광역시 북구 신안동,경상사고,0,0,2,0,차대차 - 추돌 - 진행중,안전운전불이행,건조,맑음,교차로 - 교차로부근,승용,남,42세,상해없음,승용,남,44세,경상
2015061400100156,2015년 6월 14일 08시,일요일,광주광역시 북구 용봉동,경상사고,0,0,1,0,차대사람 - 횡단중,안전운전불이행,건조,흐림,단일로 - 기타,승합,남,53세,상해없음,보행자,여,21세,경상
2015061400100228,2015년 6월 14일 12시,일요일,광주광역시 북구 용봉동,경상사고,0,0,3,0,차대차 - 측면직각충돌,안전거리미확보,습기,비,단일로 - 기타,승용,남,51세,상해없음,승용,남,31세,경상
2015061400100237,2015년 6월 14일 12시,일요일,광주광역시 광산구 복룡동,경상사고,0,0,1,0,차대차 - 측면직각충돌,신호위반,건조,맑음,교차로 - 교차로안,승용,남,49세,상해없음,승용,남,55세,경상
2015061400100285,2015년 6월 14일 14시,일요일,광주광역시 남구 백운동,경상사고,0,0,3,0,차대차 - 측면직각충돌,안전운전불이행,건조,맑음,교차로 - 교차로부근,승용,남,56세,상해없음,승용,남,43세,경상
2015061400100301,2015년 6월 14일 15시,일요일,광주광역시 북구 문흥동,경상사고,0,0,3,0,차대차 - 측면직각충돌,안전운전불이행,습기,비,단일로 - 기타,승용,남,51세,경상,승용,남,52세,경상
2015061400100312,2015년 6월 14일 15시,일요일,광주광역시 광산구 운남동,경상사고,0,0,2,0,차대차 - 정면충돌,안전운전불이행,건조,흐림,교차로 - 교차로안,승용,남,55세,상해없음,승용,여,42세,경상
2015061400100341,2015년 6월 14일 16시,일요일,광주광역시 남구 월산동,중상사고,0,1,0,0,차대차 - 측면직각충돌,안전운전불이행,건조,맑음,교차로 - 교차로부근,승용,여,35세,상해없음,자전거,남,13세,중상
2015061400100374,2015년 6월 14일 17시,일요일,광주광역시 서구 화정동,경상사고,0,0,7,0,차대차 - 추돌 - 진행중,안전거리미확보,건조,흐림,단일로 - 기타,화물,남,60세,상해없음,승용,남,43세,경상
2015061400100375,2015년 6월 14일 17시,일요일,광주광역시 남구 백운동,경상사고,0,0,3,1,차대차 - 측면직각충돌,중앙선침범,습기,흐림,교차로 - 교차로부근,화물,남,35세,상해없음,승용,남,47세,경상
2015061400100376,2015년 6월 14일 17시,일요일,광주광역시 북구 동림동,경상사고,0,0,2,0,차대차 - 측면직각충돌,신호위반,습기,흐림,교차로 - 교차로안,승용,여,41세,경상,승용,남,26세,경상
2015061400100439,2015년 6월 14일 19시,일요일,광주광역시 광산구 수완동,부상신고사고,0,0,0,1,차량단독 - 전도전복,안전운전불이행,습기,비,단일로 - 기타,이륜,남,25세,부상신고,,,,
2015061400100468,2015년 6월 14일 20시,일요일,광주광역시 광산구 신가동,경상사고,0,0,4,0,차대차 - 추돌 - 진행중,안전운전불이행,습기,흐림,단일로 - 기타,승용,남,58세,경상,승용,여,48세,경상
2015061400100499,2015년 6월 14일 21시,일요일,광주광역시 남구 월산동,경상사고,0,0,1,0,차대차 - 기타,안전거리미확보,건조,맑음,단일로 - 기타,승용,남,58세,상해없음,승용,여,34세,경상
2015061500100031,2015년 6월 15일 03시,월요일,광주광역시 서구 치평동,경상사고,0,0,4,0,차대차 - 기타,안전운전불이행,건조,맑음,교차로 - 교차로부근,승용,남,24세,기타불명,승용,남,21세,경상
2015061500100079,2015년 6월 15일 07시,월요일,광주광역시 북구 운암동,경상사고,0,0,1,0,차대사람 - 길가장자리구역통행중,안전운전불이행,건조,맑음,단일로 - 기타,승용,남,74세,상해없음,보행자,남,28세,경상
2015061500100080,2015년 6월 15일 07시,월요일,광주광역시 광산구 장덕동,경상사고,0,0,1,0,차대차 - 추돌 - 주정차중,안전거리미확보,건조,맑음,단일로 - 기타,승용,남,31세,상해없음,승용,여,39세,경상
2015061500100140,2015년 6월 15일 08시,월요일,광주광역시 서구 치평동,중상사고,0,1,1,0,차대차 - 기타,중앙선침범,건조,맑음,단일로 - 기타,승용,남,32세,상해없음,승용,여,31세,중상
2015061500100141,2015년 6월 15일 08시,월요일,광주광역시 서구 광천동,경상사고,0,0,1,0,차대사람 - 횡단중,보행자보호의무위반,건조,맑음,교차로 - 교차로부근,화물,남,33세,상해없음,보행자,여,22세,경상
2015061500100219,2015년 6월 15일 11시,월요일,광주광역시 남구 주월동,경상사고,0,0,1,0,차량단독 - 기타,기타,건조,맑음,단일로 - 기타,승합,남,53세,상해없음,,,,
2015061500100220,2015년 6월 15일 11시,월요일,광주광역시 북구 용전동,경상사고,0,0,1,0,차대차 - 측면직각충돌,교차로운행방법위반,건조,맑음,교차로 - 교차로안,승용,남,73세,경상,승합,남,38세,상해없음
2015061500100245,2015년 6월 15일 12시,월요일,광주광역시 북구 신안동,경상사고,0,0,1,0,차대차 - 측면직각충돌,중앙선침범,건조,맑음,단일로 - 기타,승용,남,48세,상해없음,자전거,남,49세,경상
2015061500100335,2015년 6월 15일 15시,월요일,광주광역시 서구 광천동,경상사고,0,0,2,0,차대차 - 기타,차로위반,건조,맑음,단일로 - 기타,승용,여,26세,경상,건설기계,남,64세,경상
2015061500100399,2015년 6월 15일 17시,월요일,광주광역시 북구 신용동,부상신고사고,0,0,0,1,차대차 - 측면직각충돌,안전운전불이행,건조,맑음,교차로 - 교차로부근,자전거,남,8세,부상신고,승용,남,49세,상해없음
2015061500100430,2015년 6월 15일 18시,월요일,광주광역시 남구 방림동,경상사고,0,0,1,0,차대사람 - 횡단중,안전운전불이행,건조,맑음,단일로 - 기타,승용,남,40세,상해없음,보행자,여,9세,경상
2015061500100431,2015년 6월 15일 18시,월요일,광주광역시 광산구 송촌동,중상사고,0,2,0,0,차대차 - 추돌 - 주정차중,안전운전불이행,건조,맑음,단일로 - 기타,화물,남,34세,상해없음,승용,남,29세,중상
2015061500100494,2015년 6월 15일 20시,월요일,광주광역시 북구 용두동,경상사고,0,0,2,0,차대사람 - 길가장자리구역통행중,안전운전불이행,건조,맑음,교차로 - 교차로부근,승용,남,56세,기타불명,보행자,남,42세,경상
2015061500100532,2015년 6월 15일 21시,월요일,광주광역시 서구 동천동,경상사고,0,0,1,0,차대사람 - 횡단중,안전운전불이행,건조,맑음,기타 - 기타,승용,남,37세,상해없음,보행자,남,30세,경상
2015061500100533,2015년 6월 15일 21시,월요일,광주광역시 북구 매곡동,경상사고,0,0,2,0,차대차 - 측면직각충돌,불법유턴,건조,맑음,단일로 - 기타,승합,남,46세,상해없음,승용,남,57세,경상
2015061500100534,2015년 6월 15일 21시,월요일,광주광역시 북구 우산동,경상사고,0,0,1,0,차대차 - 측면직각충돌,교차로운행방법위반,건조,맑음,교차로 - 교차로안,자전거,여,52세,경상,승용,남,61세,상해없음
2015061500100535,2015년 6월 15일 21시,월요일,광주광역시 광산구 도산동,중상사고,0,1,0,0,차대사람 - 길가장자리구역통행중,안전운전불이행,건조,맑음,단일로 - 기타,화물,남,60세,기타불명,보행자,남,63세,중상
2015061500100536,2015년 6월 15일 21시,월요일,광주광역시 광산구 우산동,경상사고,0,0,1,0,차대차 - 측면직각충돌,안전운전불이행,건조,맑음,교차로 - 교차로부근,승용,남,55세,상해없음,승용,여,41세,경상
2015061500100562,2015년 6월 15일 22시,월요일,광주광역시 북구 운암동,경상사고,0,0,1,0,차대차 - 측면직각충돌,안전운전불이행,건조,맑음,단일로 - 기타,승용,여,56세,상해없음,이륜,남,38세,경상
2015061600100018,2015년 6월 16일 00시,화요일,광주광역시 서구 치평동,경상사고,0,0,2,0,차대차 - 기타,중앙선침범,건조,맑음,단일로 - 기타,승용,남,37세,상해없음,승용,남,57세,경상
2015061600100019,2015년 6월 16일 00시,화요일,광주광역시 광산구 쌍암동,중상사고,0,1,2,0,차대차 - 측면직각충돌,신호위반,건조,맑음,교차로 - 교차로안,승합,남,37세,경상,승용,남,30세,중상
2015061600100031,2015년 6월 16일 01시,화요일,광주광역시 광산구 소촌동,경상사고,0,0,1,0,차대차 - 측면직각충돌,안전운전불이행,건조,맑음,단일로 - 기타,승용,남,44세,경상,특수,남,49세,기타불명
2015061600100055,2015년 6월 16일 05시,화요일,광주광역시 광산구 신창동,경상사고,0,0,2,0,차대차 - 측면직각충돌,신호위반,건조,맑음,교차로 - 교차로안,승용,남,56세,상해없음,승용,남,57세,경상
2015061600100257,2015년 6월 16일 13시,화요일,광주광역시 서구 광천동,경상사고,0,0,1,0,차대차 - 측면직각충돌,안전운전불이행,건조,맑음,단일로 - 기타,승용,남,73세,상해없음,이륜,남,65세,경상
2015061600100325,2015년 6월 16일 15시,화요일,광주광역시 서구 화정동,경상사고,0,0,1,0,차대차 - 측면직각충돌,안전거리미확보,건조,맑음,교차로 - 교차로부근,이륜,남,55세,상해없음,승용,여,32세,경상
2015061600100326,2015년 6월 16일 15시,화요일,광주광역시 남구 봉선동,중상사고,0,1,0,0,차대사람 - 횡단중,안전운전불이행,건조,맑음,단일로 - 기타,승용,남,25세,상해없음,보행자,남,14세,중상
2015061600100327,2015년 6월 16일 15시,화요일,광주광역시 남구 송하동,경상사고,0,0,1,0,차대사람 - 기타,안전운전불이행,건조,맑음,단일로 - 기타,승용,남,40세,상해없음,보행자,남,35세,경상
2015061600100380,2015년 6월 16일 16시,화요일,광주광역시 서구 농성동,경상사고,0,0,2,0,차대차 - 측면직각충돌,안전거리미확보,건조,맑음,단일로 - 기타,승용,여,56세,상해없음,승용,남,33세,경상
2015061600100455,2015년 6월 16일 18시,화요일,광주광역시 북구 중흥동,경상사고,0,0,1,0,차대차 - 추돌 - 주정차중,안전거리미확보,건조,맑음,교차로 - 교차로부근,승용,남,56세,상해없음,승용,여,53세,경상
2015061600100456,2015년 6월 16일 18시,화요일,광주광역시 북구 양산동,경상사고,0,0,1,0,차대차 - 측면직각충돌,중앙선침범,건조,맑음,교차로 - 교차로부근,승용,여,46세,기타불명,승용,남,32세,경상
2015061600100457,2015년 6월 16일 18시,화요일,광주광역시 북구 두암동,경상사고,0,0,1,0,차대차 - 측면직각충돌,중앙선침범,건조,맑음,단일로 - 기타,승용,여,44세,상해없음,승용,여,31세,경상
2015061600100458,2015년 6월 16일 18시,화요일,광주광역시 광산구 산월동,경상사고,0,0,1,0,차대차 - 측면직각충돌,신호위반,건조,맑음,교차로 - 교차로안,화물,남,50세,상해없음,승용,남,80세,경상
2015061600100523,2015년 6월 16일 20시,화요일,광주광역시 광산구 남산동,중상사고,0,1,1,0,차대차 - 측면직각충돌,직진우회전진행방해,건조,맑음,교차로 - 교차로안,화물,남,65세,상해없음,원동기,남,71세,중상
2015061600100524,2015년 6월 16일 20시,화요일,광주광역시 광산구 우산동,경상사고,0,0,4,0,차대차 - 추돌 - 진행중,안전거리미확보,건조,맑음,단일로 - 기타,승용,남,52세,상해없음,승용,남,60세,경상
2015061600100556,2015년 6월 16일 21시,화요일,광주광역시 광산구 소촌동,경상사고,0,0,2,0,차대사람 - 횡단중,안전운전불이행,건조,맑음,교차로 - 교차로부근,승용,남,41세,상해없음,보행자,남,49세,경상
2015061600100584,2015년 6월 16일 22시,화요일,광주광역시 광산구 수완동,경상사고,0,0,1,0,차대차 - 측면직각충돌,신호위반,건조,맑음,교차로 - 교차로안,승용,여,46세,상해없음,이륜,남,52세,경상
2015061600100585,2015년 6월 16일 22시,화요일,광주광역시 광산구 운남동,경상사고,0,0,1,0,차대차 - 추돌 - 주정차중,안전거리미확보,건조,맑음,교차로 - 교차로부근,승용,남,48세,상해없음,승용,남,43세,경상
2015061600100615,2015년 6월 16일 23시,화요일,광주광역시 서구 쌍촌동,경상사고,0,0,1,0,차대사람 - 길가장자리구역통행중,안전운전불이행,건조,맑음,단일로 - 기타,승용,남,32세,상해없음,보행자,남,19세,경상
2015061700100017,2015년 6월 17일 00시,수요일,광주광역시 서구 매월동,중상사고,0,2,0,0,차대차 - 추돌 - 진행중,안전운전불이행,건조,맑음,단일로 - 기타,승용,여,25세,상해없음,승용,남,31세,중상
2015061700100032,2015년 6월 17일 01시,수요일,광주광역시 북구 오치동,경상사고,0,0,1,0,차대사람 - 차도통행중,안전운전불이행,건조,맑음,단일로 - 기타,승용,남,22세,상해없음,보행자,여,31세,경상
2015061700100033,2015년 6월 17일 01시,수요일,광주광역시 광산구 송정동,중상사고,0,2,2,0,차대차 - 측면직각충돌,신호위반,건조,맑음,교차로 - 교차로안,승용,남,59세,경상,승용,남,41세,경상
2015061700100040,2015년 6월 17일 02시,수요일,광주광역시 남구 백운동,경상사고,0,0,1,0,차대사람 - 횡단중,신호위반,건조,맑음,단일로 - 횡단보도상,승용,남,69세,상해없음,보행자,여,17세,경상
2015061700100135,2015년 6월 17일 08시,수요일,광주광역시 북구 문흥동,경상사고,0,0,1,0,차대차 - 측면직각충돌,직진우회전진행방해,건조,맑음,교차로 - 교차로안,승용,여,36세,상해없음,자전거,여,67세,경상
2015061700100189,2015년 6월 17일 10시,수요일,광주광역시 광산구 송정동,중상사고,0,1,2,0,차대차 - 측면직각충돌,안전운전불이행,건조,맑음,미분류 - 미분류,승용,남,52세,상해없음,승합,남,34세,중상
2015061700100218,2015년 6월 17일 11시,수요일,광주광역시 광산구 월곡동,경상사고,0,0,1,0,차대차 - 추돌 - 진행중,불법유턴,건조,맑음,단일로 - 기타,승용,남,28세,상해없음,승용,남,54세,경상
2015061700100263,2015년 6월 17일 13시,수요일,광주광역시 광산구 송정동,경상사고,0,0,1,0,차대사람 - 차도통행중,안전운전불이행,건조,흐림,교차로 - 교차로부근,승용,여,58세,상해없음,보행자,여,70세,경상
2015061700100315,2015년 6월 17일 15시,수요일,광주광역시 서구 화정동,경상사고,0,0,1,0,차대사람 - 횡단중,안전운전불이행,건조,맑음,교차로 - 교차로안,승용,남,52세,상해없음,보행자,남,7세,경상
2015061700100316,2015년 6월 17일 15시,수요일,광주광역시 북구 일곡동,경상사고,0,0,1,0,차대차 - 정면충돌,중앙선침범,건조,맑음,교차로 - 교차로부근,승용,여,37세,상해없음,승용,남,75세,경상
2015061700100349,2015년 6월 17일 16시,수요일,광주광역시 서구 치평동,경상사고,0,0,2,0,차대차 - 측면직각충돌,안전운전불이행,건조,맑음,단일로 - 기타,승용,남,61세,상해없음,승용,여,32세,경상
2015061700100387,2015년 6월 17일 17시,수요일,광주광역시 동구 광산동,경상사고,0,0,1,0,차대차 - 기타,기타,건조,맑음,단일로 - 기타,승용,남,63세,상해없음,이륜,남,29세,경상
2015061700100388,2015년 6월 17일 17시,수요일,광주광역시 북구 용봉동,중상사고,0,1,0,0,차대사람 - 차도통행중,안전운전불이행,건조,맑음,단일로 - 기타,승용,남,79세,상해없음,보행자,여,65세,중상
2015061700100521,2015년 6월 17일 21시,수요일,광주광역시 광산구 우산동,경상사고,0,0,1,0,차대사람 - 차도통행중,안전운전불이행,건조,맑음,단일로 - 기타,자전거,남,64세,상해없음,보행자,여,64세,경상
2015061700100522,2015년 6월 17일 21시,수요일,광주광역시 광산구 신창동,중상사고,0,1,0,0,차대사람 - 횡단중,신호위반,건조,맑음,교차로 - 교차로안,원동기,남,31세,상해없음,보행자,여,23세,중상
2015061700100523,2015년 6월 17일 21시,수요일,광주광역시 광산구 송정동,경상사고,0,0,1,0,차대사람 - 보도통행중,안전운전불이행,건조,맑음,단일로 - 기타,승합,남,35세,상해없음,보행자,남,47세,경상
2015061700100548,2015년 6월 17일 22시,수요일,광주광역시 광산구 쌍암동,경상사고,0,0,1,0,차대차 - 측면직각충돌,안전운전불이행,건조,맑음,단일로 - 기타,승용,남,57세,상해없음,자전거,남,15세,경상
2015061700100582,2015년 6월 17일 23시,수요일,광주광역시 북구 용봉동,경상사고,0,0,1,0,차대사람 - 차도통행중,안전운전불이행,건조,맑음,단일로 - 기타,승용,기타불명,40세,기타불명,보행자,남,58세,경상
2015061700100583,2015년 6월 17일 23시,수요일,광주광역시 광산구 복룡동,경상사고,0,0,2,0,차대차 - 추돌 - 주정차중,안전운전불이행,건조,맑음,단일로 - 기타,승용,남,39세,상해없음,승용,남,32세,경상
2015061800100028,2015년 6월 18일 00시,목요일,광주광역시 북구 운암동,경상사고,0,0,4,0,차대차 - 측면직각충돌,신호위반,건조,맑음,교차로 - 교차로안,승용,남,25세,상해없음,승용,남,34세,경상
2015061800100047,2015년 6월 18일 01시,목요일,광주광역시 동구 금남로5가,중상사고,0,2,0,0,차대차 - 정면충돌,신호위반,건조,흐림,교차로 - 교차로안,승용,남,33세,상해없음,이륜,남,16세,중상
2015061800100084,2015년 6월 18일 05시,목요일,광주광역시 북구 연제동,경상사고,0,0,3,0,차대차 - 추돌 - 주정차중,안전운전불이행,건조,맑음,교차로 - 교차로부근,승용,남,27세,상해없음,승용,남,25세,경상
2015061800100096,2015년 6월 18일 06시,목요일,광주광역시 광산구 쌍암동,경상사고,0,0,2,0,차대차 - 측면직각충돌,교차로운행방법위반,건조,맑음,교차로 - 교차로안,승용,남,24세,상해없음,승용,여,29세,경상
2015061800100120,2015년 6월 18일 07시,목요일,광주광역시 서구 치평동,경상사고,0,0,1,0,차대사람 - 횡단중,보행자보호의무위반,건조,맑음,단일로 - 횡단보도상,승용,남,53세,상해없음,보행자,남,15세,경상
2015061800100121,2015년 6월 18일 07시,목요일,광주광역시 남구 월산동,경상사고,0,0,1,0,차대차 - 추돌 - 주정차중,안전운전불이행,건조,맑음,단일로 - 기타,승용,남,37세,상해없음,승용,남,35세,경상
2015061800100216,2015년 6월 18일 10시,목요일,광주광역시 북구 운암동,경상사고,0,0,1,0,차대차 - 기타,안전운전불이행,건조,맑음,기타 - 기타,승용,여,47세,상해없음,자전거,남,75세,경상
2015061800100258,2015년 6월 18일 12시,목요일,광주광역시 서구 풍암동,경상사고,0,0,1,0,차대차 - 측면직각충돌,안전운전불이행,건조,맑음,교차로 - 교차로안,승용,여,26세,상해없음,이륜,남,55세,경상
2015061800100259,2015년 6월 18일 12시,목요일,광주광역시 광산구 월계동,경상사고,0,0,1,0,차대차 - 측면직각충돌,중앙선침범,건조,맑음,단일로 - 기타,승용,남,45세,상해없음,원동기,남,35세,경상
2015061800100260,2015년 6월 18일 12시,목요일,광주광역시 광산구 신가동,경상사고,0,0,1,0,차대차 - 측면직각충돌,중앙선침범,건조,맑음,단일로 - 기타,화물,남,44세,상해없음,승용,남,57세,경상
2015061800100287,2015년 6월 18일 13시,목요일,광주광역시 북구 문흥동,경상사고,0,0,1,0,차대사람 - 길가장자리구역통행중,안전운전불이행,건조,맑음,단일로 - 기타,승용,남,44세,상해없음,보행자,남,26세,경상
2015061800100337,2015년 6월 18일 15시,목요일,광주광역시 동구 월남동,경상사고,0,0,2,0,차대차 - 기타,안전운전불이행,건조,맑음,교차로 - 교차로안,승용,남,67세,경상,화물,남,47세,경상
2015061800100338,2015년 6월 18일 15시,목요일,광주광역시 북구 두암동,경상사고,0,0,1,0,차대차 - 추돌 - 진행중,안전거리미확보,건조,맑음,교차로 - 교차로부근,승합,남,31세,상해없음,승용,남,63세,경상
2015061800100339,2015년 6월 18일 15시,목요일,광주광역시 북구 운암동,경상사고,0,0,1,0,차대차 - 추돌 - 진행중,안전운전불이행,건조,맑음,단일로 - 기타,승용,여,26세,상해없음,이륜,남,48세,경상
2015061800100378,2015년 6월 18일 16시,목요일,광주광역시 남구 월산동,경상사고,0,0,1,0,차대사람 - 횡단중,신호위반,기타,흐림,교차로 - 교차로부근,승용,남,65세,상해없음,보행자,여,3세,경상
2015061800100413,2015년 6월 18일 17시,목요일,광주광역시 서구 쌍촌동,중상사고,0,1,0,0,차대차 - 추돌 - 진행중,안전운전불이행,건조,맑음,교차로 - 교차로부근,이륜,남,20세,중상,승용,여,43세,상해없음
2015061800100453,2015년 6월 18일 18시,목요일,광주광역시 북구 연제동,경상사고,0,0,2,0,차대차 - 측면직각충돌,안전운전불이행,건조,맑음,단일로 - 기타,화물,남,63세,경상,승용,여,48세,경상
2015061800100486,2015년 6월 18일 19시,목요일,광주광역시 서구 매월동,경상사고,0,0,1,0,차대차 - 측면직각충돌,신호위반,건조,맑음,교차로 - 교차로안,승용,여,37세,상해없음,승용,남,33세,경상
2015061800100488,2015년 6월 18일 19시,목요일,광주광역시 남구 송하동,중상사고,0,1,0,0,차대차 - 측면직각충돌,교차로운행방법위반,건조,맑음,교차로 - 교차로안,승용,여,25세,상해없음,원동기,남,20세,중상
2015061800100603,2015년 6월 18일 22시,목요일,광주광역시 서구 치평동,경상사고,0,0,1,0,차대차 - 측면직각충돌,신호위반,건조,맑음,교차로 - 교차로안,승용,남,51세,상해없음,승용,남,33세,경상
2015061800100604,2015년 6월 18일 22시,목요일,광주광역시 서구 금호동,경상사고,0,0,1,0,차대차 - 추돌 - 주정차중,안전운전불이행,건조,맑음,단일로 - 기타,승용,남,55세,상해없음,승용,남,25세,경상
2015061800100605,2015년 6월 18일 22시,목요일,광주광역시 북구 오치동,경상사고,0,0,4,0,차대차 - 기타,기타,건조,맑음,단일로 - 기타,승용,남,34세,경상,승용,남,56세,경상
2015061800100626,2015년 6월 18일 23시,목요일,광주광역시 북구 중흥동,중상사고,0,4,1,0,차대차 - 측면직각충돌,신호위반,건조,맑음,교차로 - 교차로안,승용,남,53세,중상,승용,남,36세,중상
2015061800100627,2015년 6월 18일 23시,목요일,광주광역시 광산구 신가동,경상사고,0,0,2,0,차대차 - 추돌 - 주정차중,안전운전불이행,건조,맑음,단일로 - 기타,승용,남,31세,상해없음,승용,여,30세,경상
2015061900100025,2015년 6월 19일 00시,금요일,광주광역시 서구 쌍촌동,경상사고,0,0,1,0,차대차 - 측면직각충돌,안전운전불이행,건조,맑음,교차로 - 교차로안,승용,여,26세,상해없음,승용,남,28세,경상