사고번호,사고일시,요일,시군구,사고내용,사망자수,중상자수,경상자수,부상신고자수,사고유형,법규위반,노면상태,기상상태,도로형태,가해운전자 차종,가해운전자 성별,가해운전자 연령,가해운전자 상해정도,피해운전자 차종,피해운전자 성별,피해운전자 연령,피해운전자 상해정도
2015061900100046,2015년 6월 19일 01시,금요일,광주광역시 광산구 선암동,경상사고,0,0,1,0,차대차 - 추돌 - 주정차중,안전운전불이행,건조,맑음,단일로 - 기타,승용,남,27세,상해없음,승용,남,31세,경상
2015061900100058,2015년 6월 19일 02시,금요일,광주광역시 서구 풍암동,경상사고,0,0,4,0,차대차 - 추돌 - 주정차중,안전운전불이행,건조,맑음,교차로 - 교차로부근,승용,남,35세,상해없음,승합,남,41세,경상
2015061900100068,2015년 6월 19일 03시,금요일,광주광역시 서구 풍암동,중상사고,0,2,0,0,차대차 - 추돌 - 주정차중,안전운전불이행,건조,맑음,단일로 - 기타,화물,남,58세,상해없음,승용,남,55세,중상
2015061900100162,2015년 6월 19일 08시,금요일,광주광역시 광산구 오선동,경상사고,0,0,1,0,차대차 - 측면직각충돌,신호위반,건조,맑음,교차로 - 교차로안,승용,남,24세,상해없음,승용,남,27세,상해없음
2015061900100190,2015년 6월 19일 09시,금요일,광주광역시 서구 쌍촌동,중상사고,0,1,0,0,차대사람 - 횡단중,보행자보호의무위반,건조,맑음,단일로 - 기타,승용,남,33세,상해없음,보행자,여,64세,중상
2015061900100191,2015년 6월 19일 09시,금요일,광주광역시 광산구 쌍암동,경상사고,0,0,1,1,차대차 - 측면직각충돌,교차로운행방법위반,건조,맑음,교차로 - 교차로안,승용,여,56세,부상신고,원동기,남,44세,경상
2015061900100271,2015년 6월 19일 12시,금요일,광주광역시 서구 매월동,경상사고,0,0,1,1,차대차 - 측면직각충돌,신호위반,건조,맑음,교차로 - 교차로안,승용,남,65세,부상신고,승용,남,52세,경상
2015061900100304,2015년 6월 19일 13시,금요일,광주광역시 서구 동천동,경상사고,0,0,2,0,차대차 - 측면직각충돌,안전운전불이행,건조,맑음,교차로 - 교차로부근,승용,남,24세,상해없음,승용,여,27세,경상
2015061900100305,2015년 6월 19일 13시,금요일,광주광역시 광산구 신촌동,중상사고,0,1,2,0,차대차 - 추돌 - 주정차중,안전운전불이행,건조,맑음,단일로 - 기타,승용,여,34세,상해없음,승용,여,48세,중상
2015061900100306,2015년 6월 19일 13시,금요일,광주광역시 광산구 신가동,경상사고,0,0,2,0,차대차 - 측면직각충돌,안전운전불이행,건조,맑음,교차로 - 교차로부근,원동기,남,47세,경상,승용,남,46세,경상
2015061900100334,2015년 6월 19일 14시,금요일,광주광역시 북구 중흥동,경상사고,0,0,1,0,차대차 - 측면직각충돌,직진우회전진행방해,건조,맑음,교차로 - 교차로안,승용,남,50세,상해없음,원동기,남,26세,경상
2015061900100335,2015년 6월 19일 14시,금요일,광주광역시 북구 망월동,경상사고,0,0,3,0,차대차 - 측면직각충돌,안전거리미확보,건조,맑음,단일로 - 기타,원동기,남,62세,경상,승용,남,50세,경상
2015061900100363,2015년 6월 19일 15시,금요일,광주광역시 북구 신안동,중상사고,0,1,0,0,차대사람 - 횡단중,안전운전불이행,건조,맑음,단일로 - 기타,승용,여,32세,상해없음,보행자,여,26세,중상
2015061900100364,2015년 6월 19일 15시,금요일,광주광역시 광산구 산월동,경상사고,0,0,3,0,차대차 - 측면직각충돌,안전운전불이행,건조,맑음,단일로 - 기타,승용,여,54세,상해없음,승용,남,34세,경상
2015061900100401,2015년 6월 19일 16시,금요일,광주광역시 북구 운암동,경상사고,0,0,1,0,차대차 - 추돌 - 주정차중,안전운전불이행,건조,맑음,단일로 - 기타,승용,남,23세,상해없음,승용,남,62세,경상
2015061900100445,2015년 6월 19일 17시,금요일,광주광역시 광산구 도천동,경상사고,0,0,3,0,차대차 - 추돌 - 진행중,안전운전불이행,건조,맑음,교차로 - 교차로부근,승용,남,62세,상해없음,승용,남,30세,경상
2015061900100446,2015년 6월 19일 17시,금요일,광주광역시 광산구 우산동,경상사고,0,0,1,0,차대차 - 추돌 - 진행중,안전운전불이행,건조,맑음,기타 - 기타,승용,남,32세,상해없음,화물,남,51세,경상
2015061900100499,2015년 6월 19일 18시,금요일,광주광역시 동구 학동,경상사고,0,0,3,0,차대차 - 추돌 - 진행중,안전거리미확보,건조,맑음,교차로 - 교차로부근,승합,남,74세,상해없음,승용,남,40세,경상
2015061900100500,2015년 6월 19일 18시,금요일,광주광역시 서구 치평동,경상사고,0,0,1,0,차대차 - 측면직각충돌,안전운전불이행,건조,맑음,교차로 - 교차로안,승용,남,66세,상해없음,승용,여,28세,경상
2015061900100501,2015년 6월 19일 18시,금요일,광주광역시 남구 봉선동,경상사고,0,0,1,0,차대차 - 추돌 - 진행중,안전거리미확보,건조,맑음,단일로 - 터널,승용,남,59세,상해없음,승용,여,50세,경상
2015061900100502,2015년 6월 19일 18시,금요일,광주광역시 북구 문흥동,경상사고,0,0,1,0,차대차 - 추돌 - 주정차중,안전운전불이행,건조,맑음,단일로 - 기타,승용,남,52세,상해없음,승용,여,41세,경상
2015061900100579,2015년 6월 19일 20시,금요일,광주광역시 남구 봉선동,경상사고,0,0,1,0,차대차 - 추돌 - 진행중,안전운전불이행,건조,맑음,교차로 - 교차로부근,승용,남,48세,상해없음,승용,남,49세,경상
2015061900100694,2015년 6월 19일 23시,금요일,광주광역시 북구 중흥동,경상사고,0,0,2,0,차대차 - 측면직각충돌,안전운전불이행,건조,맑음,단일로 - 기타,승용,남,64세,상해없음,자전거,남,22세,경상
2015062000100027,2015년 6월 20일 00시,토요일,광주광역시 북구 양산동,중상사고,0,1,1,0,차대사람 - 기타,안전운전불이행,건조,맑음,단일로 - 기타,화물,남,51세,상해없음,보행자,남,57세,경상
2015062000100046,2015년 6월 20일 01시,토요일,광주광역시 북구 신안동,경상사고,0,0,4,0,차대차 - 기타,불법유턴,건조,맑음,단일로 - 기타,승용,남,24세,상해없음,승용,남,59세,경상
2015062000100067,2015년 6월 20일 02시,토요일,광주광역시 서구 쌍촌동,경상사고,0,0,2,0,차대차 - 추돌 - 주정차중,안전운전불이행,건조,맑음,단일로 - 기타,승용,남,30세,상해없음,승용,남,64세,경상
2015062000100109,2015년 6월 20일 05시,토요일,광주광역시 서구 광천동,중상사고,0,1,1,0,차대차 - 측면직각충돌,신호위반,건조,맑음,교차로 - 교차로안,승용,남,42세,상해없음,승용,남,43세,경상
2015062000100136,2015년 6월 20일 06시,토요일,광주광역시 광산구 신촌동,경상사고,0,0,1,0,차대차 - 추돌 - 주정차중,안전운전불이행,건조,흐림,단일로 - 기타,승용,기타불명,기타불명,기타불명,승합,남,39세,경상
2015062000100145,2015년 6월 20일 07시,토요일,광주광역시 남구 원산동,경상사고,0,0,1,0,차대차 - 측면직각충돌,안전운전불이행,건조,맑음,교차로 - 교차로부근,승용,남,49세,상해없음,이륜,남,74세,경상
2015062000100176,2015년 6월 20일 09시,토요일,광주광역시 서구 치평동,경상사고,0,0,1,0,차대차 - 추돌 - 주정차중,안전운전불이행,습기,비,교차로 - 교차로안,승용,남,64세,상해없음,승용,여,36세,경상
2015062000100177,2015년 6월 20일 09시,토요일,광주광역시 서구 금호동,경상사고,0,0,1,0,차대차 - 추돌 - 주정차중,안전운전불이행,건조,흐림,단일로 - 기타,승합,남,55세,상해없음,승용,여,58세,경상
2015062000100199,2015년 6월 20일 10시,토요일,광주광역시 서구 유촌동,경상사고,0,0,2,0,차대차 - 추돌 - 주정차중,안전운전불이행,습기,비,미분류 - 미분류,승용,남,18세,상해없음,승용,남,35세,경상
2015062000100272,2015년 6월 20일 12시,토요일,광주광역시 북구 신용동,경상사고,0,0,2,0,차대차 - 측면직각충돌,안전거리미확보,건조,맑음,교차로 - 교차로부근,승용,여,39세,상해없음,승용,여,40세,경상
2015062000100304,2015년 6월 20일 13시,토요일,광주광역시 서구 화정동,경상사고,0,0,1,0,차대차 - 추돌 - 진행중,안전거리미확보,건조,맑음,단일로 - 기타,승용,남,71세,상해없음,이륜,남,43세,경상
2015062000100338,2015년 6월 20일 14시,토요일,광주광역시 남구 주월동,경상사고,0,0,3,0,차대차 - 기타,교차로운행방법위반,건조,맑음,교차로 - 교차로안,승용,남,27세,경상,승용,여,36세,경상
2015062000100339,2015년 6월 20일 14시,토요일,광주광역시 광산구 도천동,경상사고,0,0,1,1,차대차 - 측면직각충돌,안전운전불이행,건조,흐림,단일로 - 기타,승용,남,32세,부상신고,승용,여,58세,경상
2015062000100382,2015년 6월 20일 15시,토요일,광주광역시 북구 일곡동,중상사고,0,2,0,0,차대차 - 기타,안전운전불이행,건조,맑음,단일로 - 기타,승용,기타불명,기타불명,기타불명,화물,남,54세,중상
2015062000100466,2015년 6월 20일 17시,토요일,광주광역시 남구 주월동,경상사고,0,0,2,0,차대차 - 추돌 - 주정차중,안전거리미확보,습기,비,교차로 - 교차로부근,승용,여,44세,상해없음,승용,남,34세,경상
2015062000100467,2015년 6월 20일 17시,토요일,광주광역시 북구 일곡동,부상신고사고,0,0,0,1,차대차 - 측면직각충돌,안전운전불이행,건조,맑음,교차로 - 교차로부근,승용,남,39세,상해없음,자전거,남,9세,부상신고
2015062000100536,2015년 6월 20일 19시,토요일,광주광역시 서구 마륵동,경상사고,0,0,1,0,차대차 - 측면직각충돌,안전운전불이행,습기,비,교차로 - 교차로안,승용,남,47세,상해없음,승합,남,60세,경상
2015062000100564,2015년 6월 20일 20시,토요일,광주광역시 남구 주월동,경상사고,0,0,1,0,차대차 - 추돌 - 주정차중,안전거리미확보,습기,비,교차로 - 교차로부근,승용,여,41세,상해없음,이륜,남,51세,경상
2015062000100616,2015년 6월 20일 22시,토요일,광주광역시 서구 치평동,경상사고,0,0,2,0,차대차 - 추돌 - 주정차중,안전운전불이행,건조,맑음,단일로 - 기타,승용,남,27세,상해없음,승용,남,48세,경상
2015062000100617,2015년 6월 20일 22시,토요일,광주광역시 북구 운암동,경상사고,0,0,1,0,차대사람 - 길가장자리구역통행중,안전운전불이행,습기,비,단일로 - 기타,승용,여,42세,상해없음,보행자,남,39세,경상
2015062000100638,2015년 6월 20일 23시,토요일,광주광역시 남구 진월동,경상사고,0,0,2,0,차대차 - 측면직각충돌,안전운전불이행,건조,맑음,기타 - 기타,승용,남,35세,상해없음,승용,여,21세,기타불명
2015062100100022,2015년 6월 21일 00시,일요일,광주광역시 남구 백운동,경상사고,0,0,1,0,차대차 - 추돌 - 진행중,불법유턴,건조,흐림,교차로 - 교차로부근,승용,남,19세,상해없음,승용,남,32세,경상
2015062100100045,2015년 6월 21일 01시,일요일,광주광역시 서구 벽진동,경상사고,0,0,1,0,차대차 - 측면직각충돌,신호위반,건조,맑음,교차로 - 교차로안,승용,남,27세,상해없음,승용,남,32세,경상
2015062100100058,2015년 6월 21일 02시,일요일,광주광역시 서구 동천동,중상사고,0,1,0,0,차대사람 - 횡단중,안전운전불이행,건조,맑음,단일로 - 기타,승용,남,26세,상해없음,보행자,남,23세,중상
2015062100100144,2015년 6월 21일 09시,일요일,광주광역시 서구 마륵동,경상사고,0,0,1,0,차대사람 - 횡단중,안전운전불이행,건조,맑음,단일로 - 기타,승용,남,56세,상해없음,보행자,남,63세,경상
2015062100100145,2015년 6월 21일 09시,일요일,광주광역시 광산구 하남동,부상신고사고,0,0,0,1,차량단독 - 전도전복,안전운전불이행,건조,맑음,단일로 - 기타,자전거,남,18세,부상신고,,,,
2015062100100216,2015년 6월 21일 12시,일요일,광주광역시 동구 학동,경상사고,0,0,1,0,차대차 - 측면직각충돌,안전거리미확보,건조,맑음,단일로 - 기타,승용,남,54세,기타불명,원동기,남,22세,경상
2015062100100250,2015년 6월 21일 13시,일요일,광주광역시 광산구 신가동,경상사고,0,0,1,0,차대차 - 측면직각충돌,안전거리미확보,건조,맑음,교차로 - 교차로안,승용,여,55세,상해없음,원동기,남,18세,경상
2015062100100251,2015년 6월 21일 13시,일요일,광주광역시 광산구 흑석동,경상사고,0,0,3,0,차대차 - 추돌 - 주정차중,안전운전불이행,건조,맑음,교차로 - 교차로부근,승용,남,24세,상해없음,승용,남,58세,경상
2015062100100343,2015년 6월 21일 16시,일요일,광주광역시 동구 학동,경상사고,0,0,2,0,차대차 - 측면직각충돌,교차로운행방법위반,건조,흐림,교차로 - 교차로안,승용,남,65세,경상,승용,남,45세,경상
2015062100100371,2015년 6월 21일 17시,일요일,광주광역시 북구 일곡동,경상사고,0,0,2,0,차대차 - 추돌 - 진행중,안전거리미확보,건조,맑음,단일로 - 기타,승용,남,57세,상해없음,승용,여,32세,경상
2015062100100372,2015년 6월 21일 17시,일요일,광주광역시 북구 두암동,경상사고,0,0,1,1,차대차 - 측면직각충돌,안전운전불이행,건조,맑음,교차로 - 교차로부근,승용,남,62세,상해없음,승용,남,43세,부상신고
2015062100100373,2015년 6월 21일 17시,일요일,광주광역시 광산구 옥동,경상사고,0,0,2,0,차대차 - 추돌 - 주정차중,안전거리미확보,건조,맑음,교차로 - 교차로부근,화물,남,21세,경상,승용,여,47세,경상
2015062100100408,2015년 6월 21일 18시,일요일,광주광역시 서구 쌍촌동,경상사고,0,0,2,0,차대차 - 측면직각충돌,안전운전불이행,건조,맑음,교차로 - 교차로부근,승용,남,64세,상해없음,승용,남,49세,경상
2015062100100508,2015년 6월 21일 22시,일요일,광주광역시 서구 화정동,경상사고,0,0,1,0,차대차 - 기타,중앙선침범,건조,맑음,교차로 - 교차로부근,승용,남,28세,상해없음,승용,남,26세,경상
2015062100100522,2015년 6월 21일 23시,일요일,광주광역시 북구 두암동,경상사고,0,0,1,0,차대차 - 측면직각충돌,신호위반,건조,맑음,교차로 - 교차로안,자전거,남,22세,경상,승합,남,47세,상해없음
2015062100100523,2015년 6월 21일 23시,일요일,광주광역시 광산구 소촌동,경상사고,0,0,4,0,차대차 - 추돌 - 진행중,안전운전불이행,건조,맑음,단일로 - 기타,화물,남,53세,상해없음,승용,남,27세,경상
2015062200100028,2015년 6월 22일 01시,월요일,광주광역시 서구 광천동,경상사고,0,0,3,0,차대차 - 추돌 - 주정차중,안전운전불이행,건조,맑음,교차로 - 교차로부근,승용,여,28세,상해없음,승용,남,52세,경상
2015062200100076,2015년 6월 22일 06시,월요일,광주광역시 북구 두암동,경상사고,0,0,1,0,차대차 - 추돌 - 진행중,안전운전불이행,건조,맑음,단일로 - 기타,승합,남,65세,상해없음,승용,여,22세,경상
2015062200100104,2015년 6월 22일 07시,월요일,광주광역시 북구 문흥동,경상사고,0,0,1,0,차대차 - 추돌 - 주정차중,교차로운행방법위반,건조,맑음,교차로 - 교차로안,건설기계,남,59세,상해없음,화물,남,44세,경상
2015062200100149,2015년 6월 22일 08시,월요일,광주광역시 서구 내방동,경상사고,0,0,1,0,차대차 - 측면직각충돌,교차로운행방법위반,건조,맑음,교차로 - 교차로안,승용,여,41세,상해없음,승용,남,57세,경상
2015062200100331,2015년 6월 22일 14시,월요일,광주광역시 광산구 송정동,경상사고,0,0,1,0,차대차 - 추돌 - 주정차중,불법유턴,건조,맑음,단일로 - 기타,승용,남,49세,기타불명,승용,남,29세,경상
2015062200100414,2015년 6월 22일 16시,월요일,광주광역시 남구 노대동,경상사고,0,0,1,0,차대사람 - 횡단중,안전운전불이행,건조,맑음,단일로 - 기타,승용,여,75세,상해없음,보행자,남,9세,경상
2015062200100507,2015년 6월 22일 18시,월요일,광주광역시 서구 치평동,경상사고,0,0,1,0,차대차 - 추돌 - 주정차중,안전운전불이행,건조,맑음,단일로 - 기타,화물,남,54세,기타불명,승용,남,28세,경상
2015062200100508,2015년 6월 22일 18시,월요일,광주광역시 남구 월산동,부상신고사고,0,0,0,3,차대차 - 기타,안전운전불이행,건조,맑음,교차로 - 교차로부근,승용,남,58세,상해없음,승용,남,22세,부상신고
2015062200100644,2015년 6월 22일 23시,월요일,광주광역시 광산구 우산동,경상사고,0,0,1,0,차대차 - 추돌 - 진행중,차로위반,건조,맑음,기타 - 기타,승용,여,54세,상해없음,승용,여,47세,경상
2015062300100016,2015년 6월 23일 00시,화요일,광주광역시 남구 사동,경상사고,0,0,1,0,차대사람 - 기타,안전운전불이행,건조,맑음,교차로 - 교차로부근,승용,남,61세,상해없음,보행자,남,29세,경상
2015062300100017,2015년 6월 23일 00시,화요일,광주광역시 광산구 우산동,경상사고,0,0,2,0,차대차 - 추돌 - 주정차중,안전운전불이행,건조,맑음,단일로 - 기타,승용,여,48세,상해없음,승용,남,36세,경상
2015062300100060,2015년 6월 23일 04시,화요일,광주광역시 서구 유촌동,경상사고,0,0,1,0,차대차 - 측면직각충돌,신호위반,건조,맑음,교차로 - 교차로안,승용,남,29세,상해없음,승용,여,39세,경상
2015062300100087,2015년 6월 23일 06시,화요일,광주광역시 광산구 복룡동,중상사고,0,2,0,0,차량단독 - 전도전복,안전운전불이행,건조,맑음,교차로 - 교차로부근,원동기,남,19세,중상,,,,
2015062300100110,2015년 6월 23일 07시,화요일,광주광역시 북구 신안동,경상사고,0,0,1,0,차대차 - 측면직각충돌,안전운전불이행,건조,맑음,교차로 - 교차로안,화물,여,57세,상해없음,승용,여,49세,경상
2015062300100146,2015년 6월 23일 08시,화요일,광주광역시 광산구 양동,경상사고,0,0,2,0,차대차 - 추돌 - 주정차중,안전운전불이행,건조,맑음,교차로 - 교차로부근,화물,남,56세,상해없음,승용,남,71세,경상
2015062300100147,2015년 6월 23일 08시,화요일,광주광역시 남구 월산동,경상사고,0,0,3,0,차대차 - 측면직각충돌,안전운전불이행,건조,맑음,단일로 - 기타,승용,남,59세,상해없음,승용,남,43세,경상
2015062300100148,2015년 6월 23일 08시,화요일,광주광역시 광산구 수완동,경상사고,0,0,2,0,차대차 - 측면직각충돌,교차로운행방법위반,건조,맑음,교차로 - 교차로안,승용,남,35세,경상,승용,남,34세,경상
2015062300100171,2015년 6월 23일 09시,화요일,광주광역시 동구 계림동,경상사고,0,0,1,0,차량단독 - 기타,안전운전불이행,건조,맑음,단일로 - 기타,승합,남,68세,상해없음,,,,
2015062300100223,2015년 6월 23일 11시,화요일,광주광역시 북구 양산동,경상사고,0,0,1,0,차대차 - 측면직각충돌,안전거리미확보,건조,맑음,단일로 - 기타,승용,남,60세,상해없음,승용,남,72세,경상
2015062300100248,2015년 6월 23일 12시,화요일,광주광역시 남구 백운동,경상사고,0,0,1,0,차대사람 - 횡단중,보행자보호의무위반,건조,맑음,단일로 - 횡단보도상,승용,기타불명,기타불명,기타불명,보행자,남,60세,경상
2015062300100249,2015년 6월 23일 12시,화요일,광주광역시 북구 신안동,중상사고,0,1,0,0,차대사람 - 횡단중,안전운전불이행,건조,맑음,교차로 - 교차로안,화물,여,50세,상해없음,보행자,여,78세,중상
2015062300100250,2015년 6월 23일 12시,화요일,광주광역시 광산구 쌍암동,중상사고,0,1,0,0,차대사람 - 횡단중,안전운전불이행,건조,맑음,교차로 - 교차로부근,승용,여,50세,상해없음,보행자,여,66세,중상
2015062300100251,2015년 6월 23일 12시,화요일,광주광역시 광산구 월계동,경상사고,0,0,1,0,차대차 - 측면직각충돌,안전거리미확보,건조,맑음,단일로 - 기타,승용,남,47세,상해없음,승용,여,46세,경상
2015062300100301,2015년 6월 23일 14시,화요일,광주광역시 남구 구동,경상사고,0,0,1,0,차대차 - 추돌 - 진행중,안전거리미확보,건조,맑음,단일로 - 기타,승용,남,62세,상해없음,화물,남,54세,경상
2015062300100368,2015년 6월 23일 16시,화요일,광주광역시 서구 풍암동,경상사고,0,0,1,0,차대차 - 기타,안전운전불이행,건조,맑음,단일로 - 기타,승용,여,57세,경상,승용,남,41세,기타불명
2015062300100369,2015년 6월 23일 16시,화요일,광주광역시 북구 일곡동,경상사고,0,0,1,0,차대사람 - 보도통행중,기타,건조,맑음,기타 - 기타,승용,여,20세,상해없음,보행자,여,42세,경상
2015062300100408,2015년 6월 23일 17시,화요일,광주광역시 광산구 우산동,경상사고,0,0,1,0,차대차 - 측면직각충돌,안전거리미확보,건조,맑음,교차로 - 교차로부근,화물,남,53세,상해없음,승합,남,39세,경상
2015062300100409,2015년 6월 23일 17시,화요일,광주광역시 광산구 도산동,경상사고,0,0,1,0,차대차 - 추돌 - 주정차중,안전거리미확보,건조,맑음,단일로 - 기타,승용,남,53세,상해없음,승용,여,55세,경상
2015062300100476,2015년 6월 23일 19시,화요일,광주광역시 서구 쌍촌동,경상사고,0,0,1,0,차대사람 - 길가장자리구역통행중,안전운전불이행,건조,맑음,단일로 - 기타,승용,남,28세,상해없음,보행자,남,19세,경상
2015062300100477,2015년 6월 23일 19시,화요일,광주광역시 북구 용봉동,경상사고,0,0,1,0,차대차 - 측면직각충돌,안전운전불이행,건조,맑음,교차로 - 교차로안,승용,여,47세,상해없음,승용,남,60세,경상
2015062300100507,2015년 6월 23일 20시,화요일,광주광역시 남구 송하동,중상사고,0,2,0,0,차대차 - 측면직각충돌,신호위반,건조,맑음,교차로 - 교차로안,화물,남,61세,중상,승합,남,56세,중상
2015062300100568,2015년 6월 23일 22시,화요일,광주광역시 북구 유동,경상사고,0,0,2,0,차대차 - 측면직각충돌,안전거리미확보,건조,맑음,교차로 - 교차로부근,승용,남,31세,경상,이륜,남,18세,경상
2015062300100597,2015년 6월 23일 23시,화요일,광주광역시 북구 운암동,경상사고,0,0,1,0,차대사람 - 횡단중,안전운전불이행,건조,맑음,단일로 - 기타,승용,남,41세,상해없음,보행자,남,56세,경상
2015062400100020,2015년 6월 24일 00시,수요일,광주광역시 서구 쌍촌동,경상사고,0,0,1,0,차대차 - 기타,교차로운행방법위반,건조,맑음,교차로 - 교차로안,승용,남,33세,기타불명,승용,남,45세,경상
2015062400100021,2015년 6월 24일 00시,수요일,광주광역시 서구 금호동,중상사고,0,3,1,0,차대차 - 측면직각충돌,안전운전불이행,건조,맑음,교차로 - 교차로안,승용,남,48세,상해없음,승용,남,49세,경상
2015062400100022,2015년 6월 24일 00시,수요일,광주광역시 서구 풍암동,경상사고,0,0,2,0,차대차 - 추돌 - 주정차중,안전운전불이행,건조,맑음,교차로 - 교차로부근,승용,남,48세,기타불명,승용,남,26세,경상
2015062400100023,2015년 6월 24일 00시,수요일,광주광역시 서구 양동,경상사고,0,0,2,0,차대차 - 기타,안전운전불이행,건조,맑음,단일로 - 기타,승용,남,30세,상해없음,화물,남,49세,상해없음
2015062400100086,2015년 6월 24일 06시,수요일,광주광역시 서구 쌍촌동,경상사고,0,0,1,0,차대차 - 측면직각충돌,신호위반,건조,맑음,교차로 - 교차로안,승용,여,58세,상해없음,승용,남,34세,경상
2015062400100154,2015년 6월 24일 08시,수요일,광주광역시 동구 지산동,경상사고,0,0,1,0,차대사람 - 횡단중,안전운전불이행,건조,맑음,교차로 - 교차로안,화물,남,57세,상해없음,보행자,남,42세,경상
2015062400100155,2015년 6월 24일 08시,수요일,광주광역시 서구 유촌동,경상사고,0,0,2,1,차대차 - 추돌 - 진행중,안전거리미확보,건조,맑음,단일로 - 기타,승용,남,43세,상해없음,승용,남,29세,경상
2015062400100156,2015년 6월 24일 08시,수요일,광주광역시 북구 문흥동,중상사고,0,1,0,0,차대사람 - 횡단중,안전운전불이행,건조,맑음,단일로 - 기타,승용,남,67세,상해없음,보행자,여,75세,중상
2015062400100192,2015년 6월 24일 09시,수요일,광주광역시 광산구 쌍암동,경상사고,0,0,2,0,차대차 - 측면직각충돌,안전거리미확보,건조,맑음,단일로 - 기타,승용,여,68세,상해없음,승용,남,31세,상해없음
2015062400100193,2015년 6월 24일 09시,수요일,광주광역시 광산구 월계동,경상사고,0,0,1,0,차대차 - 측면직각충돌,신호위반,건조,맑음,교차로 - 교차로안,승용,여,53세,상해없음,승용,남,32세,경상
2015062400100240,2015년 6월 24일 11시,수요일,광주광역시 북구 용봉동,중상사고,0,1,0,0,차대사람 - 횡단중,보행자보호의무위반,건조,맑음,교차로 - 교차로부근,승용,남,28세,상해없음,보행자,여,60세,중상
2015062400100271,2015년 6월 24일 12시,수요일,광주광역시 동구 불로동,경상사고,0,0,2,0,차대차 - 측면직각충돌,안전운전불이행,건조,맑음,교차로 - 교차로안,승용,여,40세,경상,승용,남,56세,경상
2015062400100293,2015년 6월 24일 13시,수요일,광주광역시 남구 백운동,경상사고,0,0,1,0,차대차 - 측면직각충돌,교차로운행방법위반,건조,맑음,교차로 - 교차로안,승용,남,39세,상해없음,승용,여,56세,경상
2015062400100294,2015년 6월 24일 13시,수요일,광주광역시 북구 용봉동,경상사고,0,0,1,0,차대차 - 측면직각충돌,직진우회전진행방해,건조,맑음,교차로 - 교차로안,승용,남,61세,상해없음,원동기,남,18세,경상
2015062400100333,2015년 6월 24일 14시,수요일,광주광역시 남구 주월동,경상사고,0,0,1,0,차대차 - 기타,차로위반,건조,맑음,기타 - 기타,승용,여,69세,상해없음,승용,여,52세,경상
2015062400100363,2015년 6월 24일 15시,수요일,광주광역시 북구 양산동,중상사고,0,1,0,0,차대사람 - 길가장자리구역통행중,안전운전불이행,건조,맑음,교차로 - 교차로부근,승용,남,50세,상해없음,보행자,남,7세,중상
2015062400100364,2015년 6월 24일 15시,수요일,광주광역시 북구 누문동,경상사고,0,0,1,0,차대사람 - 기타,기타,건조,맑음,단일로 - 기타,승합,남,47세,상해없음,보행자,여,66세,경상
2015062400100438,2015년 6월 24일 17시,수요일,광주광역시 서구 쌍촌동,경상사고,0,0,1,0,차대사람 - 보도통행중,보행자보호의무위반,건조,맑음,단일로 - 기타,승용,여,37세,상해없음,보행자,남,38세,경상
2015062400100439,2015년 6월 24일 17시,수요일,광주광역시 광산구 월곡동,중상사고,0,2,0,0,차대사람 - 횡단중,안전운전불이행,기타,맑음,단일로 - 기타,이륜,남,45세,중상,보행자,남,8세,중상
2015062400100499,2015년 6월 24일 19시,수요일,광주광역시 광산구 하남동,경상사고,0,0,1,0,차대사람 - 길가장자리구역통행중,안전운전불이행,건조,맑음,교차로 - 교차로부근,승용,남,33세,상해없음,보행자,여,19세,경상
2015062400100540,2015년 6월 24일 20시,수요일,광주광역시 남구 봉선동,경상사고,0,0,1,0,차대차 - 기타,교차로운행방법위반,건조,맑음,교차로 - 교차로부근,화물,여,40세,상해없음,승용,남,34세,경상
2015062400100541,2015년 6월 24일 20시,수요일,광주광역시 북구 양산동,경상사고,0,0,1,0,차대차 - 측면직각충돌,안전운전불이행,건조,맑음,교차로 - 교차로부근,승용,남,54세,상해없음,승용,여,52세,경상
2015062400100571,2015년 6월 24일 21시,수요일,광주광역시 서구 양동,경상사고,0,0,1,0,차대사람 - 횡단중,신호위반,건조,맑음,단일로 - 횡단보도상,승용,여,57세,상해없음,보행자,남,48세,경상
2015062400100572,2015년 6월 24일 21시,수요일,광주광역시 북구 운암동,경상사고,0,0,3,0,차대차 - 측면직각충돌,안전운전불이행,건조,맑음,교차로 - 교차로부근,승용,여,35세,상해없음,승용,남,59세,상해없음
2015062400100600,2015년 6월 24일 22시,수요일,광주광역시 서구 화정동,중상사고,0,1,0,0,차대차 - 추돌 - 진행중,안전운전불이행,건조,맑음,교차로 - 교차로부근,승용,남,40세,상해없음,원동기,남,47세,중상
2015062400100601,2015년 6월 24일 22시,수요일,광주광역시 서구 유촌동,경상사고,0,0,1,0,차대차 - 측면직각충돌,안전운전불이행,건조,맑음,교차로 - 교차로안,승용,남,23세,상해없음,자전거,남,34세,경상
2015062500100025,2015년 6월 25일 00시,목요일,광주광역시 동구 학동,경상사고,0,0,1,0,차대차 - 측면직각충돌,안전거리미확보,건조,맑음,단일로 - 기타,승용,남,52세,기타불명,승용,남,34세,경상