사고번호,사고일시,요일,시군구,사고내용,사망자수,중상자수,경상자수,부상신고자수,사고유형,법규위반,노면상태,기상상태,도로형태,가해운전자 차종,가해운전자 성별,가해운전자 연령,가해운전자 상해정도,피해운전자 차종,피해운전자 성별,피해운전자 연령,피해운전자 상해정도
2015062500100026,2015년 6월 25일 00시,목요일,광주광역시 광산구 장덕동,경상사고,0,0,1,0,차대차 - 측면직각충돌,교차로운행방법위반,건조,맑음,교차로 - 교차로안,화물,남,45세,상해없음,승용,남,34세,경상
2015062500100061,2015년 6월 25일 03시,목요일,광주광역시 서구 치평동,경상사고,0,0,1,0,차대차 - 측면직각충돌,차로위반,건조,맑음,단일로 - 기타,승용,여,34세,상해없음,승용,남,34세,경상
2015062500100181,2015년 6월 25일 10시,목요일,광주광역시 광산구 수완동,경상사고,0,0,3,0,차대차 - 추돌 - 주정차중,안전운전불이행,습기,비,교차로 - 교차로부근,승용,남,58세,상해없음,승합,남,38세,경상
2015062500100237,2015년 6월 25일 12시,목요일,광주광역시 서구 쌍촌동,중상사고,0,1,0,0,차대사람 - 기타,안전운전불이행,습기,비,교차로 - 교차로안,원동기,남,39세,상해없음,보행자,남,57세,중상
2015062500100301,2015년 6월 25일 14시,목요일,광주광역시 서구 화정동,경상사고,0,0,1,0,차대차 - 측면직각충돌,안전운전불이행,건조,맑음,교차로 - 교차로부근,승용,남,61세,상해없음,자전거,남,14세,경상
2015062500100302,2015년 6월 25일 14시,목요일,광주광역시 서구 치평동,경상사고,0,0,1,0,차대차 - 측면직각충돌,안전거리미확보,건조,맑음,교차로 - 교차로부근,승용,남,41세,상해없음,승합,남,34세,경상
2015062500100303,2015년 6월 25일 14시,목요일,광주광역시 북구 운암동,경상사고,0,0,2,0,차대차 - 추돌 - 주정차중,안전거리미확보,건조,맑음,교차로 - 교차로부근,승용,여,48세,상해없음,승용,남,32세,경상
2015062500100304,2015년 6월 25일 14시,목요일,광주광역시 북구 두암동,경상사고,0,0,1,0,차대차 - 추돌 - 진행중,중앙선침범,건조,맑음,단일로 - 기타,승용,여,39세,기타불명,승용,여,38세,경상
2015062500100378,2015년 6월 25일 16시,목요일,광주광역시 광산구 신창동,경상사고,0,0,1,0,차대차 - 추돌 - 주정차중,안전운전불이행,건조,맑음,교차로 - 교차로안,승합,여,39세,상해없음,이륜,남,36세,경상
2015062500100416,2015년 6월 25일 17시,목요일,광주광역시 서구 화정동,경상사고,0,0,2,0,차대차 - 추돌 - 진행중,교차로운행방법위반,습기,비,교차로 - 교차로안,승용,여,42세,경상,승용,남,39세,경상
2015062500100417,2015년 6월 25일 17시,목요일,광주광역시 서구 풍암동,경상사고,0,0,2,0,차대차 - 추돌 - 주정차중,안전운전불이행,습기,비,단일로 - 기타,승용,남,61세,상해없음,승용,여,56세,경상
2015062500100418,2015년 6월 25일 17시,목요일,광주광역시 북구 문흥동,경상사고,0,0,1,0,차대차 - 측면직각충돌,교차로운행방법위반,건조,맑음,교차로 - 교차로안,화물,남,39세,상해없음,이륜,남,37세,경상
2015062500100504,2015년 6월 25일 19시,목요일,광주광역시 북구 양산동,부상신고사고,0,0,0,1,차대차 - 측면직각충돌,중앙선침범,습기,비,교차로 - 교차로부근,원동기,남,28세,부상신고,승용,여,39세,상해없음
2015062500100505,2015년 6월 25일 19시,목요일,광주광역시 광산구 송정동,경상사고,0,0,2,0,차대차 - 추돌 - 진행중,안전운전불이행,습기,비,단일로 - 기타,승용,남,23세,상해없음,승용,남,25세,경상
2015062500100551,2015년 6월 25일 20시,목요일,광주광역시 남구 주월동,경상사고,0,0,1,0,차대차 - 기타,안전거리미확보,습기,비,단일로 - 기타,승용,남,42세,상해없음,이륜,남,23세,경상
2015062500100552,2015년 6월 25일 20시,목요일,광주광역시 북구 두암동,경상사고,0,0,5,0,차대차 - 정면충돌,신호위반,습기,비,교차로 - 교차로안,승용,남,46세,상해없음,승용,남,54세,상해없음
2015062500100635,2015년 6월 25일 21시,목요일,광주광역시 서구 동천동,경상사고,0,0,2,0,차대차 - 추돌 - 진행중,안전운전불이행,습기,비,단일로 - 기타,승용,남,35세,상해없음,승용,여,27세,경상
2015062500100636,2015년 6월 25일 21시,목요일,광주광역시 남구 주월동,경상사고,0,0,1,0,차대차 - 측면직각충돌,안전운전불이행,습기,비,교차로 - 교차로안,승용,남,38세,상해없음,이륜,남,24세,경상
2015062500100687,2015년 6월 25일 22시,목요일,광주광역시 북구 임동,경상사고,0,0,1,0,차대차 - 추돌 - 주정차중,안전운전불이행,습기,비,교차로 - 교차로부근,승용,남,36세,상해없음,승용,여,45세,경상
2015062500100688,2015년 6월 25일 22시,목요일,광주광역시 북구 운암동,경상사고,0,0,1,0,차대차 - 추돌 - 주정차중,안전운전불이행,습기,비,교차로 - 교차로부근,승용,남,48세,경상,승용,남,36세,기타불명
2015062500100689,2015년 6월 25일 22시,목요일,광주광역시 광산구 산정동,경상사고,0,0,2,0,차대차 - 추돌 - 주정차중,안전운전불이행,습기,비,교차로 - 교차로부근,승용,남,30세,상해없음,승용,남,27세,경상
2015062500100740,2015년 6월 25일 23시,목요일,광주광역시 북구 각화동,부상신고사고,0,0,0,1,차대차 - 측면직각충돌,직진우회전진행방해,습기,비,교차로 - 교차로안,원동기,남,23세,부상신고,승용,남,46세,상해없음
2015062600100045,2015년 6월 26일 00시,금요일,광주광역시 서구 광천동,경상사고,0,0,1,0,차대차 - 추돌 - 주정차중,안전운전불이행,습기,비,단일로 - 기타,승용,남,36세,상해없음,승용,남,42세,경상
2015062600100086,2015년 6월 26일 01시,금요일,광주광역시 북구 임동,경상사고,0,0,2,0,차대차 - 기타,중앙선침범,습기,비,교차로 - 교차로부근,승용,남,33세,상해없음,승용,남,54세,경상
2015062600100117,2015년 6월 26일 02시,금요일,광주광역시 북구 동림동,중상사고,0,1,2,0,차대차 - 추돌 - 주정차중,안전운전불이행,습기,비,단일로 - 기타,화물,남,58세,상해없음,승용,남,52세,경상
2015062600100118,2015년 6월 26일 02시,금요일,광주광역시 광산구 쌍암동,경상사고,0,0,1,0,차대차 - 측면직각충돌,교차로운행방법위반,습기,비,교차로 - 교차로안,화물,남,52세,상해없음,이륜,남,16세,경상
2015062600100227,2015년 6월 26일 08시,금요일,광주광역시 동구 서석동,경상사고,0,0,4,0,차대차 - 추돌 - 진행중,안전운전불이행,습기,비,단일로 - 기타,승용,남,45세,경상,화물,남,62세,경상
2015062600100260,2015년 6월 26일 09시,금요일,광주광역시 서구 쌍촌동,경상사고,0,0,1,0,차대차 - 추돌 - 주정차중,안전운전불이행,건조,맑음,교차로 - 교차로부근,승용,남,67세,상해없음,승용,여,29세,경상
2015062600100261,2015년 6월 26일 09시,금요일,광주광역시 북구 본촌동,경상사고,0,0,3,0,차대차 - 추돌 - 진행중,안전거리미확보,습기,비,단일로 - 기타,승용,남,52세,상해없음,승용,여,37세,경상
2015062600100320,2015년 6월 26일 11시,금요일,광주광역시 광산구 송정동,경상사고,0,0,3,0,차대차 - 측면직각충돌,신호위반,건조,흐림,교차로 - 교차로안,승합,남,22세,경상,승용,남,37세,경상
2015062600100321,2015년 6월 26일 11시,금요일,광주광역시 광산구 하남동,경상사고,0,0,2,0,차대차 - 추돌 - 진행중,신호위반,건조,맑음,교차로 - 교차로안,승용,남,39세,경상,화물,남,33세,경상
2015062600100381,2015년 6월 26일 13시,금요일,광주광역시 광산구 장록동,중상사고,0,1,2,0,차대차 - 추돌 - 주정차중,과속,건조,흐림,단일로 - 기타,승용,남,49세,상해없음,승용,여,60세,경상
2015062600100454,2015년 6월 26일 15시,금요일,광주광역시 남구 봉선동,경상사고,0,0,1,0,차대차 - 측면직각충돌,안전운전불이행,건조,맑음,단일로 - 기타,승용,여,54세,상해없음,승용,남,43세,경상
2015062600100489,2015년 6월 26일 16시,금요일,광주광역시 북구 문흥동,경상사고,0,0,1,0,차대사람 - 보도통행중,기타,건조,맑음,단일로 - 기타,자전거,남,10세,기타불명,보행자,남,5세,경상
2015062600100490,2015년 6월 26일 16시,금요일,광주광역시 광산구 비아동,경상사고,0,0,2,0,차대차 - 추돌 - 주정차중,안전운전불이행,건조,맑음,교차로 - 교차로부근,승용,남,60세,상해없음,승용,여,45세,경상
2015062600100609,2015년 6월 26일 19시,금요일,광주광역시 서구 내방동,경상사고,0,0,3,0,차대차 - 측면직각충돌,교차로운행방법위반,건조,맑음,교차로 - 교차로안,승용,여,45세,상해없음,승합,여,45세,경상
2015062600100640,2015년 6월 26일 20시,금요일,광주광역시 광산구 서봉동,경상사고,0,0,3,0,차대차 - 측면직각충돌,안전운전불이행,건조,맑음,단일로 - 기타,승용,남,40세,상해없음,승용,여,55세,경상
2015062600100679,2015년 6월 26일 21시,금요일,광주광역시 서구 치평동,경상사고,0,0,1,0,차대차 - 정면충돌,안전운전불이행,건조,맑음,교차로 - 교차로부근,자전거,남,11세,경상,승용,남,52세,상해없음
2015062600100680,2015년 6월 26일 21시,금요일,광주광역시 광산구 신가동,경상사고,0,0,4,0,차대차 - 측면직각충돌,안전운전불이행,건조,맑음,단일로 - 기타,승용,남,23세,상해없음,승용,여,42세,경상
2015062600100729,2015년 6월 26일 22시,금요일,광주광역시 북구 동림동,경상사고,0,0,1,0,차대차 - 기타,중앙선침범,건조,맑음,단일로 - 기타,승용,남,37세,상해없음,승용,남,39세,경상
2015062600100775,2015년 6월 26일 23시,금요일,광주광역시 서구 내방동,경상사고,0,0,2,0,차대차 - 추돌 - 주정차중,안전운전불이행,건조,맑음,단일로 - 기타,승용,남,31세,상해없음,승용,남,52세,경상
2015062700100026,2015년 6월 27일 00시,토요일,광주광역시 북구 매곡동,경상사고,0,0,2,0,차대차 - 측면직각충돌,안전운전불이행,습기,흐림,교차로 - 교차로안,승용,여,57세,상해없음,승용,남,60세,경상
2015062700100046,2015년 6월 27일 01시,토요일,광주광역시 광산구 수완동,경상사고,0,0,1,0,차대차 - 측면직각충돌,안전운전불이행,건조,맑음,교차로 - 교차로안,승용,여,40세,상해없음,화물,남,47세,경상
2015062700100047,2015년 6월 27일 01시,토요일,광주광역시 광산구 월계동,경상사고,0,0,1,0,차대차 - 추돌 - 진행중,안전운전불이행,건조,맑음,교차로 - 교차로부근,승용,여,46세,상해없음,승용,남,39세,경상
2015062700100077,2015년 6월 27일 02시,토요일,광주광역시 광산구 선암동,경상사고,0,0,1,0,차대차 - 정면충돌,중앙선침범,건조,맑음,교차로 - 교차로부근,승용,남,24세,상해없음,승용,남,23세,상해없음
2015062700100112,2015년 6월 27일 04시,토요일,광주광역시 서구 농성동,경상사고,0,0,1,0,차대차 - 기타,안전운전불이행,건조,맑음,교차로 - 교차로안,승용,남,24세,상해없음,화물,여,33세,경상
2015062700100125,2015년 6월 27일 05시,토요일,광주광역시 서구 화정동,중상사고,0,2,2,0,차대차 - 측면직각충돌,안전운전불이행,건조,맑음,단일로 - 기타,승용,남,55세,중상,승용,남,57세,경상
2015062700100144,2015년 6월 27일 06시,토요일,광주광역시 북구 풍향동,경상사고,0,0,1,0,차대차 - 기타,교차로운행방법위반,건조,맑음,교차로 - 교차로안,승용,남,66세,상해없음,승용,남,73세,경상
2015062700100238,2015년 6월 27일 10시,토요일,광주광역시 동구 산수동,경상사고,0,0,1,0,차대차 - 측면직각충돌,안전운전불이행,건조,맑음,기타 - 기타,화물,남,45세,상해없음,자전거,남,12세,경상
2015062700100239,2015년 6월 27일 10시,토요일,광주광역시 남구 백운동,경상사고,0,0,1,0,차대사람 - 횡단중,신호위반,건조,맑음,단일로 - 횡단보도상,승용,남,52세,상해없음,보행자,여,11세,경상
2015062700100240,2015년 6월 27일 10시,토요일,광주광역시 광산구 월계동,중상사고,0,1,0,0,차대사람 - 횡단중,안전운전불이행,건조,맑음,교차로 - 교차로부근,화물,남,39세,상해없음,보행자,여,77세,중상
2015062700100277,2015년 6월 27일 11시,토요일,광주광역시 서구 광천동,경상사고,0,0,1,0,차대차 - 측면직각충돌,안전거리미확보,건조,맑음,단일로 - 기타,승용,남,79세,상해없음,승용,남,45세,경상
2015062700100278,2015년 6월 27일 11시,토요일,광주광역시 북구 신안동,경상사고,0,0,2,0,차대차 - 정면충돌,안전운전불이행,건조,맑음,단일로 - 기타,승용,남,45세,상해없음,승용,여,35세,경상
2015062700100311,2015년 6월 27일 12시,토요일,광주광역시 광산구 수완동,중상사고,0,1,0,0,차대사람 - 횡단중,안전운전불이행,건조,흐림,단일로 - 기타,승용,남,65세,상해없음,보행자,남,26세,중상
2015062700100345,2015년 6월 27일 13시,토요일,광주광역시 광산구 월곡동,경상사고,0,0,2,0,차대차 - 추돌 - 주정차중,안전운전불이행,습기,비,교차로 - 교차로부근,승용,여,28세,상해없음,승용,여,51세,경상
2015062700100382,2015년 6월 27일 14시,토요일,광주광역시 동구 소태동,경상사고,0,0,2,0,차대차 - 추돌 - 주정차중,안전운전불이행,건조,맑음,단일로 - 기타,승용,여,24세,상해없음,승용,남,32세,경상
2015062700100418,2015년 6월 27일 15시,토요일,광주광역시 서구 쌍촌동,경상사고,0,0,2,0,차대차 - 측면직각충돌,안전운전불이행,건조,맑음,기타 - 기타,화물,남,22세,상해없음,승용,남,30세,경상
2015062700100419,2015년 6월 27일 15시,토요일,광주광역시 북구 중흥동,경상사고,0,0,1,0,차대차 - 측면직각충돌,교차로운행방법위반,건조,맑음,교차로 - 교차로안,승용,남,76세,상해없음,원동기,남,69세,경상
2015062700100471,2015년 6월 27일 16시,토요일,광주광역시 서구 풍암동,중상사고,0,1,0,0,차량단독 - 도로외이탈 - 기타,안전운전불이행,건조,맑음,단일로 - 기타,이륜,남,43세,중상,,,,
2015062700100472,2015년 6월 27일 16시,토요일,광주광역시 남구 화장동,중상사고,0,1,0,0,차대차 - 측면직각충돌,안전운전불이행,건조,맑음,교차로 - 교차로안,승용,여,52세,상해없음,자전거,남,63세,중상
2015062700100508,2015년 6월 27일 17시,토요일,광주광역시 서구 금호동,경상사고,0,0,1,0,차대차 - 측면직각충돌,안전운전불이행,건조,맑음,단일로 - 기타,승용,여,42세,상해없음,승용,남,40세,경상
2015062700100509,2015년 6월 27일 17시,토요일,광주광역시 북구 용두동,경상사고,0,0,1,0,차대사람 - 차도통행중,안전운전불이행,건조,맑음,단일로 - 기타,승용,남,46세,상해없음,보행자,여,5세,경상
2015062700100510,2015년 6월 27일 17시,토요일,광주광역시 북구 운암동,경상사고,0,0,1,0,차대차 - 추돌 - 진행중,안전거리미확보,건조,흐림,단일로 - 기타,승용,남,29세,상해없음,승용,남,57세,경상
2015062700100585,2015년 6월 27일 19시,토요일,광주광역시 서구 쌍촌동,중상사고,0,1,0,0,차대사람 - 횡단중,안전운전불이행,건조,맑음,단일로 - 기타,승용,남,54세,상해없음,보행자,남,31세,중상
2015062700100613,2015년 6월 27일 20시,토요일,광주광역시 서구 화정동,경상사고,0,0,1,0,차대차 - 측면직각충돌,안전거리미확보,건조,맑음,단일로 - 기타,승용,남,59세,상해없음,승용,남,66세,경상
2015062700100614,2015년 6월 27일 20시,토요일,광주광역시 광산구 하남동,경상사고,0,0,2,0,차대차 - 측면직각충돌,안전운전불이행,건조,맑음,단일로 - 기타,승용,남,49세,상해없음,자전거,남,13세,경상
2015062700100687,2015년 6월 27일 22시,토요일,광주광역시 북구 두암동,경상사고,0,0,2,0,차대차 - 추돌 - 주정차중,안전운전불이행,건조,맑음,단일로 - 기타,승용,여,23세,상해없음,승용,남,24세,경상
2015062700100718,2015년 6월 27일 23시,토요일,광주광역시 서구 쌍촌동,경상사고,0,0,1,0,차대차 - 측면직각충돌,안전운전불이행,건조,흐림,단일로 - 기타,승용,남,30세,상해없음,승용,남,19세,상해없음
2015062700100719,2015년 6월 27일 23시,토요일,광주광역시 광산구 수완동,경상사고,0,0,4,0,차대차 - 추돌 - 주정차중,안전운전불이행,습기,비,교차로 - 교차로부근,승용,남,43세,상해없음,승용,여,38세,경상
2015062800100046,2015년 6월 28일 01시,일요일,광주광역시 서구 금호동,경상사고,0,0,1,0,차대차 - 추돌 - 주정차중,안전운전불이행,건조,맑음,단일로 - 기타,승용,남,63세,상해없음,승용,남,51세,경상
2015062800100068,2015년 6월 28일 02시,일요일,광주광역시 서구 풍암동,경상사고,0,0,1,0,차대차 - 추돌 - 주정차중,안전운전불이행,건조,맑음,교차로 - 교차로부근,기타불명,기타불명,기타불명,기타불명,승용,남,42세,경상
2015062800100098,2015년 6월 28일 04시,일요일,광주광역시 북구 용봉동,경상사고,0,0,4,0,차대차 - 측면직각충돌,안전운전불이행,건조,맑음,교차로 - 교차로안,승용,남,26세,경상,승용,남,21세,경상
2015062800100107,2015년 6월 28일 05시,일요일,광주광역시 서구 쌍촌동,경상사고,0,0,1,0,차대차 - 측면직각충돌,교차로운행방법위반,건조,맑음,교차로 - 교차로안,승용,남,29세,상해없음,승용,남,52세,경상
2015062800100108,2015년 6월 28일 05시,일요일,광주광역시 북구 각화동,경상사고,0,0,1,0,차대차 - 측면직각충돌,불법유턴,건조,맑음,단일로 - 기타,승용,남,25세,상해없음,승용,여,26세,경상
2015062800100121,2015년 6월 28일 06시,일요일,광주광역시 광산구 신창동,경상사고,0,0,3,0,차대차 - 추돌 - 진행중,교차로운행방법위반,건조,맑음,교차로 - 교차로안,승용,남,24세,경상,승용,여,28세,경상
2015062800100143,2015년 6월 28일 08시,일요일,광주광역시 서구 금호동,경상사고,0,0,2,0,차대차 - 측면직각충돌,신호위반,건조,맑음,교차로 - 교차로부근,승용,남,25세,상해없음,승용,남,42세,경상
2015062800100144,2015년 6월 28일 08시,일요일,광주광역시 북구 연제동,경상사고,0,0,2,0,차대차 - 측면직각충돌,신호위반,건조,맑음,교차로 - 교차로안,승용,남,48세,상해없음,승용,남,34세,경상
2015062800100145,2015년 6월 28일 08시,일요일,광주광역시 광산구 월곡동,경상사고,0,0,2,0,차대차 - 추돌 - 주정차중,안전운전불이행,습기,맑음,단일로 - 기타,승용,여,41세,상해없음,승합,남,56세,경상
2015062800100165,2015년 6월 28일 09시,일요일,광주광역시 북구 용봉동,경상사고,0,0,1,0,차대차 - 측면직각충돌,교차로운행방법위반,건조,맑음,교차로 - 교차로안,승용,남,46세,상해없음,승용,남,48세,경상
2015062800100196,2015년 6월 28일 11시,일요일,광주광역시 서구 마륵동,경상사고,0,0,1,0,차대차 - 측면직각충돌,안전거리미확보,건조,맑음,단일로 - 기타,화물,남,30세,상해없음,승용,여,58세,경상
2015062800100258,2015년 6월 28일 14시,일요일,광주광역시 동구 산수동,경상사고,0,0,4,0,차대차 - 측면직각충돌,중앙선침범,건조,맑음,단일로 - 기타,승용,남,19세,상해없음,승용,남,46세,경상
2015062800100259,2015년 6월 28일 14시,일요일,광주광역시 광산구 하남동,경상사고,0,0,3,0,차대차 - 측면직각충돌,안전운전불이행,건조,맑음,교차로 - 교차로안,승용,여,44세,상해없음,승용,남,54세,경상
2015062800100289,2015년 6월 28일 15시,일요일,광주광역시 북구 삼각동,경상사고,0,0,1,0,차대사람 - 기타,안전운전불이행,건조,맑음,단일로 - 기타,승용,남,54세,상해없음,보행자,남,7세,경상
2015062800100290,2015년 6월 28일 15시,일요일,광주광역시 광산구 신가동,경상사고,0,0,1,0,차대차 - 추돌 - 진행중,안전거리미확보,건조,맑음,단일로 - 기타,승용,남,45세,상해없음,승용,남,42세,경상
2015062800100348,2015년 6월 28일 17시,일요일,광주광역시 서구 광천동,경상사고,0,0,1,0,차대차 - 추돌 - 주정차중,중앙선침범,건조,맑음,단일로 - 기타,자전거,남,55세,경상,승용,여,38세,기타불명
2015062800100349,2015년 6월 28일 17시,일요일,광주광역시 북구 용봉동,경상사고,0,0,1,0,차대사람 - 보도통행중,기타,건조,맑음,단일로 - 기타,이륜,남,62세,상해없음,보행자,여,2세,경상
2015062800100422,2015년 6월 28일 20시,일요일,광주광역시 남구 양림동,경상사고,0,0,1,0,차대사람 - 차도통행중,안전운전불이행,건조,맑음,단일로 - 기타,승용,남,42세,상해없음,보행자,남,32세,경상
2015062800100444,2015년 6월 28일 21시,일요일,광주광역시 북구 각화동,경상사고,0,0,4,0,차대차 - 측면직각충돌,신호위반,건조,맑음,교차로 - 교차로안,승용,남,24세,상해없음,승용,남,18세,경상
2015062800100466,2015년 6월 28일 22시,일요일,광주광역시 동구 동명동,경상사고,0,0,3,0,차대차 - 측면직각충돌,중앙선침범,건조,맑음,단일로 - 기타,승용,여,35세,상해없음,승용,남,58세,경상
2015062800100481,2015년 6월 28일 23시,일요일,광주광역시 남구 노대동,경상사고,0,0,1,0,차대사람 - 기타,안전운전불이행,건조,맑음,단일로 - 기타,승용,남,29세,기타불명,보행자,여,28세,경상
2015062900100013,2015년 6월 29일 00시,월요일,광주광역시 남구 주월동,경상사고,0,0,2,0,차대차 - 측면직각충돌,중앙선침범,건조,맑음,단일로 - 횡단보도상,자전거,남,14세,경상,승용,남,39세,상해없음
2015062900100022,2015년 6월 29일 01시,월요일,광주광역시 서구 쌍촌동,중상사고,0,1,0,0,차대차 - 추돌 - 진행중,교차로운행방법위반,건조,맑음,교차로 - 교차로부근,승용,남,32세,상해없음,원동기,남,21세,중상
2015062900100030,2015년 6월 29일 02시,월요일,광주광역시 동구 동명동,중상사고,0,1,0,0,차량단독 - 공작물충돌,안전운전불이행,건조,맑음,단일로 - 기타,승용,남,24세,중상,,,,
2015062900100041,2015년 6월 29일 04시,월요일,광주광역시 북구 각화동,경상사고,0,0,2,0,차대차 - 기타,안전운전불이행,건조,맑음,단일로 - 기타,승용,남,53세,상해없음,승용,여,30세,경상
2015062900100042,2015년 6월 29일 04시,월요일,광주광역시 광산구 서봉동,경상사고,0,0,1,0,차량단독 - 전도전복,안전운전불이행,건조,맑음,단일로 - 기타,원동기,남,17세,기타불명,,,,
2015062900100069,2015년 6월 29일 06시,월요일,광주광역시 광산구 신가동,경상사고,0,0,1,0,차대차 - 측면직각충돌,신호위반,건조,맑음,교차로 - 교차로안,승용,남,40세,상해없음,승용,남,45세,경상
2015062900100140,2015년 6월 29일 08시,월요일,광주광역시 북구 일곡동,경상사고,0,0,1,0,차대차 - 추돌 - 주정차중,안전거리미확보,건조,맑음,단일로 - 기타,승용,남,52세,상해없음,승용,여,38세,경상
2015062900100209,2015년 6월 29일 10시,월요일,광주광역시 서구 농성동,경상사고,0,0,2,0,차대차 - 측면직각충돌,안전운전불이행,건조,맑음,단일로 - 기타,승용,여,49세,상해없음,승용,남,36세,경상
2015062900100210,2015년 6월 29일 10시,월요일,광주광역시 남구 주월동,경상사고,0,0,2,0,차대차 - 측면직각충돌,신호위반,건조,맑음,교차로 - 교차로안,승용,여,45세,상해없음,승용,남,58세,경상
2015062900100247,2015년 6월 29일 11시,월요일,광주광역시 서구 쌍촌동,경상사고,0,0,1,0,차대차 - 측면직각충돌,안전운전불이행,건조,맑음,교차로 - 교차로안,승용,남,64세,상해없음,승용,여,28세,상해없음
2015062900100248,2015년 6월 29일 11시,월요일,광주광역시 북구 용봉동,경상사고,0,0,1,0,차대사람 - 길가장자리구역통행중,안전운전불이행,건조,맑음,단일로 - 기타,승용,남,31세,상해없음,보행자,남,60세,경상
2015062900100280,2015년 6월 29일 12시,월요일,광주광역시 광산구 신가동,경상사고,0,0,1,0,차대차 - 추돌 - 주정차중,안전운전불이행,건조,흐림,단일로 - 기타,승용,여,34세,상해없음,승용,여,31세,경상
2015062900100363,2015년 6월 29일 14시,월요일,광주광역시 서구 금호동,경상사고,0,0,2,0,차대차 - 추돌 - 주정차중,안전운전불이행,건조,맑음,단일로 - 기타,승용,여,37세,상해없음,승용,여,53세,경상
2015062900100364,2015년 6월 29일 14시,월요일,광주광역시 광산구 수완동,중상사고,0,1,0,0,차대사람 - 횡단중,보행자보호의무위반,건조,맑음,단일로 - 기타,승합,남,54세,상해없음,보행자,여,7세,중상
2015062900100413,2015년 6월 29일 15시,월요일,광주광역시 서구 쌍촌동,중상사고,0,1,0,0,차대차 - 측면직각충돌,직진우회전진행방해,건조,맑음,교차로 - 교차로안,승용,남,53세,상해없음,자전거,남,11세,중상
2015062900100414,2015년 6월 29일 15시,월요일,광주광역시 북구 각화동,경상사고,0,0,1,0,차대차 - 추돌 - 진행중,안전운전불이행,건조,맑음,단일로 - 기타,승용,남,58세,상해없음,승용,남,42세,경상
2015062900100458,2015년 6월 29일 16시,월요일,광주광역시 동구 학동,경상사고,0,0,1,0,차대차 - 측면직각충돌,중앙선침범,건조,맑음,교차로 - 교차로안,자전거,남,64세,경상,승용,남,61세,상해없음
2015062900100459,2015년 6월 29일 16시,월요일,광주광역시 서구 화정동,경상사고,0,0,1,0,차대사람 - 길가장자리구역통행중,기타,건조,맑음,교차로 - 교차로부근,승용,여,56세,상해없음,보행자,남,7세,경상
2015062900100460,2015년 6월 29일 16시,월요일,광주광역시 서구 치평동,경상사고,0,0,1,0,차대차 - 추돌 - 주정차중,안전운전불이행,건조,맑음,단일로 - 기타,승합,남,38세,상해없음,승용,남,43세,경상
2015062900100461,2015년 6월 29일 16시,월요일,광주광역시 광산구 도산동,경상사고,0,0,1,0,차대사람 - 차도통행중,안전운전불이행,건조,흐림,단일로 - 기타,승용,여,46세,상해없음,보행자,여,37세,상해없음
2015062900100505,2015년 6월 29일 17시,월요일,광주광역시 남구 송하동,경상사고,0,0,2,0,차대차 - 기타,기타,건조,맑음,단일로 - 기타,화물,남,35세,상해없음,승용,남,55세,경상
2015062900100506,2015년 6월 29일 17시,월요일,광주광역시 광산구 쌍암동,경상사고,0,0,1,0,차대차 - 추돌 - 주정차중,안전운전불이행,건조,맑음,교차로 - 교차로부근,승용,남,46세,상해없음,승용,남,33세,경상
2015062900100548,2015년 6월 29일 18시,월요일,광주광역시 북구 삼각동,경상사고,0,0,1,0,차대사람 - 차도통행중,안전운전불이행,건조,맑음,교차로 - 교차로부근,승용,여,34세,상해없음,보행자,여,49세,경상
2015062900100549,2015년 6월 29일 18시,월요일,광주광역시 광산구 장덕동,경상사고,0,0,1,0,차대차 - 측면직각충돌,신호위반,건조,맑음,교차로 - 교차로안,승용,남,29세,상해없음,승용,남,32세,경상
2015062900100592,2015년 6월 29일 19시,월요일,광주광역시 북구 운암동,경상사고,0,0,1,0,차대사람 - 기타,중앙선침범,건조,맑음,단일로 - 기타,자전거,남,67세,경상,보행자,남,37세,상해없음
2015062900100593,2015년 6월 29일 19시,월요일,광주광역시 광산구 임곡동,중상사고,0,1,0,0,차대차 - 측면직각충돌,안전운전불이행,건조,맑음,교차로 - 교차로부근,원동기,여,50세,상해없음,원동기,남,76세,중상
2015062900100657,2015년 6월 29일 21시,월요일,광주광역시 서구 금호동,경상사고,0,0,2,0,차대차 - 추돌 - 주정차중,안전운전불이행,건조,맑음,교차로 - 교차로부근,승용,여,28세,상해없음,승용,남,29세,경상
2015062900100719,2015년 6월 29일 23시,월요일,광주광역시 남구 방림동,경상사고,0,0,1,0,차대차 - 추돌 - 진행중,안전운전불이행,건조,맑음,단일로 - 기타,승용,남,33세,상해없음,승용,남,61세,상해없음
2015063000100047,2015년 6월 30일 02시,화요일,광주광역시 서구 쌍촌동,경상사고,0,0,2,0,차대사람 - 차도통행중,안전운전불이행,건조,맑음,단일로 - 기타,이륜,남,25세,경상,보행자,여,69세,경상
2015063000100066,2015년 6월 30일 04시,화요일,광주광역시 북구 각화동,경상사고,0,0,2,0,차대차 - 추돌 - 진행중,안전운전불이행,건조,맑음,단일로 - 기타,승용,여,44세,경상,승용,남,33세,경상
2015063000100146,2015년 6월 30일 08시,화요일,광주광역시 동구 충장로5가,경상사고,0,0,1,0,차대사람 - 횡단중,보행자보호의무위반,습기,비,단일로 - 횡단보도상,승용,남,66세,상해없음,보행자,여,50세,경상