사고번호,사고일시,요일,시군구,사고내용,사망자수,중상자수,경상자수,부상신고자수,사고유형,법규위반,노면상태,기상상태,도로형태,가해운전자 차종,가해운전자 성별,가해운전자 연령,가해운전자 상해정도,피해운전자 차종,피해운전자 성별,피해운전자 연령,피해운전자 상해정도
2015063000100147,2015년 6월 30일 08시,화요일,광주광역시 북구 용봉동,경상사고,0,0,2,0,차대차 - 측면직각충돌,안전운전불이행,건조,맑음,단일로 - 기타,승용,남,35세,상해없음,승용,남,64세,경상
2015063000100148,2015년 6월 30일 08시,화요일,광주광역시 광산구 수완동,경상사고,0,0,1,0,차대차 - 추돌 - 진행중,안전거리미확보,건조,맑음,단일로 - 기타,승용,여,23세,상해없음,승합,남,33세,상해없음
2015063000100149,2015년 6월 30일 08시,화요일,광주광역시 광산구 신창동,중상사고,0,1,0,0,차대차 - 추돌 - 주정차중,안전운전불이행,건조,맑음,단일로 - 기타,승용,남,51세,상해없음,승합,남,46세,상해없음
2015063000100217,2015년 6월 30일 10시,화요일,광주광역시 광산구 우산동,경상사고,0,0,1,0,차대차 - 추돌 - 주정차중,안전운전불이행,건조,맑음,단일로 - 기타,승용,남,33세,상해없음,승용,여,35세,경상
2015063000100246,2015년 6월 30일 11시,화요일,광주광역시 광산구 도천동,경상사고,0,0,2,0,차대차 - 측면직각충돌,신호위반,건조,맑음,교차로 - 교차로안,승용,여,54세,경상,승용,남,43세,경상
2015063000100247,2015년 6월 30일 11시,화요일,광주광역시 광산구 수완동,경상사고,0,0,2,0,차대차 - 측면직각충돌,안전거리미확보,습기,비,교차로 - 교차로부근,승용,여,36세,경상,화물,남,52세,경상
2015063000100280,2015년 6월 30일 12시,화요일,광주광역시 광산구 신가동,경상사고,0,0,1,0,차대차 - 측면직각충돌,신호위반,습기,비,교차로 - 교차로안,이륜,남,34세,경상,승용,여,42세,상해없음
2015063000100300,2015년 6월 30일 13시,화요일,광주광역시 북구 중흥동,경상사고,0,0,1,0,차대차 - 측면직각충돌,안전운전불이행,습기,비,기타 - 기타,승용,여,29세,상해없음,승합,남,53세,경상
2015063000100361,2015년 6월 30일 15시,화요일,광주광역시 서구 화정동,경상사고,0,0,3,0,차대차 - 측면직각충돌,차로위반,건조,맑음,단일로 - 기타,승용,남,50세,경상,승용,여,45세,경상
2015063000100362,2015년 6월 30일 15시,화요일,광주광역시 북구 신안동,경상사고,0,0,1,0,차대차 - 추돌 - 진행중,교차로운행방법위반,건조,맑음,교차로 - 교차로안,승용,남,60세,상해없음,승용,남,68세,상해없음
2015063000100401,2015년 6월 30일 16시,화요일,광주광역시 동구 운림동,경상사고,0,0,1,0,차대차 - 기타,중앙선침범,습기,비,단일로 - 기타,승용,남,54세,기타불명,승용,남,56세,상해없음
2015063000100402,2015년 6월 30일 16시,화요일,광주광역시 동구 금남로1가,경상사고,0,0,1,0,차대차 - 기타,안전거리미확보,습기,비,단일로 - 기타,승용,남,61세,상해없음,승용,남,61세,경상
2015063000100403,2015년 6월 30일 16시,화요일,광주광역시 광산구 송정동,경상사고,0,0,1,1,차대차 - 정면충돌,신호위반,건조,맑음,교차로 - 교차로안,승용,여,47세,부상신고,승용,여,39세,경상
2015063000100404,2015년 6월 30일 16시,화요일,광주광역시 광산구 수완동,경상사고,0,0,1,0,차대차 - 추돌 - 주정차중,안전운전불이행,습기,비,교차로 - 교차로부근,승용,남,30세,상해없음,화물,남,58세,경상
2015063000100433,2015년 6월 30일 17시,화요일,광주광역시 북구 신안동,중상사고,0,1,0,0,차대사람 - 기타,보행자보호의무위반,건조,맑음,단일로 - 횡단보도상,승용,남,20세,상해없음,보행자,여,13세,중상
2015063000100522,2015년 6월 30일 19시,화요일,광주광역시 서구 쌍촌동,경상사고,0,0,1,0,차대차 - 추돌 - 주정차중,안전거리미확보,건조,흐림,단일로 - 기타,승용,남,18세,상해없음,승용,여,42세,경상
2015063000100523,2015년 6월 30일 19시,화요일,광주광역시 북구 용봉동,경상사고,0,0,1,0,차대차 - 추돌 - 진행중,안전운전불이행,습기,비,교차로 - 교차로안,승용,남,67세,상해없음,승용,남,43세,경상
2015063000100524,2015년 6월 30일 19시,화요일,광주광역시 광산구 신창동,경상사고,0,0,1,0,차대차 - 측면직각충돌,안전운전불이행,건조,맑음,단일로 - 기타,승용,여,44세,기타불명,승용,여,46세,상해없음
2015063000100607,2015년 6월 30일 21시,화요일,광주광역시 서구 쌍촌동,경상사고,0,0,1,0,차대차 - 추돌 - 주정차중,안전운전불이행,습기,비,교차로 - 교차로부근,승용,남,54세,기타불명,이륜,남,32세,경상
2015063000100608,2015년 6월 30일 21시,화요일,광주광역시 남구 구동,경상사고,0,0,1,0,차대차 - 측면직각충돌,신호위반,습기,흐림,교차로 - 교차로안,승용,남,60세,상해없음,승용,여,34세,경상
2015063000100609,2015년 6월 30일 21시,화요일,광주광역시 광산구 운남동,경상사고,0,0,1,0,차대차 - 추돌 - 주정차중,안전운전불이행,건조,맑음,교차로 - 교차로부근,승용,남,40세,상해없음,승용,남,33세,경상
2015063000100610,2015년 6월 30일 21시,화요일,광주광역시 광산구 운수동,경상사고,0,0,2,0,차대차 - 측면직각충돌,안전거리미확보,습기,비,단일로 - 기타,승용,남,34세,상해없음,승용,여,52세,경상
2015063000100645,2015년 6월 30일 22시,화요일,광주광역시 광산구 산월동,경상사고,0,0,3,0,차대차 - 추돌 - 주정차중,안전운전불이행,건조,맑음,단일로 - 기타,승용,남,45세,상해없음,승합,남,57세,경상
2015063000100694,2015년 6월 30일 23시,화요일,광주광역시 서구 치평동,경상사고,0,0,1,0,차대차 - 측면직각충돌,안전거리미확보,건조,맑음,단일로 - 기타,승용,남,44세,상해없음,이륜,남,34세,경상
2015070100100020,2015년 7월 1일 00시,수요일,광주광역시 광산구 비아동,경상사고,0,0,2,0,차대차 - 측면직각충돌,신호위반,건조,맑음,교차로 - 교차로안,승용,남,24세,경상,화물,남,48세,경상
2015070100100040,2015년 7월 1일 01시,수요일,광주광역시 북구 용봉동,경상사고,0,0,1,0,차대차 - 기타,안전거리미확보,습기,맑음,단일로 - 기타,승용,남,27세,상해없음,승용,남,52세,경상
2015070100100041,2015년 7월 1일 01시,수요일,광주광역시 광산구 비아동,경상사고,0,0,2,0,차대차 - 측면직각충돌,안전운전불이행,건조,흐림,교차로 - 교차로부근,승용,남,29세,상해없음,승용,남,49세,경상
2015070100100058,2015년 7월 1일 02시,수요일,광주광역시 서구 마륵동,사망사고,1,2,1,0,차대차 - 측면직각충돌,기타,건조,맑음,단일로 - 기타,승용,남,21세,중상,승용,남,30세,중상
2015070100100096,2015년 7월 1일 06시,수요일,광주광역시 서구 쌍촌동,경상사고,0,0,2,0,차대차 - 측면직각충돌,안전운전불이행,건조,맑음,단일로 - 기타,승용,기타불명,기타불명,기타불명,승용,남,53세,경상
2015070100100194,2015년 7월 1일 09시,수요일,광주광역시 서구 화정동,경상사고,0,0,1,0,차대사람 - 횡단중,안전운전불이행,건조,맑음,교차로 - 교차로부근,승용,남,66세,상해없음,보행자,남,58세,경상
2015070100100195,2015년 7월 1일 09시,수요일,광주광역시 서구 동천동,경상사고,0,0,2,0,차대차 - 측면직각충돌,안전운전불이행,습기,비,교차로 - 교차로부근,승용,남,58세,상해없음,승용,여,26세,경상
2015070100100222,2015년 7월 1일 10시,수요일,광주광역시 북구 임동,중상사고,0,2,2,0,차대차 - 측면직각충돌,안전운전불이행,건조,맑음,교차로 - 교차로부근,승용,남,45세,경상,화물,남,31세,경상
2015070100100223,2015년 7월 1일 10시,수요일,광주광역시 북구 삼각동,경상사고,0,0,1,0,차대차 - 측면직각충돌,안전운전불이행,건조,맑음,교차로 - 교차로안,원동기,남,54세,경상,건설기계,남,45세,기타불명
2015070100100284,2015년 7월 1일 12시,수요일,광주광역시 서구 치평동,중상사고,0,1,2,0,차대차 - 추돌 - 진행중,안전거리미확보,건조,맑음,교차로 - 교차로안,승합,남,56세,상해없음,승용,남,58세,상해없음
2015070100100371,2015년 7월 1일 15시,수요일,광주광역시 서구 매월동,사망사고,1,0,0,0,차대차 - 추돌 - 진행중,안전운전불이행,건조,맑음,단일로 - 기타,승합,남,81세,상해없음,자전거,남,58세,사망
2015070100100372,2015년 7월 1일 15시,수요일,광주광역시 서구 풍암동,중상사고,0,1,1,0,차량단독 - 공작물충돌,안전운전불이행,건조,맑음,단일로 - 기타,승용,남,22세,경상,,,,
2015070100100422,2015년 7월 1일 16시,수요일,광주광역시 광산구 운남동,경상사고,0,0,1,0,차대사람 - 기타,안전운전불이행,기타,맑음,기타 - 기타,승용,남,78세,상해없음,보행자,남,6세,경상
2015070100100467,2015년 7월 1일 17시,수요일,광주광역시 북구 대촌동,경상사고,0,0,2,0,차대차 - 추돌 - 진행중,안전운전불이행,건조,맑음,기타 - 기타,승용,남,64세,상해없음,승용,여,43세,경상
2015070100100539,2015년 7월 1일 19시,수요일,광주광역시 서구 쌍촌동,사망사고,1,0,0,0,차대사람 - 길가장자리구역통행중,안전운전불이행,건조,맑음,교차로 - 교차로부근,이륜,남,22세,상해없음,보행자,여,64세,사망
2015070100100540,2015년 7월 1일 19시,수요일,광주광역시 남구 봉선동,경상사고,0,0,1,0,차대차 - 추돌 - 주정차중,안전운전불이행,건조,맑음,단일로 - 기타,기타불명,기타불명,기타불명,기타불명,승용,남,47세,경상
2015070100100541,2015년 7월 1일 19시,수요일,광주광역시 광산구 신창동,경상사고,0,0,1,0,차대차 - 추돌 - 진행중,안전운전불이행,건조,맑음,단일로 - 횡단보도상,승용,기타불명,기타불명,기타불명,자전거,남,12세,경상
2015070100100660,2015년 7월 1일 23시,수요일,광주광역시 동구 계림동,경상사고,0,0,4,0,차대차 - 측면직각충돌,안전거리미확보,기타,흐림,단일로 - 기타,승용,남,68세,기타불명,승용,여,50세,경상
2015070100100661,2015년 7월 1일 23시,수요일,광주광역시 남구 사동,경상사고,0,0,1,0,차대차 - 측면직각충돌,안전운전불이행,건조,맑음,단일로 - 기타,승용,남,65세,상해없음,승용,여,48세,경상
2015070200100018,2015년 7월 2일 00시,목요일,광주광역시 서구 쌍촌동,경상사고,0,0,5,0,차대차 - 추돌 - 진행중,신호위반,건조,맑음,교차로 - 교차로안,승용,남,56세,경상,승용,남,42세,경상
2015070200100019,2015년 7월 2일 00시,목요일,광주광역시 북구 두암동,경상사고,0,0,1,0,차대차 - 추돌 - 진행중,중앙선침범,건조,맑음,단일로 - 기타,승용,여,64세,상해없음,이륜,남,18세,경상
2015070200100020,2015년 7월 2일 00시,목요일,광주광역시 북구 각화동,중상사고,0,1,0,0,차대사람 - 횡단중,신호위반,건조,맑음,단일로 - 횡단보도상,승용,남,57세,상해없음,보행자,남,48세,중상
2015070200100200,2015년 7월 2일 09시,목요일,광주광역시 북구 신안동,경상사고,0,0,3,0,차대차 - 기타,교차로운행방법위반,건조,맑음,교차로 - 교차로부근,승용,남,64세,경상,승용,여,42세,경상
2015070200100225,2015년 7월 2일 10시,목요일,광주광역시 서구 치평동,경상사고,0,0,1,0,차대차 - 기타,교차로운행방법위반,건조,맑음,교차로 - 교차로안,승용,남,59세,상해없음,승용,여,55세,경상
2015070200100243,2015년 7월 2일 11시,목요일,광주광역시 광산구 흑석동,경상사고,0,0,3,0,차대차 - 정면충돌,중앙선침범,건조,맑음,교차로 - 교차로부근,화물,남,38세,상해없음,화물,남,46세,경상
2015070200100297,2015년 7월 2일 13시,목요일,광주광역시 서구 농성동,경상사고,0,0,1,0,차대차 - 측면직각충돌,안전거리미확보,건조,맑음,교차로 - 교차로안,승용,여,39세,상해없음,승용,남,41세,경상
2015070200100298,2015년 7월 2일 13시,목요일,광주광역시 남구 월산동,경상사고,0,0,4,0,차대차 - 추돌 - 진행중,안전거리미확보,건조,맑음,기타 - 기타,승용,남,46세,상해없음,승용,남,45세,상해없음
2015070200100334,2015년 7월 2일 14시,목요일,광주광역시 광산구 옥동,경상사고,0,0,1,0,차대사람 - 길가장자리구역통행중,안전운전불이행,건조,맑음,단일로 - 기타,승용,여,49세,상해없음,보행자,남,33세,경상
2015070200100335,2015년 7월 2일 14시,목요일,광주광역시 광산구 우산동,경상사고,0,0,1,0,차대사람 - 기타,교차로운행방법위반,건조,맑음,교차로 - 교차로부근,화물,남,34세,상해없음,보행자,여,80세,경상
2015070200100361,2015년 7월 2일 15시,목요일,광주광역시 동구 수기동,경상사고,0,0,1,0,차대차 - 기타,안전운전불이행,건조,맑음,기타 - 기타,승용,여,41세,상해없음,승합,남,43세,상해없음
2015070200100362,2015년 7월 2일 15시,목요일,광주광역시 광산구 신창동,경상사고,0,0,1,0,차대차 - 측면직각충돌,안전운전불이행,건조,맑음,단일로 - 기타,승용,여,33세,상해없음,원동기,남,24세,경상
2015070200100439,2015년 7월 2일 17시,목요일,광주광역시 서구 쌍촌동,경상사고,0,0,1,0,차대사람 - 차도통행중,안전운전불이행,건조,맑음,단일로 - 기타,승용,여,58세,상해없음,보행자,남,58세,경상
2015070200100440,2015년 7월 2일 17시,목요일,광주광역시 북구 운암동,중상사고,0,1,0,0,차대사람 - 횡단중,안전운전불이행,건조,맑음,단일로 - 기타,승용,여,45세,상해없음,보행자,남,17세,중상
2015070200100441,2015년 7월 2일 17시,목요일,광주광역시 북구 우산동,중상사고,0,1,0,0,차대사람 - 기타,안전운전불이행,건조,맑음,단일로 - 횡단보도상,승용,여,45세,상해없음,보행자,남,34세,중상
2015070200100481,2015년 7월 2일 18시,목요일,광주광역시 북구 운암동,경상사고,0,0,2,0,차대차 - 측면직각충돌,안전거리미확보,건조,맑음,단일로 - 기타,승용,여,46세,경상,승용,여,23세,경상
2015070200100536,2015년 7월 2일 20시,목요일,광주광역시 광산구 산정동,중상사고,0,1,0,0,차대차 - 정면충돌,안전운전불이행,건조,맑음,단일로 - 기타,승용,남,33세,상해없음,이륜,남,35세,중상
2015070200100573,2015년 7월 2일 21시,목요일,광주광역시 서구 치평동,중상사고,0,1,0,0,차대사람 - 횡단중,보행자보호의무위반,건조,흐림,교차로 - 교차로안,승합,남,54세,상해없음,보행자,여,58세,중상
2015070200100574,2015년 7월 2일 21시,목요일,광주광역시 북구 용봉동,경상사고,0,0,3,0,차대차 - 기타,안전거리미확보,건조,맑음,단일로 - 기타,승용,여,29세,상해없음,이륜,남,25세,경상
2015070200100606,2015년 7월 2일 22시,목요일,광주광역시 북구 누문동,중상사고,0,1,1,0,차대사람 - 횡단중,신호위반,건조,맑음,단일로 - 횡단보도상,승용,남,51세,상해없음,보행자,남,57세,경상
2015070200100607,2015년 7월 2일 22시,목요일,광주광역시 북구 용봉동,경상사고,0,0,2,0,차대차 - 측면직각충돌,직진우회전진행방해,건조,맑음,교차로 - 교차로안,승용,여,27세,상해없음,승용,남,59세,경상
2015070200100640,2015년 7월 2일 23시,목요일,광주광역시 북구 두암동,경상사고,0,0,1,0,차대차 - 측면직각충돌,중앙선침범,건조,맑음,단일로 - 기타,자전거,남,22세,경상,승용,남,55세,상해없음
2015070300100034,2015년 7월 3일 01시,금요일,광주광역시 광산구 산월동,경상사고,0,0,1,0,차대차 - 정면충돌,안전거리미확보,건조,맑음,단일로 - 기타,승용,남,21세,상해없음,승용,남,53세,경상
2015070300100053,2015년 7월 3일 04시,금요일,광주광역시 북구 운암동,중상사고,0,1,0,0,차량단독 - 공작물충돌,안전운전불이행,건조,맑음,미분류 - 미분류,승용,남,57세,중상,,,,
2015070300100140,2015년 7월 3일 08시,금요일,광주광역시 남구 임암동,경상사고,0,0,2,0,차대차 - 측면직각충돌,안전거리미확보,건조,맑음,단일로 - 기타,승용,남,71세,상해없음,승용,남,37세,경상
2015070300100171,2015년 7월 3일 09시,금요일,광주광역시 북구 누문동,경상사고,0,0,1,0,차대차 - 측면직각충돌,기타,건조,맑음,단일로 - 기타,화물,남,28세,상해없음,승용,여,45세,경상
2015070300100217,2015년 7월 3일 11시,금요일,광주광역시 광산구 수완동,경상사고,0,0,4,0,차대차 - 기타,교차로운행방법위반,건조,맑음,교차로 - 교차로안,승용,남,60세,경상,화물,남,52세,경상
2015070300100250,2015년 7월 3일 12시,금요일,광주광역시 동구 대인동,중상사고,0,1,1,0,차대차 - 기타,안전거리미확보,건조,맑음,교차로 - 교차로부근,승용,여,34세,상해없음,승합,남,38세,상해없음
2015070300100288,2015년 7월 3일 13시,금요일,광주광역시 북구 운암동,중상사고,0,1,1,0,차대차 - 추돌 - 진행중,안전운전불이행,건조,맑음,교차로 - 교차로부근,이륜,남,17세,경상,화물,남,31세,상해없음
2015070300100314,2015년 7월 3일 14시,금요일,광주광역시 서구 금호동,중상사고,0,1,2,0,차대차 - 추돌 - 진행중,안전운전불이행,건조,맑음,단일로 - 기타,승용,여,21세,경상,승용,남,49세,경상
2015070300100437,2015년 7월 3일 17시,금요일,광주광역시 동구 소태동,부상신고사고,0,0,0,1,차대차 - 측면직각충돌,교차로운행방법위반,건조,흐림,교차로 - 교차로안,자전거,남,13세,부상신고,화물,남,30세,상해없음
2015070300100438,2015년 7월 3일 17시,금요일,광주광역시 광산구 우산동,경상사고,0,0,7,0,차대차 - 추돌 - 진행중,교차로운행방법위반,건조,맑음,교차로 - 교차로안,승용,남,57세,경상,승합,남,54세,경상
2015070300100439,2015년 7월 3일 17시,금요일,광주광역시 광산구 하남동,경상사고,0,0,1,0,차대차 - 기타,안전운전불이행,건조,맑음,단일로 - 기타,승용,남,64세,상해없음,승용,여,60세,경상
2015070300100485,2015년 7월 3일 18시,금요일,광주광역시 서구 풍암동,경상사고,0,0,2,0,차대사람 - 횡단중,안전운전불이행,건조,맑음,단일로 - 기타,승용,여,42세,상해없음,보행자,여,15세,경상
2015070300100486,2015년 7월 3일 18시,금요일,광주광역시 광산구 송정동,경상사고,0,0,1,0,차대사람 - 횡단중,안전운전불이행,건조,맑음,교차로 - 교차로부근,화물,남,40세,상해없음,보행자,여,81세,경상
2015070300100487,2015년 7월 3일 18시,금요일,광주광역시 광산구 월곡동,경상사고,0,0,3,0,차대차 - 측면직각충돌,직진우회전진행방해,건조,맑음,교차로 - 교차로안,승용,남,48세,상해없음,승용,남,36세,경상
2015070300100528,2015년 7월 3일 19시,금요일,광주광역시 서구 풍암동,경상사고,0,0,2,0,차대차 - 측면직각충돌,기타,건조,맑음,단일로 - 기타,승용,남,33세,상해없음,이륜,남,38세,경상
2015070300100529,2015년 7월 3일 19시,금요일,광주광역시 서구 금호동,중상사고,0,1,0,0,차대차 - 측면직각충돌,안전운전불이행,건조,흐림,단일로 - 기타,화물,남,51세,상해없음,자전거,남,21세,중상
2015070300100530,2015년 7월 3일 19시,금요일,광주광역시 북구 삼각동,경상사고,0,0,1,0,차대차 - 추돌 - 진행중,중앙선침범,건조,맑음,단일로 - 기타,승용,여,37세,상해없음,이륜,남,37세,경상
2015070300100531,2015년 7월 3일 19시,금요일,광주광역시 광산구 도산동,경상사고,0,0,1,0,차대차 - 정면충돌,안전운전불이행,건조,맑음,교차로 - 교차로부근,승용,남,43세,상해없음,자전거,남,57세,경상
2015070300100567,2015년 7월 3일 20시,금요일,광주광역시 북구 신안동,중상사고,0,1,0,0,차대차 - 기타,신호위반,건조,맑음,교차로 - 교차로안,승용,남,54세,상해없음,원동기,남,17세,중상
2015070300100636,2015년 7월 3일 22시,금요일,광주광역시 서구 치평동,경상사고,0,0,2,0,차대차 - 측면직각충돌,교차로운행방법위반,건조,맑음,교차로 - 교차로안,승용,남,52세,상해없음,승용,여,29세,경상
2015070300100637,2015년 7월 3일 22시,금요일,광주광역시 광산구 수완동,중상사고,0,1,2,0,차대차 - 측면직각충돌,신호위반,건조,맑음,교차로 - 교차로안,승용,남,53세,상해없음,승용,남,58세,경상
2015070400100067,2015년 7월 4일 01시,토요일,광주광역시 서구 화정동,경상사고,0,0,1,0,차대차 - 기타,교차로운행방법위반,건조,맑음,교차로 - 교차로안,승용,남,54세,상해없음,승용,남,24세,상해없음
2015070400100068,2015년 7월 4일 01시,토요일,광주광역시 북구 오치동,경상사고,0,0,1,0,차대사람 - 횡단중,안전운전불이행,건조,맑음,단일로 - 기타,승용,남,57세,상해없음,보행자,여,24세,경상
2015070400100121,2015년 7월 4일 04시,토요일,광주광역시 서구 치평동,경상사고,0,0,2,0,차대차 - 측면직각충돌,안전운전불이행,건조,맑음,교차로 - 교차로안,승용,여,39세,상해없음,승용,남,22세,경상
2015070400100122,2015년 7월 4일 04시,토요일,광주광역시 서구 덕흥동,경상사고,0,0,4,0,차대차 - 측면직각충돌,신호위반,건조,맑음,교차로 - 교차로안,승용,남,28세,상해없음,승용,남,25세,경상
2015070400100123,2015년 7월 4일 04시,토요일,광주광역시 서구 치평동,경상사고,0,0,2,0,차대차 - 기타,안전운전불이행,건조,맑음,교차로 - 교차로부근,승용,여,23세,상해없음,승용,남,65세,경상
2015070400100124,2015년 7월 4일 04시,토요일,광주광역시 북구 연제동,경상사고,0,0,2,0,차대차 - 추돌 - 진행중,안전운전불이행,건조,맑음,단일로 - 기타,승용,남,32세,상해없음,승용,남,34세,경상
2015070400100137,2015년 7월 4일 05시,토요일,광주광역시 광산구 수완동,중상사고,0,1,0,0,차량단독 - 공작물충돌,안전운전불이행,건조,맑음,단일로 - 기타,승용,남,29세,중상,,,,
2015070400100252,2015년 7월 4일 10시,토요일,광주광역시 남구 백운동,경상사고,0,0,1,0,차대차 - 측면직각충돌,안전운전불이행,건조,맑음,교차로 - 교차로부근,승용,여,71세,상해없음,승용,남,67세,경상
2015070400100292,2015년 7월 4일 11시,토요일,광주광역시 북구 운암동,경상사고,0,0,2,0,차대차 - 측면직각충돌,교차로운행방법위반,건조,맑음,교차로 - 교차로부근,이륜,남,53세,상해없음,승용,남,58세,상해없음
2015070400100319,2015년 7월 4일 12시,토요일,광주광역시 서구 농성동,경상사고,0,0,1,0,차대사람 - 보도통행중,기타,건조,맑음,단일로 - 기타,화물,남,52세,상해없음,보행자,여,32세,경상
2015070400100346,2015년 7월 4일 13시,토요일,광주광역시 광산구 월계동,경상사고,0,0,1,0,차대차 - 기타,안전운전불이행,건조,맑음,교차로 - 교차로부근,승합,남,50세,상해없음,자전거,여,66세,경상
2015070400100371,2015년 7월 4일 14시,토요일,광주광역시 서구 광천동,경상사고,0,0,1,0,차대차 - 추돌 - 진행중,안전운전불이행,건조,맑음,교차로 - 교차로안,승용,남,37세,상해없음,승용,여,47세,경상
2015070400100417,2015년 7월 4일 15시,토요일,광주광역시 남구 방림동,중상사고,0,1,1,0,차대차 - 추돌 - 진행중,안전운전불이행,건조,맑음,단일로 - 기타,승용,남,79세,상해없음,자전거,남,9세,경상
2015070400100462,2015년 7월 4일 16시,토요일,광주광역시 광산구 운수동,경상사고,0,0,2,0,차대차 - 추돌 - 진행중,안전거리미확보,건조,맑음,교차로 - 교차로부근,승용,남,26세,상해없음,승용,여,48세,경상
2015070400100495,2015년 7월 4일 17시,토요일,광주광역시 북구 문흥동,경상사고,0,0,5,0,차대차 - 추돌 - 주정차중,안전거리미확보,건조,맑음,단일로 - 기타,승용,남,46세,상해없음,승용,남,35세,경상
2015070400100507,2015년 7월 4일 17시,토요일,광주광역시 북구 각화동,경상사고,0,0,1,0,차대사람 - 횡단중,안전운전불이행,건조,맑음,단일로 - 기타,승용,남,61세,상해없음,보행자,남,7세,경상
2015070400100508,2015년 7월 4일 17시,토요일,광주광역시 광산구 선동,경상사고,0,0,1,0,차대차 - 측면직각충돌,중앙선침범,건조,맑음,교차로 - 교차로안,농기계,남,52세,상해없음,승용,여,34세,상해없음
2015070400100541,2015년 7월 4일 18시,토요일,광주광역시 광산구 도산동,경상사고,0,0,1,0,차대차 - 추돌 - 진행중,신호위반,건조,맑음,교차로 - 교차로안,승합,남,52세,상해없음,자전거,여,54세,경상
2015070400100571,2015년 7월 4일 19시,토요일,광주광역시 동구 계림동,경상사고,0,0,1,0,차대차 - 측면직각충돌,안전운전불이행,건조,맑음,교차로 - 교차로안,화물,남,48세,상해없음,승용,여,66세,경상
2015070400100629,2015년 7월 4일 21시,토요일,광주광역시 서구 쌍촌동,중상사고,0,1,0,0,차대사람 - 길가장자리구역통행중,안전운전불이행,건조,맑음,교차로 - 교차로안,화물,남,23세,상해없음,보행자,여,7세,중상
2015070400100630,2015년 7월 4일 21시,토요일,광주광역시 남구 진월동,중상사고,0,1,0,0,차대사람 - 횡단중,불법유턴,건조,맑음,단일로 - 기타,승용,남,20세,상해없음,보행자,남,47세,중상
2015070400100631,2015년 7월 4일 21시,토요일,광주광역시 북구 연제동,경상사고,0,0,2,0,차대차 - 추돌 - 주정차중,안전거리미확보,건조,맑음,단일로 - 기타,화물,남,56세,상해없음,승용,남,52세,경상
2015070400100653,2015년 7월 4일 22시,토요일,광주광역시 북구 문흥동,경상사고,0,0,1,0,차대사람 - 횡단중,안전운전불이행,건조,맑음,단일로 - 기타,승합,남,34세,상해없음,보행자,남,76세,경상
2015070500100050,2015년 7월 5일 02시,일요일,광주광역시 북구 매곡동,경상사고,0,0,3,0,차대차 - 측면직각충돌,신호위반,건조,맑음,교차로 - 교차로안,승용,남,30세,상해없음,승용,남,20세,경상
2015070500100130,2015년 7월 5일 09시,일요일,광주광역시 남구 주월동,경상사고,0,0,2,1,차대차 - 기타,안전운전불이행,건조,맑음,단일로 - 기타,승용,남,23세,상해없음,승용,여,41세,경상
2015070500100152,2015년 7월 5일 10시,일요일,광주광역시 서구 내방동,경상사고,0,0,3,0,차대차 - 측면직각충돌,차로위반,건조,맑음,단일로 - 기타,승용,남,55세,상해없음,승용,남,49세,경상
2015070500100198,2015년 7월 5일 12시,일요일,광주광역시 서구 풍암동,경상사고,0,0,1,0,차대사람 - 기타,안전운전불이행,건조,맑음,교차로 - 교차로안,승용,남,62세,상해없음,보행자,남,19세,경상
2015070500100199,2015년 7월 5일 12시,일요일,광주광역시 북구 용봉동,경상사고,0,0,1,0,차대사람 - 길가장자리구역통행중,안전운전불이행,건조,흐림,단일로 - 기타,승용,남,49세,상해없음,보행자,여,47세,경상
2015070500100239,2015년 7월 5일 13시,일요일,광주광역시 광산구 우산동,경상사고,0,0,4,0,차대차 - 추돌 - 진행중,안전운전불이행,건조,맑음,단일로 - 기타,화물,남,42세,상해없음,승용,남,33세,경상
2015070500100270,2015년 7월 5일 14시,일요일,광주광역시 동구 호남동,중상사고,0,1,0,0,차대차 - 측면직각충돌,안전운전불이행,건조,맑음,교차로 - 교차로안,이륜,남,27세,중상,승용,여,42세,상해없음
2015070500100375,2015년 7월 5일 17시,일요일,광주광역시 서구 광천동,중상사고,0,1,0,0,차대사람 - 횡단중,안전운전불이행,건조,맑음,단일로 - 횡단보도상,승용,여,27세,상해없음,보행자,남,34세,중상
2015070500100402,2015년 7월 5일 18시,일요일,광주광역시 북구 두암동,경상사고,0,0,2,0,차대차 - 추돌 - 주정차중,안전운전불이행,건조,맑음,단일로 - 기타,승용,남,77세,상해없음,승용,남,39세,경상
2015070500100488,2015년 7월 5일 21시,일요일,광주광역시 서구 쌍촌동,경상사고,0,0,1,1,차대차 - 추돌 - 진행중,안전운전불이행,건조,맑음,교차로 - 교차로안,승용,남,33세,부상신고,승합,남,49세,경상
2015070500100489,2015년 7월 5일 21시,일요일,광주광역시 남구 월산동,경상사고,0,0,2,1,차대차 - 측면직각충돌,신호위반,습기,맑음,교차로 - 교차로부근,승용,남,23세,부상신고,화물,남,56세,경상
2015070600100042,2015년 7월 6일 04시,월요일,광주광역시 광산구 수완동,경상사고,0,0,3,0,차대차 - 추돌 - 진행중,안전운전불이행,습기,흐림,교차로 - 교차로안,승용,남,26세,상해없음,승용,남,23세,경상