사고번호,사고일시,요일,시군구,사고내용,사망자수,중상자수,경상자수,부상신고자수,사고유형,법규위반,노면상태,기상상태,도로형태,가해운전자 차종,가해운전자 성별,가해운전자 연령,가해운전자 상해정도,피해운전자 차종,피해운전자 성별,피해운전자 연령,피해운전자 상해정도
2015071000100582,2015년 7월 10일 18시,금요일,광주광역시 광산구 우산동,경상사고,0,0,1,0,차대차 - 추돌 - 주정차중,안전운전불이행,건조,맑음,단일로 - 기타,화물,남,53세,상해없음,승용,남,59세,경상
2015071000100622,2015년 7월 10일 19시,금요일,광주광역시 서구 화정동,경상사고,0,0,1,0,차대사람 - 기타,안전운전불이행,건조,맑음,교차로 - 교차로안,화물,남,43세,상해없음,보행자,남,37세,경상
2015071000100623,2015년 7월 10일 19시,금요일,광주광역시 광산구 삼거동,중상사고,0,1,0,0,차대차 - 측면직각충돌,안전운전불이행,건조,맑음,단일로 - 기타,승용,남,37세,상해없음,이륜,남,78세,중상
2015071000100672,2015년 7월 10일 20시,금요일,광주광역시 동구 계림동,경상사고,0,0,2,0,차대차 - 추돌 - 진행중,안전거리미확보,건조,맑음,단일로 - 기타,승용,남,63세,상해없음,승용,남,27세,경상
2015071000100673,2015년 7월 10일 20시,금요일,광주광역시 서구 치평동,부상신고사고,0,0,0,1,차대차 - 추돌 - 진행중,안전거리미확보,건조,맑음,단일로 - 횡단보도부근,이륜,남,17세,부상신고,승용,남,48세,상해없음
2015071000100674,2015년 7월 10일 20시,금요일,광주광역시 북구 오치동,중상사고,0,1,1,0,차대사람 - 횡단중,안전운전불이행,건조,맑음,단일로 - 횡단보도상,이륜,남,19세,경상,보행자,남,25세,중상
2015071000100675,2015년 7월 10일 20시,금요일,광주광역시 광산구 운남동,경상사고,0,0,1,0,차대차 - 측면직각충돌,안전운전불이행,건조,맑음,교차로 - 교차로부근,자전거,남,70세,경상,승용,남,46세,상해없음
2015071000100711,2015년 7월 10일 21시,금요일,광주광역시 북구 오치동,경상사고,0,0,1,0,차대차 - 측면직각충돌,안전운전불이행,건조,맑음,교차로 - 교차로안,승용,남,35세,상해없음,승용,남,26세,경상
2015071000100746,2015년 7월 10일 22시,금요일,광주광역시 북구 용봉동,경상사고,0,0,1,0,차대차 - 추돌 - 주정차중,안전운전불이행,건조,맑음,교차로 - 교차로부근,승용,여,50세,상해없음,승용,남,70세,경상
2015071000100787,2015년 7월 10일 23시,금요일,광주광역시 서구 치평동,경상사고,0,0,2,0,차대차 - 추돌 - 진행중,안전운전불이행,건조,맑음,교차로 - 교차로부근,화물,남,54세,상해없음,승용,남,59세,경상
2015071100100018,2015년 7월 11일 00시,토요일,광주광역시 광산구 월곡동,중상사고,0,1,1,0,차대차 - 정면충돌,안전운전불이행,건조,맑음,단일로 - 기타,승용,남,48세,상해없음,승용,남,22세,중상
2015071100100040,2015년 7월 11일 01시,토요일,광주광역시 서구 금호동,경상사고,0,0,2,0,차대차 - 추돌 - 주정차중,안전운전불이행,건조,맑음,교차로 - 교차로안,승용,남,56세,상해없음,승용,남,50세,경상
2015071100100055,2015년 7월 11일 02시,토요일,광주광역시 서구 쌍촌동,경상사고,0,0,2,0,차대차 - 추돌 - 주정차중,안전운전불이행,건조,맑음,단일로 - 기타,승용,남,25세,상해없음,승용,남,51세,경상
2015071100100069,2015년 7월 11일 03시,토요일,광주광역시 서구 벽진동,경상사고,0,0,3,0,차대차 - 측면직각충돌,신호위반,건조,맑음,교차로 - 교차로안,승용,남,74세,경상,승용,남,26세,경상
2015071100100084,2015년 7월 11일 04시,토요일,광주광역시 동구 산수동,경상사고,0,0,1,0,차대차 - 추돌 - 주정차중,안전운전불이행,건조,기타,단일로 - 기타,기타불명,기타불명,기타불명,기타불명,승용,남,48세,경상
2015071100100099,2015년 7월 11일 05시,토요일,광주광역시 서구 화정동,경상사고,0,0,1,0,차대사람 - 길가장자리구역통행중,안전운전불이행,건조,맑음,교차로 - 교차로부근,승용,남,50세,상해없음,보행자,남,17세,경상
2015071100100177,2015년 7월 11일 09시,토요일,광주광역시 광산구 수완동,경상사고,0,0,1,0,차대차 - 측면직각충돌,신호위반,건조,맑음,교차로 - 교차로안,승용,남,55세,상해없음,승용,여,33세,경상
2015071100100178,2015년 7월 11일 09시,토요일,광주광역시 광산구 쌍암동,경상사고,0,0,2,0,차대차 - 추돌 - 진행중,안전운전불이행,건조,맑음,교차로 - 교차로부근,승용,여,34세,상해없음,승용,남,49세,경상
2015071100100286,2015년 7월 11일 12시,토요일,광주광역시 남구 백운동,경상사고,0,0,1,0,차대사람 - 기타,안전운전불이행,건조,흐림,단일로 - 기타,승용,남,67세,상해없음,보행자,여,46세,경상
2015071100100331,2015년 7월 11일 13시,토요일,광주광역시 서구 쌍촌동,경상사고,0,0,1,0,차대사람 - 횡단중,안전운전불이행,습기,비,단일로 - 기타,승용,남,59세,상해없음,보행자,남,65세,경상
2015071100100332,2015년 7월 11일 13시,토요일,광주광역시 광산구 신가동,경상사고,0,0,1,0,차대차 - 측면직각충돌,안전운전불이행,건조,맑음,교차로 - 교차로부근,승용,남,71세,상해없음,자전거,여,24세,경상
2015071100100368,2015년 7월 11일 14시,토요일,광주광역시 서구 쌍촌동,경상사고,0,0,1,0,차대사람 - 횡단중,안전운전불이행,습기,비,교차로 - 교차로부근,승용,남,47세,상해없음,보행자,여,18세,경상
2015071100100405,2015년 7월 11일 15시,토요일,광주광역시 동구 계림동,경상사고,0,0,1,0,차대차 - 기타,안전운전불이행,습기,흐림,교차로 - 교차로안,자전거,남,15세,상해없음,자전거,남,77세,경상
2015071100100406,2015년 7월 11일 15시,토요일,광주광역시 서구 화정동,중상사고,0,1,2,0,차대차 - 측면직각충돌,교차로운행방법위반,습기,비,교차로 - 교차로안,승용,남,69세,상해없음,승용,남,31세,경상
2015071100100442,2015년 7월 11일 16시,토요일,광주광역시 광산구 산정동,경상사고,0,0,3,0,차대차 - 측면직각충돌,교차로운행방법위반,습기,비,단일로 - 기타,승용,남,54세,경상,승용,여,28세,경상
2015071100100485,2015년 7월 11일 17시,토요일,광주광역시 남구 주월동,경상사고,0,0,1,0,차대사람 - 기타,안전운전불이행,건조,맑음,기타 - 기타,승용,남,39세,상해없음,보행자,여,87세,경상
2015071100100486,2015년 7월 11일 17시,토요일,광주광역시 북구 연제동,경상사고,0,0,4,0,차대차 - 기타,안전거리미확보,건조,맑음,교차로 - 교차로안,화물,남,34세,상해없음,승합,남,48세,경상
2015071100100520,2015년 7월 11일 18시,토요일,광주광역시 북구 용봉동,경상사고,0,0,1,0,차대차 - 기타,교차로운행방법위반,건조,맑음,교차로 - 교차로안,승용,남,55세,상해없음,이륜,남,20세,경상
2015071100100554,2015년 7월 11일 19시,토요일,광주광역시 광산구 신가동,경상사고,0,0,3,0,차대차 - 측면직각충돌,직진우회전진행방해,습기,비,교차로 - 교차로안,승용,남,41세,경상,승합,남,62세,상해없음
2015071100100631,2015년 7월 11일 21시,토요일,광주광역시 동구 계림동,경상사고,0,0,1,0,차량단독 - 기타,기타,습기,비,단일로 - 기타,승합,남,56세,상해없음,,,,
2015071100100632,2015년 7월 11일 21시,토요일,광주광역시 동구 충장로4가,경상사고,0,0,2,0,차대사람 - 기타,안전운전불이행,습기,비,교차로 - 교차로안,화물,남,37세,상해없음,보행자,여,32세,경상
2015071100100633,2015년 7월 11일 21시,토요일,광주광역시 서구 치평동,중상사고,0,1,1,0,차대사람 - 기타,보행자보호의무위반,습기,비,단일로 - 횡단보도상,승용,여,33세,상해없음,보행자,남,30세,중상
2015071100100634,2015년 7월 11일 21시,토요일,광주광역시 서구 금호동,경상사고,0,0,1,0,차대사람 - 기타,안전운전불이행,습기,비,교차로 - 교차로부근,승용,남,50세,상해없음,보행자,남,54세,경상
2015071100100635,2015년 7월 11일 21시,토요일,광주광역시 북구 동림동,경상사고,0,0,4,0,차대차 - 추돌 - 진행중,안전운전불이행,습기,비,단일로 - 기타,승용,남,47세,상해없음,승용,남,43세,경상
2015071100100658,2015년 7월 11일 22시,토요일,광주광역시 서구 치평동,경상사고,0,0,2,0,차대차 - 측면직각충돌,안전운전불이행,건조,맑음,교차로 - 교차로부근,승용,남,44세,상해없음,승용,남,47세,경상
2015071100100660,2015년 7월 11일 22시,토요일,광주광역시 북구 매곡동,경상사고,0,0,1,0,차대차 - 추돌 - 진행중,안전거리미확보,습기,비,단일로 - 기타,승용,남,44세,상해없음,승용,남,29세,경상
2015071100100661,2015년 7월 11일 22시,토요일,광주광역시 광산구 산월동,중상사고,0,1,1,0,차대차 - 정면충돌,중앙선침범,습기,비,교차로 - 교차로부근,승용,남,25세,상해없음,승용,남,40세,중상
2015071200100018,2015년 7월 12일 00시,일요일,광주광역시 서구 동천동,경상사고,0,0,1,0,차대차 - 추돌 - 주정차중,안전운전불이행,건조,맑음,단일로 - 기타,승용,남,27세,상해없음,승용,남,60세,경상
2015071200100019,2015년 7월 12일 00시,일요일,광주광역시 광산구 월계동,중상사고,0,1,0,0,차대차 - 측면직각충돌,직진우회전진행방해,습기,비,교차로 - 교차로안,이륜,남,16세,중상,승용,남,54세,상해없음
2015071200100046,2015년 7월 12일 01시,일요일,광주광역시 서구 농성동,사망사고,1,0,0,0,차대사람 - 횡단중,안전운전불이행,습기,비,단일로 - 기타,승용,남,49세,상해없음,보행자,여,47세,사망
2015071200100047,2015년 7월 12일 01시,일요일,광주광역시 서구 광천동,경상사고,0,0,1,0,차대차 - 기타,교차로운행방법위반,건조,맑음,교차로 - 교차로안,승용,여,40세,상해없음,승용,남,28세,경상
2015071200100048,2015년 7월 12일 01시,일요일,광주광역시 북구 유동,경상사고,0,0,1,0,차대차 - 측면직각충돌,신호위반,습기,비,교차로 - 교차로안,승용,남,48세,상해없음,원동기,남,23세,경상
2015071200100049,2015년 7월 12일 01시,일요일,광주광역시 북구 운암동,경상사고,0,0,1,0,차대차 - 추돌 - 진행중,안전운전불이행,건조,맑음,단일로 - 기타,승용,남,51세,기타불명,승용,남,36세,경상
2015071200100050,2015년 7월 12일 01시,일요일,광주광역시 광산구 수완동,경상사고,0,0,1,0,차대사람 - 기타,안전운전불이행,습기,비,단일로 - 기타,승용,여,19세,상해없음,보행자,남,34세,경상
2015071200100051,2015년 7월 12일 01시,일요일,광주광역시 광산구 신창동,경상사고,0,0,1,0,차대차 - 정면충돌,안전운전불이행,습기,비,교차로 - 교차로안,승용,남,24세,상해없음,승용,남,61세,경상
2015071200100116,2015년 7월 12일 03시,일요일,광주광역시 서구 치평동,경상사고,0,0,2,0,차대차 - 측면직각충돌,직진우회전진행방해,습기,비,교차로 - 교차로안,승용,남,42세,경상,승용,남,27세,경상
2015071200100117,2015년 7월 12일 03시,일요일,광주광역시 광산구 선동,경상사고,0,0,1,0,차량단독 - 공작물충돌,안전운전불이행,습기,비,교차로 - 교차로안,승용,남,31세,상해없음,,,,
2015071200100164,2015년 7월 12일 06시,일요일,광주광역시 광산구 월곡동,경상사고,0,0,1,0,차대사람 - 기타,안전운전불이행,습기,비,단일로 - 기타,승용,남,29세,상해없음,보행자,남,21세,경상
2015071200100175,2015년 7월 12일 07시,일요일,광주광역시 서구 치평동,중상사고,0,3,3,0,차대차 - 측면직각충돌,신호위반,습기,흐림,교차로 - 교차로안,화물,남,66세,경상,화물,남,57세,중상
2015071200100303,2015년 7월 12일 13시,일요일,광주광역시 남구 백운동,경상사고,0,0,1,0,차대차 - 측면직각충돌,신호위반,습기,비,교차로 - 교차로안,승용,남,53세,상해없음,이륜,남,22세,경상
2015071200100367,2015년 7월 12일 15시,일요일,광주광역시 광산구 안청동,경상사고,0,0,1,0,차대차 - 측면직각충돌,신호위반,습기,비,교차로 - 교차로안,화물,남,42세,상해없음,승용,남,75세,경상
2015071200100398,2015년 7월 12일 16시,일요일,광주광역시 광산구 신창동,경상사고,0,0,2,0,차대차 - 기타,안전운전불이행,습기,비,교차로 - 교차로부근,승용,남,45세,상해없음,승용,여,25세,경상
2015071200100427,2015년 7월 12일 17시,일요일,광주광역시 서구 매월동,경상사고,0,0,3,0,차대차 - 추돌 - 진행중,안전거리미확보,습기,비,단일로 - 기타,승합,남,56세,상해없음,승용,여,40세,경상
2015071200100483,2015년 7월 12일 19시,일요일,광주광역시 북구 문흥동,경상사고,0,0,3,0,차대차 - 추돌 - 진행중,안전운전불이행,습기,흐림,교차로 - 교차로부근,승용,남,49세,경상,승용,남,41세,상해없음
2015071200100484,2015년 7월 12일 19시,일요일,광주광역시 광산구 산정동,경상사고,0,0,1,0,차대차 - 측면직각충돌,교차로운행방법위반,습기,비,교차로 - 교차로안,화물,남,53세,상해없음,이륜,남,25세,경상
2015071200100548,2015년 7월 12일 21시,일요일,광주광역시 북구 일곡동,경상사고,0,0,1,0,차대차 - 측면직각충돌,안전운전불이행,습기,비,단일로 - 기타,원동기,남,42세,경상,승용,여,39세,상해없음
2015071200100549,2015년 7월 12일 21시,일요일,광주광역시 광산구 산월동,경상사고,0,0,3,0,차대차 - 기타,중앙선침범,습기,비,단일로 - 기타,승용,여,51세,상해없음,승용,남,46세,경상
2015071200100587,2015년 7월 12일 22시,일요일,광주광역시 광산구 송정동,중상사고,0,1,0,0,차대차 - 측면직각충돌,중앙선침범,습기,비,단일로 - 기타,승용,남,46세,상해없음,이륜,남,17세,중상
2015071200100618,2015년 7월 12일 23시,일요일,광주광역시 남구 백운동,경상사고,0,0,2,0,차대차 - 기타,안전운전불이행,건조,맑음,단일로 - 기타,승용,남,56세,상해없음,승용,남,25세,경상
2015071200100619,2015년 7월 12일 23시,일요일,광주광역시 북구 임동,경상사고,0,0,1,0,차대차 - 추돌 - 주정차중,안전운전불이행,습기,비,단일로 - 기타,승용,남,29세,상해없음,승용,남,42세,경상
2015071200100620,2015년 7월 12일 23시,일요일,광주광역시 북구 중흥동,경상사고,0,0,1,0,차대사람 - 기타,안전운전불이행,건조,맑음,단일로 - 기타,승용,남,42세,상해없음,보행자,여,22세,경상
2015071300100019,2015년 7월 13일 00시,월요일,광주광역시 동구 서석동,경상사고,0,0,2,0,차대차 - 측면직각충돌,신호위반,습기,비,교차로 - 교차로안,승용,여,31세,기타불명,승용,남,44세,경상
2015071300100020,2015년 7월 13일 00시,월요일,광주광역시 광산구 월곡동,경상사고,0,0,1,0,차대차 - 기타,안전운전불이행,건조,맑음,단일로 - 기타,승용,남,40세,상해없음,승합,남,34세,경상
2015071300100095,2015년 7월 13일 07시,월요일,광주광역시 광산구 신가동,경상사고,0,0,2,0,차대차 - 기타,차로위반,습기,비,단일로 - 기타,승합,남,65세,상해없음,화물,남,26세,상해없음
2015071300100096,2015년 7월 13일 07시,월요일,광주광역시 광산구 비아동,경상사고,0,0,1,0,차대차 - 기타,안전운전불이행,습기,비,단일로 - 기타,승용,여,44세,기타불명,승용,여,47세,경상
2015071300100137,2015년 7월 13일 08시,월요일,광주광역시 남구 방림동,경상사고,0,0,1,0,차대차 - 측면직각충돌,차로위반,건조,맑음,단일로 - 기타,승용,남,26세,상해없음,승용,여,34세,경상
2015071300100138,2015년 7월 13일 08시,월요일,광주광역시 광산구 수완동,경상사고,0,0,1,0,차대차 - 측면직각충돌,안전운전불이행,습기,비,단일로 - 기타,승용,남,32세,상해없음,승용,남,33세,경상
2015071300100139,2015년 7월 13일 08시,월요일,광주광역시 북구 문흥동,경상사고,0,0,1,0,차대사람 - 보도통행중,안전운전불이행,습기,비,단일로 - 기타,승용,남,56세,상해없음,보행자,남,22세,경상
2015071300100186,2015년 7월 13일 09시,월요일,광주광역시 남구 방림동,경상사고,0,0,1,0,차대차 - 기타,신호위반,건조,맑음,교차로 - 교차로안,승용,남,45세,상해없음,승용,남,46세,경상
2015071300100411,2015년 7월 13일 15시,월요일,광주광역시 서구 내방동,중상사고,0,1,0,0,차대사람 - 횡단중,신호위반,건조,맑음,단일로 - 횡단보도상,승용,남,67세,상해없음,보행자,여,73세,중상
2015071300100412,2015년 7월 13일 15시,월요일,광주광역시 북구 용봉동,경상사고,0,0,1,0,차대차 - 측면직각충돌,중앙선침범,건조,맑음,교차로 - 교차로부근,승용,남,70세,상해없음,이륜,남,20세,경상
2015071300100413,2015년 7월 13일 15시,월요일,광주광역시 북구 중흥동,경상사고,0,0,1,0,차대차 - 기타,안전운전불이행,건조,맑음,교차로 - 교차로부근,승용,남,52세,상해없음,자전거,남,9세,경상
2015071300100415,2015년 7월 13일 15시,월요일,광주광역시 광산구 수완동,경상사고,0,0,3,0,차대차 - 추돌 - 진행중,교차로운행방법위반,건조,맑음,교차로 - 교차로부근,승용,남,46세,상해없음,승용,여,54세,경상
2015071300100490,2015년 7월 13일 17시,월요일,광주광역시 북구 각화동,중상사고,0,1,0,0,차대사람 - 횡단중,신호위반,습기,흐림,단일로 - 횡단보도상,승용,여,52세,상해없음,보행자,남,62세,중상
2015071300100526,2015년 7월 13일 18시,월요일,광주광역시 북구 용두동,중상사고,0,1,0,0,차대사람 - 기타,안전운전불이행,건조,맑음,교차로 - 교차로안,승용,남,47세,상해없음,보행자,여,83세,중상
2015071300100527,2015년 7월 13일 18시,월요일,광주광역시 광산구 수완동,경상사고,0,0,2,0,차대차 - 추돌 - 진행중,안전운전불이행,건조,흐림,단일로 - 기타,승용,여,34세,상해없음,이륜,남,17세,경상
2015071300100581,2015년 7월 13일 19시,월요일,광주광역시 동구 산수동,경상사고,0,0,1,0,차대차 - 기타,안전거리미확보,건조,맑음,단일로 - 기타,승용,남,23세,상해없음,승용,남,50세,경상
2015071300100582,2015년 7월 13일 19시,월요일,광주광역시 서구 덕흥동,경상사고,0,0,1,0,차대차 - 기타,안전운전불이행,건조,맑음,단일로 - 기타,화물,남,35세,기타불명,승용,여,49세,경상
2015071300100644,2015년 7월 13일 21시,월요일,광주광역시 서구 금호동,중상사고,0,1,0,0,차대사람 - 횡단중,안전운전불이행,건조,맑음,교차로 - 교차로부근,승용,남,32세,상해없음,보행자,남,32세,중상
2015071300100645,2015년 7월 13일 21시,월요일,광주광역시 북구 풍향동,경상사고,0,0,2,0,차대차 - 추돌 - 진행중,중앙선침범,건조,맑음,단일로 - 기타,승용,여,38세,상해없음,승용,남,21세,경상
2015071300100677,2015년 7월 13일 22시,월요일,광주광역시 북구 양산동,경상사고,0,0,1,0,차대차 - 추돌 - 주정차중,안전거리미확보,습기,맑음,단일로 - 기타,승용,남,42세,상해없음,승용,여,29세,경상
2015071300100716,2015년 7월 13일 23시,월요일,광주광역시 서구 치평동,중상사고,0,1,1,0,차대사람 - 횡단중,불법유턴,건조,맑음,교차로 - 교차로부근,승용,남,30세,상해없음,보행자,여,22세,중상
2015071400100021,2015년 7월 14일 00시,화요일,광주광역시 광산구 장덕동,경상사고,0,0,1,0,차대차 - 기타,중앙선침범,건조,맑음,교차로 - 교차로부근,승용,남,34세,기타불명,승용,남,52세,경상
2015071400100033,2015년 7월 14일 01시,화요일,광주광역시 광산구 우산동,경상사고,0,0,1,0,차대사람 - 횡단중,보행자보호의무위반,건조,맑음,단일로 - 기타,승용,남,43세,상해없음,보행자,남,38세,경상
2015071400100053,2015년 7월 14일 03시,화요일,광주광역시 동구 대인동,중상사고,0,1,0,0,차대사람 - 횡단중,보행자보호의무위반,건조,기타,단일로 - 횡단보도상,승용,남,23세,상해없음,보행자,남,43세,중상
2015071400100066,2015년 7월 14일 05시,화요일,광주광역시 북구 연제동,경상사고,0,0,1,0,차대차 - 추돌 - 진행중,안전거리미확보,건조,맑음,단일로 - 기타,승용,남,32세,상해없음,화물,남,54세,경상
2015071400100097,2015년 7월 14일 07시,화요일,광주광역시 동구 소태동,경상사고,0,0,1,0,차대차 - 기타,차로위반,건조,맑음,기타 - 기타,승용,여,53세,상해없음,승용,여,48세,경상
2015071400100135,2015년 7월 14일 08시,화요일,광주광역시 남구 백운동,경상사고,0,0,1,0,차대사람 - 기타,안전운전불이행,건조,맑음,기타 - 기타,승용,남,31세,상해없음,보행자,여,80세,경상
2015071400100136,2015년 7월 14일 08시,화요일,광주광역시 광산구 장덕동,부상신고사고,0,0,0,1,차대사람 - 횡단중,보행자보호의무위반,건조,맑음,단일로 - 기타,승용,남,59세,상해없음,보행자,남,8세,부상신고
2015071400100229,2015년 7월 14일 11시,화요일,광주광역시 광산구 우산동,부상신고사고,0,0,0,1,차대차 - 측면직각충돌,안전운전불이행,건조,맑음,기타 - 기타,승용,남,64세,부상신고,승용,남,52세,기타불명
2015071400100252,2015년 7월 14일 12시,화요일,광주광역시 동구 계림동,경상사고,0,0,2,0,차대차 - 측면직각충돌,안전운전불이행,건조,맑음,단일로 - 기타,승용,여,66세,상해없음,승용,남,61세,경상
2015071400100347,2015년 7월 14일 15시,화요일,광주광역시 광산구 신창동,중상사고,0,2,0,0,차대차 - 측면직각충돌,안전운전불이행,건조,맑음,교차로 - 교차로안,승용,여,41세,중상,승용,여,54세,중상
2015071400100393,2015년 7월 14일 16시,화요일,광주광역시 북구 연제동,경상사고,0,0,1,0,차대사람 - 횡단중,안전운전불이행,건조,맑음,교차로 - 교차로안,승용,남,53세,상해없음,보행자,남,70세,경상
2015071400100437,2015년 7월 14일 17시,화요일,광주광역시 북구 용두동,중상사고,0,1,2,0,차대차 - 측면직각충돌,불법유턴,건조,맑음,교차로 - 교차로부근,승용,여,45세,경상,승용,남,23세,중상
2015071400100475,2015년 7월 14일 18시,화요일,광주광역시 서구 광천동,경상사고,0,0,2,0,차대차 - 측면직각충돌,교차로운행방법위반,건조,맑음,교차로 - 교차로안,승용,남,48세,상해없음,승용,남,19세,경상
2015071400100562,2015년 7월 14일 20시,화요일,광주광역시 광산구 월계동,경상사고,0,0,1,0,차대차 - 측면직각충돌,안전운전불이행,건조,맑음,단일로 - 기타,승용,남,38세,상해없음,승용,남,48세,경상
2015071400100563,2015년 7월 14일 20시,화요일,광주광역시 광산구 신가동,경상사고,0,0,1,0,차대사람 - 횡단중,안전운전불이행,건조,맑음,교차로 - 교차로안,승용,남,30세,상해없음,보행자,남,13세,경상
2015071400100623,2015년 7월 14일 22시,화요일,광주광역시 남구 백운동,경상사고,0,0,1,0,차대사람 - 기타,안전운전불이행,건조,맑음,교차로 - 교차로안,승용,남,61세,상해없음,보행자,남,47세,경상
2015071500100014,2015년 7월 15일 00시,수요일,광주광역시 서구 풍암동,경상사고,0,0,1,0,차대차 - 추돌 - 주정차중,안전거리미확보,건조,맑음,단일로 - 기타,승용,남,59세,상해없음,승용,남,29세,경상
2015071500100030,2015년 7월 15일 01시,수요일,광주광역시 북구 운암동,중상사고,0,2,0,0,차대차 - 정면충돌,중앙선침범,건조,맑음,미분류 - 미분류,화물,남,27세,상해없음,승용,남,44세,중상
2015071500100153,2015년 7월 15일 08시,수요일,광주광역시 서구 쌍촌동,경상사고,0,0,1,0,차대차 - 측면직각충돌,안전운전불이행,건조,맑음,교차로 - 교차로부근,승용,기타불명,기타불명,기타불명,자전거,남,12세,경상
2015071500100154,2015년 7월 15일 08시,수요일,광주광역시 북구 운암동,경상사고,0,0,1,0,차대차 - 추돌 - 주정차중,안전운전불이행,건조,맑음,교차로 - 교차로부근,승용,기타불명,기타불명,기타불명,화물,남,54세,상해없음
2015071500100155,2015년 7월 15일 08시,수요일,광주광역시 광산구 수완동,경상사고,0,0,1,0,차대사람 - 기타,안전운전불이행,건조,맑음,단일로 - 기타,승용,남,38세,상해없음,보행자,여,49세,경상
2015071500100212,2015년 7월 15일 10시,수요일,광주광역시 서구 풍암동,경상사고,0,0,1,0,차대차 - 측면직각충돌,차로위반,건조,맑음,교차로 - 교차로부근,승용,남,26세,상해없음,승용,남,49세,경상
2015071500100253,2015년 7월 15일 11시,수요일,광주광역시 광산구 운남동,중상사고,0,1,0,0,차대사람 - 기타,안전운전불이행,건조,맑음,교차로 - 교차로안,승용,남,70세,상해없음,보행자,여,74세,중상
2015071500100285,2015년 7월 15일 12시,수요일,광주광역시 동구 충장로4가,경상사고,0,0,1,0,차대사람 - 길가장자리구역통행중,안전운전불이행,건조,맑음,단일로 - 기타,승용,여,32세,상해없음,보행자,여,81세,경상
2015071500100315,2015년 7월 15일 13시,수요일,광주광역시 동구 금남로4가,경상사고,0,0,1,0,차대차 - 추돌 - 주정차중,안전운전불이행,건조,맑음,단일로 - 기타,승용,여,56세,상해없음,승용,남,34세,경상
2015071500100349,2015년 7월 15일 14시,수요일,광주광역시 남구 봉선동,경상사고,0,0,1,0,차대차 - 기타,안전거리미확보,건조,맑음,단일로 - 기타,승용,남,62세,상해없음,승용,남,51세,기타불명
2015071500100350,2015년 7월 15일 14시,수요일,광주광역시 북구 신용동,경상사고,0,0,1,0,차대차 - 기타,안전운전불이행,건조,맑음,교차로 - 교차로안,승용,여,39세,상해없음,승용,여,62세,상해없음
2015071500100351,2015년 7월 15일 14시,수요일,광주광역시 북구 임동,경상사고,0,0,2,0,차대차 - 추돌 - 진행중,안전거리미확보,건조,맑음,교차로 - 교차로부근,승용,남,28세,상해없음,승용,남,26세,경상
2015071500100389,2015년 7월 15일 15시,수요일,광주광역시 서구 화정동,경상사고,0,0,1,0,차대차 - 추돌 - 진행중,안전거리미확보,건조,맑음,단일로 - 기타,승용,남,42세,상해없음,승합,남,41세,경상
2015071500100390,2015년 7월 15일 15시,수요일,광주광역시 광산구 남산동,중상사고,0,1,1,0,차량단독 - 기타,안전운전불이행,건조,맑음,단일로 - 기타,화물,남,68세,경상,,,,
2015071500100391,2015년 7월 15일 15시,수요일,광주광역시 광산구 우산동,경상사고,0,0,3,0,차대차 - 추돌 - 주정차중,안전운전불이행,건조,맑음,교차로 - 교차로부근,화물,남,41세,상해없음,승용,여,32세,경상
2015071500100429,2015년 7월 15일 16시,수요일,광주광역시 서구 농성동,경상사고,0,0,1,0,차대사람 - 길가장자리구역통행중,안전운전불이행,건조,맑음,단일로 - 기타,승용,여,57세,상해없음,보행자,여,17세,경상
2015071500100483,2015년 7월 15일 17시,수요일,광주광역시 서구 농성동,경상사고,0,0,1,0,차대차 - 측면직각충돌,안전운전불이행,습기,흐림,단일로 - 기타,승용,남,38세,상해없음,승용,여,31세,경상
2015071500100533,2015년 7월 15일 18시,수요일,광주광역시 북구 북동,중상사고,0,1,0,0,차대차 - 측면직각충돌,안전운전불이행,습기,흐림,단일로 - 기타,승용,여,33세,상해없음,원동기,남,51세,중상
2015071500100534,2015년 7월 15일 18시,수요일,광주광역시 광산구 소촌동,경상사고,0,0,1,0,차대사람 - 횡단중,안전운전불이행,건조,맑음,단일로 - 기타,승용,여,42세,상해없음,보행자,남,5세,경상
2015071500100566,2015년 7월 15일 19시,수요일,광주광역시 남구 진월동,부상신고사고,0,0,0,1,차대차 - 측면직각충돌,안전거리미확보,건조,맑음,단일로 - 기타,이륜,남,22세,부상신고,승용,여,57세,상해없음
2015071500100567,2015년 7월 15일 19시,수요일,광주광역시 북구 동림동,중상사고,0,1,0,0,차대사람 - 횡단중,안전운전불이행,건조,맑음,교차로 - 교차로부근,승용,남,41세,상해없음,보행자,남,15세,중상
2015071500100568,2015년 7월 15일 19시,수요일,광주광역시 광산구 월곡동,경상사고,0,0,1,0,차대사람 - 횡단중,안전운전불이행,건조,맑음,교차로 - 교차로부근,승용,남,48세,상해없음,보행자,남,14세,경상
2015071500100605,2015년 7월 15일 20시,수요일,광주광역시 남구 노대동,경상사고,0,0,1,0,차대차 - 측면직각충돌,안전운전불이행,건조,맑음,단일로 - 기타,승용,남,50세,상해없음,승용,여,25세,경상
2015071500100672,2015년 7월 15일 22시,수요일,광주광역시 서구 화정동,경상사고,0,0,1,0,차대차 - 정면충돌,중앙선침범,습기,비,단일로 - 기타,승용,남,37세,상해없음,승용,남,58세,경상