사고번호,사고일시,요일,시군구,사고내용,사망자수,중상자수,경상자수,부상신고자수,사고유형,법규위반,노면상태,기상상태,도로형태,가해운전자 차종,가해운전자 성별,가해운전자 연령,가해운전자 상해정도,피해운전자 차종,피해운전자 성별,피해운전자 연령,피해운전자 상해정도
2015071500100673,2015년 7월 15일 22시,수요일,광주광역시 광산구 쌍암동,경상사고,0,0,3,0,차대차 - 추돌 - 진행중,안전운전불이행,습기,비,교차로 - 교차로부근,승용,여,47세,상해없음,승용,남,40세,경상
2015071500100704,2015년 7월 15일 23시,수요일,광주광역시 서구 금호동,중상사고,0,1,1,0,차대차 - 추돌 - 진행중,안전운전불이행,건조,맑음,교차로 - 교차로부근,승용,여,45세,상해없음,승용,남,51세,중상
2015071500100705,2015년 7월 15일 23시,수요일,광주광역시 남구 백운동,경상사고,0,0,1,0,차대차 - 추돌 - 주정차중,안전운전불이행,습기,비,단일로 - 기타,승용,남,44세,기타불명,승용,남,36세,경상
2015071500100706,2015년 7월 15일 23시,수요일,광주광역시 북구 중흥동,경상사고,0,0,1,0,차대사람 - 횡단중,안전운전불이행,습기,비,단일로 - 기타,승용,여,50세,상해없음,보행자,남,47세,경상
2015071500100707,2015년 7월 15일 23시,수요일,광주광역시 북구 문흥동,중상사고,0,1,0,0,차대차 - 추돌 - 주정차중,안전운전불이행,습기,흐림,단일로 - 기타,승용,남,35세,중상,화물,남,35세,기타불명
2015071600100017,2015년 7월 16일 00시,목요일,광주광역시 북구 신안동,경상사고,0,0,5,0,차대차 - 측면직각충돌,교차로운행방법위반,습기,비,교차로 - 교차로안,승용,남,41세,상해없음,승용,남,40세,경상
2015071600100069,2015년 7월 16일 06시,목요일,광주광역시 광산구 신가동,경상사고,0,0,4,0,차대차 - 측면직각충돌,신호위반,건조,맑음,교차로 - 교차로안,승용,남,74세,경상,화물,남,51세,경상
2015071600100183,2015년 7월 16일 09시,목요일,광주광역시 동구 학동,경상사고,0,0,1,0,차대차 - 기타,교차로운행방법위반,건조,맑음,교차로 - 교차로안,승용,남,74세,상해없음,승용,여,62세,경상
2015071600100184,2015년 7월 16일 09시,목요일,광주광역시 서구 풍암동,경상사고,0,0,1,0,차대차 - 추돌 - 진행중,안전거리미확보,건조,맑음,단일로 - 기타,승용,남,27세,상해없음,승용,남,63세,경상
2015071600100185,2015년 7월 16일 09시,목요일,광주광역시 북구 중흥동,중상사고,0,1,0,0,차대차 - 측면직각충돌,교차로운행방법위반,건조,맑음,교차로 - 교차로안,승용,여,50세,상해없음,자전거,여,50세,중상
2015071600100282,2015년 7월 16일 12시,목요일,광주광역시 남구 백운동,경상사고,0,0,1,0,차대차 - 기타,교차로운행방법위반,건조,맑음,교차로 - 교차로부근,승용,남,57세,상해없음,승용,여,40세,경상
2015071600100308,2015년 7월 16일 13시,목요일,광주광역시 북구 동림동,경상사고,0,0,1,0,차대차 - 추돌 - 주정차중,안전운전불이행,건조,맑음,단일로 - 기타,승용,남,42세,상해없음,승용,남,33세,경상
2015071600100309,2015년 7월 16일 13시,목요일,광주광역시 남구 백운동,중상사고,0,1,1,0,차대사람 - 횡단중,신호위반,건조,맑음,단일로 - 기타,승용,남,58세,상해없음,보행자,여,59세,중상
2015071600100346,2015년 7월 16일 14시,목요일,광주광역시 서구 매월동,중상사고,0,1,0,0,차대차 - 추돌 - 진행중,교차로운행방법위반,건조,맑음,교차로 - 교차로안,승용,남,57세,상해없음,원동기,남,40세,중상
2015071600100347,2015년 7월 16일 14시,목요일,광주광역시 광산구 도산동,경상사고,0,0,2,0,차대차 - 측면직각충돌,교차로운행방법위반,건조,맑음,교차로 - 교차로안,화물,남,64세,상해없음,승용,여,39세,경상
2015071600100378,2015년 7월 16일 15시,목요일,광주광역시 동구 대의동,경상사고,0,0,1,0,차대사람 - 기타,안전운전불이행,건조,맑음,기타 - 기타,이륜,남,55세,상해없음,보행자,남,74세,경상
2015071600100424,2015년 7월 16일 16시,목요일,광주광역시 서구 광천동,경상사고,0,0,1,0,차대사람 - 기타,안전운전불이행,건조,맑음,단일로 - 기타,승용,남,43세,상해없음,보행자,남,45세,경상
2015071600100425,2015년 7월 16일 16시,목요일,광주광역시 남구 노대동,경상사고,0,0,1,0,차대사람 - 길가장자리구역통행중,안전운전불이행,건조,맑음,단일로 - 기타,화물,남,64세,상해없음,보행자,남,65세,경상
2015071600100427,2015년 7월 16일 16시,목요일,광주광역시 북구 용봉동,경상사고,0,0,2,0,차대차 - 추돌 - 주정차중,안전운전불이행,건조,맑음,교차로 - 교차로부근,승용,남,29세,상해없음,승용,남,66세,경상
2015071600100518,2015년 7월 16일 18시,목요일,광주광역시 남구 월산동,중상사고,0,1,0,0,차대사람 - 횡단중,안전운전불이행,습기,맑음,단일로 - 기타,승용,남,57세,상해없음,보행자,여,69세,중상
2015071600100519,2015년 7월 16일 18시,목요일,광주광역시 광산구 하남동,경상사고,0,0,1,0,차대차 - 추돌 - 진행중,안전거리미확보,건조,맑음,교차로 - 교차로부근,승용,남,54세,상해없음,이륜,남,20세,경상
2015071600100551,2015년 7월 16일 19시,목요일,광주광역시 북구 오치동,경상사고,0,0,1,0,차량단독 - 기타,안전운전불이행,건조,맑음,단일로 - 기타,승합,남,35세,상해없음,,,,
2015071600100552,2015년 7월 16일 19시,목요일,광주광역시 북구 신안동,중상사고,0,1,1,0,차대차 - 기타,교차로운행방법위반,건조,맑음,교차로 - 교차로안,승용,여,31세,경상,원동기,남,60세,중상
2015071600100587,2015년 7월 16일 20시,목요일,광주광역시 서구 쌍촌동,경상사고,0,0,2,0,차량단독 - 기타,안전운전불이행,건조,맑음,단일로 - 기타,승용,남,49세,상해없음,,,,
2015071600100662,2015년 7월 16일 22시,목요일,광주광역시 광산구 산월동,경상사고,0,0,2,0,차대차 - 추돌 - 주정차중,교차로운행방법위반,건조,흐림,교차로 - 교차로부근,승용,남,55세,상해없음,승용,남,29세,경상
2015071700100015,2015년 7월 17일 00시,금요일,광주광역시 동구 대인동,경상사고,0,0,6,0,차대차 - 기타,신호위반,건조,기타,교차로 - 교차로안,승용,남,56세,상해없음,승용,남,58세,경상
2015071700100052,2015년 7월 17일 03시,금요일,광주광역시 광산구 장덕동,중상사고,0,1,0,1,차대차 - 정면충돌,신호위반,건조,맑음,교차로 - 교차로안,승용,여,59세,부상신고,승용,남,41세,중상
2015071700100053,2015년 7월 17일 03시,금요일,광주광역시 광산구 장덕동,경상사고,0,0,3,0,차대차 - 정면충돌,직진우회전진행방해,건조,맑음,교차로 - 교차로안,승용,여,35세,상해없음,승용,남,67세,경상
2015071700100150,2015년 7월 17일 08시,금요일,광주광역시 서구 광천동,경상사고,0,0,1,0,차대차 - 측면직각충돌,교차로운행방법위반,건조,맑음,교차로 - 교차로안,승합,남,55세,상해없음,승용,여,46세,경상
2015071700100151,2015년 7월 17일 08시,금요일,광주광역시 남구 봉선동,경상사고,0,0,2,0,차대차 - 측면직각충돌,교차로운행방법위반,건조,맑음,교차로 - 교차로안,승용,여,53세,상해없음,승용,여,43세,경상
2015071700100152,2015년 7월 17일 08시,금요일,광주광역시 북구 문흥동,경상사고,0,0,1,0,차대차 - 기타,안전운전불이행,건조,맑음,단일로 - 기타,기타불명,기타불명,기타불명,기타불명,승합,남,47세,상해없음
2015071700100182,2015년 7월 17일 09시,금요일,광주광역시 광산구 서봉동,경상사고,0,0,1,0,차대차 - 추돌 - 진행중,안전운전불이행,건조,맑음,교차로 - 교차로안,승용,남,18세,상해없음,자전거,남,22세,경상
2015071700100210,2015년 7월 17일 10시,금요일,광주광역시 서구 치평동,경상사고,0,0,1,0,차대차 - 기타,안전거리미확보,건조,맑음,단일로 - 기타,승용,남,49세,상해없음,승용,여,31세,경상
2015071700100239,2015년 7월 17일 11시,금요일,광주광역시 북구 임동,경상사고,0,0,1,0,차대차 - 측면직각충돌,교차로운행방법위반,건조,맑음,교차로 - 교차로안,화물,남,57세,상해없음,이륜,남,69세,경상
2015071700100298,2015년 7월 17일 13시,금요일,광주광역시 북구 문흥동,경상사고,0,0,1,0,차대사람 - 횡단중,기타,건조,맑음,단일로 - 횡단보도부근,화물,남,38세,상해없음,보행자,여,7세,경상
2015071700100328,2015년 7월 17일 14시,금요일,광주광역시 광산구 우산동,경상사고,0,0,3,0,차대차 - 측면직각충돌,안전거리미확보,건조,맑음,단일로 - 기타,승용,남,59세,상해없음,승합,남,58세,경상
2015071700100368,2015년 7월 17일 15시,금요일,광주광역시 서구 치평동,경상사고,0,0,1,0,차대차 - 기타,신호위반,건조,맑음,교차로 - 교차로안,승용,남,22세,기타불명,자전거,남,13세,경상
2015071700100369,2015년 7월 17일 15시,금요일,광주광역시 서구 유촌동,경상사고,0,0,4,0,차대차 - 추돌 - 진행중,안전거리미확보,건조,맑음,단일로 - 기타,승용,남,54세,상해없음,승용,남,47세,상해없음
2015071700100411,2015년 7월 17일 16시,금요일,광주광역시 북구 운암동,경상사고,0,0,1,0,차대사람 - 차도통행중,안전운전불이행,건조,맑음,교차로 - 교차로부근,승용,여,28세,상해없음,보행자,여,8세,경상
2015071700100504,2015년 7월 17일 18시,금요일,광주광역시 북구 양산동,경상사고,0,0,1,0,차대차 - 측면직각충돌,안전거리미확보,건조,맑음,단일로 - 기타,승용,여,65세,상해없음,승용,남,66세,경상
2015071700100540,2015년 7월 17일 19시,금요일,광주광역시 광산구 비아동,경상사고,0,0,2,0,차대차 - 측면직각충돌,안전운전불이행,건조,맑음,교차로 - 교차로안,승용,여,37세,경상,승용,남,50세,경상
2015071700100623,2015년 7월 17일 21시,금요일,광주광역시 서구 풍암동,경상사고,0,0,3,0,차대차 - 기타,안전운전불이행,건조,맑음,단일로 - 기타,화물,남,55세,상해없음,승용,남,45세,상해없음
2015071800100018,2015년 7월 18일 00시,토요일,광주광역시 서구 마륵동,경상사고,0,0,1,0,차대차 - 추돌 - 진행중,안전운전불이행,건조,맑음,교차로 - 교차로부근,승용,남,34세,상해없음,승용,여,25세,경상
2015071800100019,2015년 7월 18일 00시,토요일,광주광역시 북구 용두동,중상사고,0,1,2,0,차대차 - 추돌 - 주정차중,안전운전불이행,건조,맑음,단일로 - 기타,승용,남,25세,중상,승용,남,51세,경상
2015071800100020,2015년 7월 18일 00시,토요일,광주광역시 광산구 신창동,경상사고,0,0,1,0,차대차 - 측면직각충돌,안전운전불이행,건조,맑음,단일로 - 기타,화물,남,43세,상해없음,특수,남,46세,경상
2015071800100045,2015년 7월 18일 01시,토요일,광주광역시 북구 운암동,중상사고,0,1,0,0,차대사람 - 기타,안전운전불이행,건조,맑음,단일로 - 기타,이륜,남,17세,상해없음,보행자,남,54세,중상
2015071800100070,2015년 7월 18일 03시,토요일,광주광역시 북구 양산동,중상사고,0,1,0,0,차대차 - 추돌 - 주정차중,안전운전불이행,건조,맑음,교차로 - 교차로부근,승용,남,26세,상해없음,승용,남,54세,중상
2015071800100089,2015년 7월 18일 05시,토요일,광주광역시 북구 운암동,중상사고,0,1,0,0,차대사람 - 횡단중,안전운전불이행,건조,맑음,단일로 - 기타,화물,남,54세,상해없음,보행자,남,45세,중상
2015071800100131,2015년 7월 18일 07시,토요일,광주광역시 북구 풍향동,중상사고,0,1,2,0,차대차 - 측면직각충돌,신호위반,건조,맑음,교차로 - 교차로안,화물,남,74세,경상,승용,남,55세,경상
2015071800100182,2015년 7월 18일 09시,토요일,광주광역시 서구 쌍촌동,경상사고,0,0,1,0,차대차 - 측면직각충돌,안전운전불이행,건조,맑음,단일로 - 기타,이륜,남,38세,경상,승용,여,42세,상해없음
2015071800100211,2015년 7월 18일 10시,토요일,광주광역시 서구 치평동,경상사고,0,0,5,0,차대차 - 추돌 - 진행중,교차로운행방법위반,건조,맑음,교차로 - 교차로부근,승용,남,29세,상해없음,승용,남,30세,경상
2015071800100212,2015년 7월 18일 10시,토요일,광주광역시 서구 치평동,경상사고,0,0,2,0,차대사람 - 기타,안전운전불이행,건조,맑음,단일로 - 기타,승용,남,28세,상해없음,보행자,남,62세,경상
2015071800100250,2015년 7월 18일 11시,토요일,광주광역시 남구 진월동,중상사고,0,1,0,0,차대차 - 측면직각충돌,안전운전불이행,건조,맑음,단일로 - 기타,승용,남,56세,상해없음,이륜,남,38세,중상
2015071800100287,2015년 7월 18일 12시,토요일,광주광역시 남구 방림동,경상사고,0,0,2,0,차대차 - 추돌 - 진행중,안전운전불이행,건조,맑음,단일로 - 기타,승용,남,29세,기타불명,승용,남,33세,경상
2015071800100309,2015년 7월 18일 13시,토요일,광주광역시 서구 광천동,경상사고,0,0,1,0,차대차 - 기타,교차로운행방법위반,건조,맑음,교차로 - 교차로안,건설기계,남,54세,상해없음,승용,남,59세,경상
2015071800100310,2015년 7월 18일 13시,토요일,광주광역시 북구 문흥동,중상사고,0,1,1,0,차대사람 - 횡단중,안전운전불이행,건조,맑음,단일로 - 기타,승용,남,44세,상해없음,보행자,여,72세,중상
2015071800100351,2015년 7월 18일 14시,토요일,광주광역시 광산구 비아동,경상사고,0,0,1,0,차대차 - 기타,안전운전불이행,건조,맑음,기타 - 기타,승용,남,40세,상해없음,자전거,남,12세,경상
2015071800100352,2015년 7월 18일 14시,토요일,광주광역시 광산구 수완동,경상사고,0,0,1,0,차대차 - 측면직각충돌,신호위반,건조,맑음,교차로 - 교차로안,이륜,남,24세,상해없음,승용,남,50세,상해없음
2015071800100419,2015년 7월 18일 16시,토요일,광주광역시 서구 금호동,중상사고,0,3,0,0,차대차 - 추돌 - 주정차중,안전운전불이행,건조,맑음,교차로 - 교차로부근,승용,남,19세,상해없음,승용,남,63세,중상
2015071800100456,2015년 7월 18일 17시,토요일,광주광역시 광산구 산월동,경상사고,0,0,1,0,차대차 - 추돌 - 주정차중,안전운전불이행,건조,맑음,단일로 - 기타,승용,남,80세,상해없음,승용,남,62세,경상
2015071800100486,2015년 7월 18일 18시,토요일,광주광역시 남구 백운동,경상사고,0,0,1,0,차대차 - 측면직각충돌,교차로운행방법위반,건조,맑음,교차로 - 교차로안,승용,남,61세,기타불명,이륜,남,19세,경상
2015071800100487,2015년 7월 18일 18시,토요일,광주광역시 광산구 선암동,경상사고,0,0,1,0,차대차 - 측면직각충돌,안전운전불이행,건조,맑음,단일로 - 기타,이륜,남,19세,경상,승용,남,55세,상해없음
2015071800100642,2015년 7월 18일 23시,토요일,광주광역시 북구 운암동,부상신고사고,0,0,0,1,차대사람 - 기타,안전운전불이행,건조,맑음,교차로 - 교차로안,승용,기타불명,기타불명,기타불명,보행자,남,19세,부상신고
2015071900100029,2015년 7월 19일 01시,일요일,광주광역시 서구 치평동,중상사고,0,2,0,0,차대차 - 기타,신호위반,건조,맑음,교차로 - 교차로안,승용,남,31세,상해없음,승용,남,47세,중상
2015071900100030,2015년 7월 19일 01시,일요일,광주광역시 서구 치평동,중상사고,0,1,0,0,차대사람 - 차도통행중,안전운전불이행,건조,맑음,단일로 - 기타,승용,남,18세,상해없음,보행자,남,55세,중상
2015071900100122,2015년 7월 19일 07시,일요일,광주광역시 남구 주월동,중상사고,0,1,0,0,차대차 - 기타,교차로운행방법위반,건조,맑음,교차로 - 교차로안,승합,남,45세,상해없음,화물,남,60세,중상
2015071900100179,2015년 7월 19일 10시,일요일,광주광역시 북구 동림동,경상사고,0,0,2,0,차대차 - 측면직각충돌,중앙선침범,건조,맑음,단일로 - 기타,승용,남,50세,상해없음,승용,남,38세,경상
2015071900100290,2015년 7월 19일 14시,일요일,광주광역시 서구 유촌동,경상사고,0,0,1,0,차대차 - 추돌 - 주정차중,안전운전불이행,건조,맑음,단일로 - 기타,승용,남,52세,기타불명,승용,남,26세,경상
2015071900100401,2015년 7월 19일 17시,일요일,광주광역시 서구 화정동,경상사고,0,0,1,0,차대사람 - 길가장자리구역통행중,안전운전불이행,건조,맑음,교차로 - 교차로부근,승용,여,38세,상해없음,보행자,남,52세,경상
2015071900100402,2015년 7월 19일 17시,일요일,광주광역시 북구 매곡동,중상사고,0,1,0,0,차대차 - 측면직각충돌,안전운전불이행,건조,맑음,교차로 - 교차로안,승용,남,31세,상해없음,이륜,남,20세,중상
2015071900100461,2015년 7월 19일 19시,일요일,광주광역시 동구 계림동,경상사고,0,0,4,0,차대차 - 기타,안전운전불이행,건조,맑음,단일로 - 기타,화물,남,51세,상해없음,승용,남,34세,경상
2015071900100462,2015년 7월 19일 19시,일요일,광주광역시 서구 풍암동,경상사고,0,0,2,0,차대차 - 추돌 - 주정차중,안전운전불이행,건조,맑음,단일로 - 기타,승합,남,24세,경상,승용,남,46세,경상
2015071900100504,2015년 7월 19일 21시,일요일,광주광역시 북구 각화동,경상사고,0,0,1,0,차대차 - 기타,신호위반,건조,맑음,교차로 - 교차로안,승용,여,47세,상해없음,승용,남,39세,경상
2015071900100543,2015년 7월 19일 23시,일요일,광주광역시 동구 광산동,경상사고,0,0,1,0,차대차 - 측면직각충돌,안전거리미확보,건조,흐림,단일로 - 기타,승용,남,55세,상해없음,이륜,남,22세,경상
2015072000100015,2015년 7월 20일 00시,월요일,광주광역시 서구 풍암동,경상사고,0,0,1,0,차대차 - 기타,안전운전불이행,건조,맑음,교차로 - 교차로부근,승용,여,50세,상해없음,승용,남,40세,경상
2015072000100016,2015년 7월 20일 00시,월요일,광주광역시 북구 오치동,중상사고,0,1,2,0,차대차 - 기타,안전운전불이행,건조,맑음,단일로 - 기타,승용,남,61세,상해없음,승용,여,55세,경상
2015072000100017,2015년 7월 20일 00시,월요일,광주광역시 광산구 신가동,경상사고,0,0,1,0,차대차 - 추돌 - 진행중,안전운전불이행,건조,맑음,교차로 - 교차로부근,승용,남,29세,상해없음,승용,여,49세,경상
2015072000100030,2015년 7월 20일 01시,월요일,광주광역시 북구 운암동,경상사고,0,0,5,0,차대차 - 추돌 - 진행중,안전운전불이행,건조,맑음,단일로 - 기타,승용,남,23세,경상,승용,남,25세,경상
2015072000100138,2015년 7월 20일 08시,월요일,광주광역시 북구 양산동,경상사고,0,0,1,0,차대사람 - 기타,교차로운행방법위반,건조,맑음,교차로 - 교차로안,승용,남,48세,상해없음,보행자,여,41세,경상
2015072000100171,2015년 7월 20일 09시,월요일,광주광역시 남구 주월동,경상사고,0,0,1,0,차대차 - 기타,교차로운행방법위반,건조,맑음,교차로 - 교차로안,승용,여,50세,상해없음,이륜,남,55세,경상
2015072000100244,2015년 7월 20일 11시,월요일,광주광역시 동구 금동,중상사고,0,1,0,0,차대사람 - 횡단중,안전운전불이행,건조,맑음,단일로 - 기타,승용,남,48세,상해없음,보행자,여,68세,중상
2015072000100282,2015년 7월 20일 12시,월요일,광주광역시 남구 칠석동,경상사고,0,0,1,0,차대차 - 기타,안전운전불이행,건조,맑음,교차로 - 교차로부근,승용,남,51세,상해없음,원동기,여,67세,경상
2015072000100315,2015년 7월 20일 13시,월요일,광주광역시 광산구 지평동,부상신고사고,0,0,0,1,차대차 - 추돌 - 진행중,안전운전불이행,건조,맑음,단일로 - 기타,이륜,남,71세,부상신고,승합,남,60세,상해없음
2015072000100352,2015년 7월 20일 14시,월요일,광주광역시 서구 동천동,경상사고,0,0,1,0,차대차 - 측면직각충돌,안전거리미확보,건조,맑음,단일로 - 기타,승용,여,38세,상해없음,승용,남,27세,경상
2015072000100353,2015년 7월 20일 14시,월요일,광주광역시 북구 동림동,경상사고,0,0,1,0,차대사람 - 횡단중,안전운전불이행,건조,맑음,교차로 - 교차로안,승용,남,78세,상해없음,보행자,남,6세,경상
2015072000100396,2015년 7월 20일 15시,월요일,광주광역시 광산구 우산동,경상사고,0,0,4,0,차대차 - 측면직각충돌,불법유턴,건조,맑음,단일로 - 기타,승용,남,26세,상해없음,승용,남,23세,경상
2015072000100425,2015년 7월 20일 16시,월요일,광주광역시 서구 농성동,경상사고,0,0,1,0,차대사람 - 횡단중,안전운전불이행,건조,맑음,교차로 - 교차로안,승용,여,46세,상해없음,보행자,여,86세,경상
2015072000100467,2015년 7월 20일 17시,월요일,광주광역시 광산구 산월동,경상사고,0,0,1,0,차대차 - 측면직각충돌,안전운전불이행,습기,비,기타 - 기타,승용,남,53세,상해없음,승용,남,29세,경상
2015072000100522,2015년 7월 20일 19시,월요일,광주광역시 서구 내방동,경상사고,0,0,2,0,차대차 - 추돌 - 진행중,안전운전불이행,건조,맑음,단일로 - 기타,승용,남,59세,상해없음,승용,남,42세,경상
2015072000100523,2015년 7월 20일 19시,월요일,광주광역시 서구 광천동,경상사고,0,0,1,0,차대차 - 추돌 - 진행중,안전운전불이행,건조,맑음,교차로 - 교차로안,승용,남,72세,상해없음,승용,남,31세,경상
2015072000100524,2015년 7월 20일 19시,월요일,광주광역시 서구 치평동,경상사고,0,0,1,0,차대차 - 추돌 - 주정차중,안전운전불이행,습기,비,단일로 - 기타,승용,여,56세,상해없음,승용,여,45세,경상
2015072000100525,2015년 7월 20일 19시,월요일,광주광역시 남구 노대동,경상사고,0,0,1,0,차대차 - 기타,중앙선침범,건조,맑음,단일로 - 기타,승용,남,35세,상해없음,승용,여,32세,경상
2015072000100526,2015년 7월 20일 19시,월요일,광주광역시 광산구 월계동,경상사고,0,0,1,0,차대차 - 측면직각충돌,안전운전불이행,습기,흐림,교차로 - 교차로안,화물,남,46세,상해없음,승용,남,38세,경상
2015072000100554,2015년 7월 20일 20시,월요일,광주광역시 서구 풍암동,경상사고,0,0,1,0,차대사람 - 보도통행중,보행자보호의무위반,건조,맑음,교차로 - 교차로안,원동기,남,32세,상해없음,보행자,여,59세,경상
2015072000100555,2015년 7월 20일 20시,월요일,광주광역시 북구 용봉동,부상신고사고,0,0,0,1,차대차 - 측면직각충돌,신호위반,건조,맑음,교차로 - 교차로부근,이륜,남,23세,부상신고,승용,남,31세,상해없음
2015072000100556,2015년 7월 20일 20시,월요일,광주광역시 광산구 선암동,경상사고,0,0,1,0,차대차 - 추돌 - 진행중,안전거리미확보,건조,맑음,단일로 - 기타,특수,남,59세,상해없음,승용,남,31세,경상
2015072000100599,2015년 7월 20일 21시,월요일,광주광역시 광산구 월전동,경상사고,0,0,1,0,차대차 - 추돌 - 주정차중,안전운전불이행,건조,맑음,교차로 - 교차로부근,승용,남,54세,상해없음,승합,남,56세,경상
2015072000100645,2015년 7월 20일 22시,월요일,광주광역시 광산구 신창동,경상사고,0,0,2,0,차대차 - 추돌 - 주정차중,안전운전불이행,습기,흐림,단일로 - 기타,승용,남,42세,상해없음,승용,남,34세,경상
2015072000100672,2015년 7월 20일 23시,월요일,광주광역시 서구 치평동,경상사고,0,0,1,0,차대차 - 추돌 - 진행중,안전운전불이행,건조,맑음,단일로 - 기타,승용,남,31세,상해없음,승용,남,56세,경상
2015072000100673,2015년 7월 20일 23시,월요일,광주광역시 서구 금호동,중상사고,0,3,1,1,차대차 - 측면직각충돌,안전운전불이행,습기,흐림,교차로 - 교차로안,승용,남,35세,부상신고,승용,남,24세,경상
2015072000100674,2015년 7월 20일 23시,월요일,광주광역시 남구 월산동,부상신고사고,0,0,0,1,차량단독 - 공작물충돌,안전운전불이행,건조,맑음,단일로 - 기타,승용,남,46세,부상신고,,,,
2015072100100019,2015년 7월 21일 00시,화요일,광주광역시 북구 용봉동,경상사고,0,0,2,0,차대차 - 추돌 - 진행중,안전운전불이행,건조,맑음,단일로 - 기타,승용,남,31세,상해없음,승용,남,23세,경상
2015072100100048,2015년 7월 21일 02시,화요일,광주광역시 광산구 비아동,경상사고,0,0,4,0,차대차 - 측면직각충돌,신호위반,건조,맑음,교차로 - 교차로안,승용,여,46세,상해없음,승용,여,51세,경상
2015072100100087,2015년 7월 21일 06시,화요일,광주광역시 서구 화정동,경상사고,0,0,1,0,차대사람 - 차도통행중,중앙선침범,습기,비,단일로 - 기타,승용,남,50세,상해없음,보행자,남,44세,경상
2015072100100142,2015년 7월 21일 08시,화요일,광주광역시 서구 쌍촌동,경상사고,0,0,1,0,차대사람 - 기타,안전운전불이행,건조,맑음,기타 - 기타,승용,남,62세,상해없음,보행자,남,42세,경상
2015072100100143,2015년 7월 21일 08시,화요일,광주광역시 서구 유촌동,중상사고,0,1,0,0,차대차 - 기타,안전운전불이행,건조,맑음,단일로 - 기타,승용,남,22세,상해없음,화물,남,51세,중상
2015072100100144,2015년 7월 21일 08시,화요일,광주광역시 북구 양산동,경상사고,0,0,1,0,차대차 - 측면직각충돌,안전운전불이행,건조,맑음,교차로 - 교차로부근,승용,기타불명,기타불명,기타불명,승합,남,58세,경상
2015072100100253,2015년 7월 21일 11시,화요일,광주광역시 서구 쌍촌동,경상사고,0,0,1,0,차대차 - 추돌 - 주정차중,안전운전불이행,건조,맑음,기타 - 기타,승용,기타불명,기타불명,기타불명,승용,남,54세,경상
2015072100100276,2015년 7월 21일 12시,화요일,광주광역시 서구 쌍촌동,경상사고,0,0,1,0,차대차 - 기타,중앙선침범,건조,맑음,단일로 - 기타,승용,남,65세,상해없음,이륜,남,33세,경상
2015072100100277,2015년 7월 21일 12시,화요일,광주광역시 북구 양산동,중상사고,0,1,0,0,차대차 - 기타,안전거리미확보,건조,맑음,단일로 - 기타,화물,남,36세,상해없음,이륜,남,46세,중상
2015072100100320,2015년 7월 21일 14시,화요일,광주광역시 남구 주월동,경상사고,0,0,4,0,차대차 - 추돌 - 진행중,안전운전불이행,건조,맑음,단일로 - 기타,승용,여,41세,기타불명,승용,남,74세,경상
2015072100100358,2015년 7월 21일 15시,화요일,광주광역시 동구 소태동,중상사고,0,1,0,0,차대차 - 추돌 - 주정차중,안전거리미확보,건조,맑음,단일로 - 교량,승용,여,38세,상해없음,승용,여,38세,중상
2015072100100359,2015년 7월 21일 15시,화요일,광주광역시 동구 수기동,경상사고,0,0,2,0,차대차 - 기타,교차로운행방법위반,건조,맑음,교차로 - 교차로안,승용,여,41세,상해없음,화물,남,38세,경상
2015072100100360,2015년 7월 21일 15시,화요일,광주광역시 서구 화정동,중상사고,0,1,0,0,차대사람 - 기타,안전운전불이행,건조,맑음,단일로 - 기타,승용,남,66세,기타불명,보행자,남,13세,중상
2015072100100396,2015년 7월 21일 16시,화요일,광주광역시 동구 월남동,경상사고,0,0,2,0,차대차 - 기타,안전거리미확보,건조,맑음,기타 - 기타,승합,여,53세,상해없음,승용,남,41세,경상
2015072100100397,2015년 7월 21일 16시,화요일,광주광역시 북구 운암동,경상사고,0,0,1,0,차대차 - 측면직각충돌,교차로운행방법위반,건조,맑음,교차로 - 교차로안,화물,남,31세,상해없음,원동기,남,68세,경상
2015072100100426,2015년 7월 21일 17시,화요일,광주광역시 북구 문흥동,중상사고,0,1,0,0,차대사람 - 횡단중,안전운전불이행,건조,맑음,교차로 - 교차로부근,화물,남,48세,상해없음,보행자,남,80세,중상
2015072100100471,2015년 7월 21일 18시,화요일,광주광역시 북구 중흥동,경상사고,0,0,1,0,차대차 - 측면직각충돌,안전거리미확보,건조,맑음,교차로 - 교차로부근,화물,여,60세,상해없음,자전거,남,53세,경상
2015072100100527,2015년 7월 21일 20시,화요일,광주광역시 남구 봉선동,경상사고,0,0,4,0,차대차 - 측면직각충돌,안전운전불이행,건조,맑음,단일로 - 기타,승용,남,52세,기타불명,승용,남,33세,경상
2015072100100562,2015년 7월 21일 21시,화요일,광주광역시 동구 학동,경상사고,0,0,2,0,차대차 - 기타,중앙선침범,건조,맑음,기타 - 기타,승용,남,21세,경상,승합,남,30세,경상
2015072100100593,2015년 7월 21일 22시,화요일,광주광역시 남구 백운동,경상사고,0,0,1,0,차대차 - 측면직각충돌,교차로운행방법위반,건조,맑음,교차로 - 교차로안,승용,남,71세,기타불명,승용,여,22세,경상