사고번호,사고일시,요일,시군구,사고내용,사망자수,중상자수,경상자수,부상신고자수,사고유형,법규위반,노면상태,기상상태,도로형태,가해운전자 차종,가해운전자 성별,가해운전자 연령,가해운전자 상해정도,피해운전자 차종,피해운전자 성별,피해운전자 연령,피해운전자 상해정도
2015080200100023,2015년 8월 2일 00시,일요일,광주광역시 동구 광산동,경상사고,0,0,2,0,차대차 - 추돌 - 진행중,안전운전불이행,건조,맑음,단일로 - 기타,승용,남,27세,상해없음,승용,남,27세,경상
2015080200100024,2015년 8월 2일 00시,일요일,광주광역시 광산구 쌍암동,경상사고,0,0,2,0,차대차 - 추돌 - 주정차중,안전운전불이행,건조,맑음,교차로 - 교차로부근,승용,남,53세,상해없음,승용,남,33세,경상
2015080200100094,2015년 8월 2일 04시,일요일,광주광역시 동구 학동,경상사고,0,0,1,1,차대차 - 기타,신호위반,건조,맑음,교차로 - 교차로안,승용,남,20세,상해없음,승용,남,52세,경상
2015080200100139,2015년 8월 2일 08시,일요일,광주광역시 북구 중흥동,경상사고,0,0,1,0,차대차 - 추돌 - 진행중,차로위반,건조,맑음,교차로 - 교차로부근,승용,남,70세,상해없음,승용,남,64세,경상
2015080200100156,2015년 8월 2일 09시,일요일,광주광역시 북구 운암동,경상사고,0,0,2,0,차대차 - 측면직각충돌,직진우회전진행방해,건조,맑음,교차로 - 교차로안,이륜,남,52세,경상,승용,남,22세,상해없음
2015080200100224,2015년 8월 2일 12시,일요일,광주광역시 북구 운암동,경상사고,0,0,1,0,차대차 - 측면직각충돌,신호위반,건조,맑음,교차로 - 교차로안,승용,남,68세,상해없음,승용,남,55세,경상
2015080200100287,2015년 8월 2일 14시,일요일,광주광역시 광산구 운남동,중상사고,0,1,0,0,차대차 - 측면직각충돌,안전운전불이행,건조,맑음,단일로 - 기타,승용,여,47세,상해없음,자전거,여,52세,중상
2015080200100315,2015년 8월 2일 15시,일요일,광주광역시 서구 광천동,경상사고,0,0,1,0,차대사람 - 길가장자리구역통행중,안전운전불이행,건조,맑음,단일로 - 기타,승용,남,55세,상해없음,보행자,여,70세,경상
2015080200100316,2015년 8월 2일 15시,일요일,광주광역시 남구 주월동,경상사고,0,0,2,0,차대차 - 측면직각충돌,교차로운행방법위반,건조,맑음,교차로 - 교차로안,화물,남,34세,경상,승용,남,57세,경상
2015080200100317,2015년 8월 2일 15시,일요일,광주광역시 광산구 월계동,경상사고,0,0,1,0,차량단독 - 기타,안전운전불이행,건조,맑음,교차로 - 교차로안,승합,남,53세,상해없음,,,,
2015080200100402,2015년 8월 2일 18시,일요일,광주광역시 서구 광천동,중상사고,0,1,0,0,차대사람 - 기타,안전운전불이행,건조,맑음,기타 - 기타,승합,남,49세,상해없음,보행자,여,90세 이상,중상
2015080200100403,2015년 8월 2일 18시,일요일,광주광역시 서구 쌍촌동,경상사고,0,0,1,0,차대차 - 추돌 - 주정차중,안전운전불이행,건조,맑음,교차로 - 교차로부근,승용,남,51세,상해없음,승용,남,30세,상해없음
2015080200100437,2015년 8월 2일 19시,일요일,광주광역시 동구 계림동,경상사고,0,0,1,0,차대차 - 기타,안전운전불이행,건조,맑음,단일로 - 기타,기타불명,기타불명,기타불명,기타불명,자전거,여,64세,경상
2015080200100470,2015년 8월 2일 20시,일요일,광주광역시 북구 양산동,경상사고,0,0,5,0,차대차 - 추돌 - 진행중,안전운전불이행,건조,맑음,교차로 - 교차로부근,승용,남,52세,상해없음,승용,남,43세,경상
2015080200100471,2015년 8월 2일 20시,일요일,광주광역시 광산구 비아동,중상사고,0,1,1,0,차량단독 - 전도전복,안전운전불이행,건조,맑음,교차로 - 교차로부근,승용,남,58세,경상,,,,
2015080200100489,2015년 8월 2일 21시,일요일,광주광역시 남구 봉선동,중상사고,0,1,1,0,차대차 - 측면직각충돌,교차로운행방법위반,건조,맑음,교차로 - 교차로안,승용,남,60세,상해없음,이륜,남,55세,경상
2015080200100507,2015년 8월 2일 22시,일요일,광주광역시 북구 용봉동,경상사고,0,0,1,0,차대차 - 추돌 - 진행중,차로위반,건조,맑음,단일로 - 기타,승용,남,22세,상해없음,승용,남,56세,상해없음
2015080300100041,2015년 8월 3일 03시,월요일,광주광역시 서구 매월동,중상사고,0,2,0,0,차대차 - 기타,신호위반,건조,맑음,교차로 - 교차로안,승용,남,63세,상해없음,승용,남,61세,중상
2015080300100053,2015년 8월 3일 05시,월요일,광주광역시 북구 용봉동,경상사고,0,0,2,0,차대차 - 추돌 - 진행중,안전운전불이행,건조,맑음,단일로 - 기타,승용,남,46세,경상,승합,남,54세,경상
2015080300100074,2015년 8월 3일 06시,월요일,광주광역시 북구 동림동,경상사고,0,0,4,0,차대차 - 측면직각충돌,교차로운행방법위반,건조,맑음,교차로 - 교차로안,승용,남,67세,경상,승합,남,60세,경상
2015080300100103,2015년 8월 3일 07시,월요일,광주광역시 북구 용봉동,중상사고,0,1,0,0,차대차 - 측면직각충돌,안전운전불이행,건조,맑음,교차로 - 교차로부근,승용,남,60세,상해없음,자전거,남,50세,중상
2015080300100122,2015년 8월 3일 08시,월요일,광주광역시 북구 용봉동,경상사고,0,0,1,0,차대차 - 추돌 - 주정차중,안전거리미확보,건조,맑음,교차로 - 교차로부근,승용,남,44세,상해없음,승용,여,46세,경상
2015080300100145,2015년 8월 3일 09시,월요일,광주광역시 서구 농성동,중상사고,0,1,0,0,차대차 - 측면직각충돌,안전거리미확보,건조,맑음,단일로 - 기타,승용,남,30세,상해없음,이륜,남,48세,중상
2015080300100214,2015년 8월 3일 11시,월요일,광주광역시 북구 신안동,경상사고,0,0,1,0,차대차 - 기타,교차로운행방법위반,건조,맑음,교차로 - 교차로안,승용,남,45세,상해없음,승용,남,76세,경상
2015080300100245,2015년 8월 3일 12시,월요일,광주광역시 동구 학동,경상사고,0,0,3,0,차대차 - 추돌 - 주정차중,안전운전불이행,건조,맑음,단일로 - 기타,화물,남,69세,상해없음,승용,남,39세,경상
2015080300100246,2015년 8월 3일 12시,월요일,광주광역시 북구 오치동,경상사고,0,0,1,0,차대차 - 추돌 - 주정차중,안전운전불이행,건조,맑음,교차로 - 교차로안,승용,남,47세,상해없음,원동기,여,55세,경상
2015080300100338,2015년 8월 3일 14시,월요일,광주광역시 남구 백운동,경상사고,0,0,2,0,차대차 - 측면직각충돌,신호위반,건조,맑음,교차로 - 교차로안,화물,남,67세,상해없음,승용,여,42세,경상
2015080300100417,2015년 8월 3일 16시,월요일,광주광역시 서구 쌍촌동,중상사고,0,1,0,0,차대사람 - 횡단중,안전운전불이행,건조,맑음,단일로 - 기타,승용,남,52세,상해없음,보행자,남,8세,중상
2015080300100418,2015년 8월 3일 16시,월요일,광주광역시 북구 두암동,경상사고,0,0,4,0,차대차 - 측면직각충돌,안전운전불이행,건조,맑음,단일로 - 기타,승합,남,46세,상해없음,승용,남,35세,경상
2015080300100419,2015년 8월 3일 16시,월요일,광주광역시 광산구 월곡동,경상사고,0,0,3,0,차대차 - 측면직각충돌,교차로운행방법위반,건조,맑음,교차로 - 교차로안,화물,남,49세,경상,승용,여,57세,경상
2015080300100468,2015년 8월 3일 17시,월요일,광주광역시 서구 화정동,경상사고,0,0,1,0,차대차 - 측면직각충돌,신호위반,건조,맑음,교차로 - 교차로안,승용,여,42세,상해없음,승용,여,55세,경상
2015080300100469,2015년 8월 3일 17시,월요일,광주광역시 광산구 월계동,경상사고,0,0,1,0,차대차 - 기타,안전운전불이행,건조,맑음,단일로 - 기타,승용,남,60세,상해없음,이륜,남,23세,경상
2015080300100506,2015년 8월 3일 18시,월요일,광주광역시 서구 농성동,경상사고,0,0,2,0,차대차 - 추돌 - 주정차중,안전거리미확보,건조,맑음,단일로 - 기타,화물,남,65세,상해없음,승용,남,34세,경상
2015080300100507,2015년 8월 3일 18시,월요일,광주광역시 남구 방림동,부상신고사고,0,0,0,1,차대차 - 측면직각충돌,교차로운행방법위반,건조,맑음,교차로 - 교차로안,승용,여,26세,상해없음,승용,여,36세,부상신고
2015080300100541,2015년 8월 3일 19시,월요일,광주광역시 광산구 월곡동,경상사고,0,0,1,0,차대사람 - 기타,안전운전불이행,건조,맑음,단일로 - 기타,승용,기타불명,기타불명,기타불명,보행자,여,41세,경상
2015080300100562,2015년 8월 3일 20시,월요일,광주광역시 북구 용봉동,경상사고,0,0,1,0,차대차 - 측면직각충돌,안전운전불이행,건조,맑음,단일로 - 기타,화물,남,57세,상해없음,승용,여,33세,경상
2015080300100573,2015년 8월 3일 20시,월요일,광주광역시 서구 쌍촌동,경상사고,0,0,1,0,차대차 - 측면직각충돌,교차로운행방법위반,건조,맑음,교차로 - 교차로안,승용,남,32세,상해없음,승용,남,31세,상해없음
2015080300100617,2015년 8월 3일 21시,월요일,광주광역시 북구 운암동,부상신고사고,0,0,0,1,차대사람 - 기타,안전운전불이행,건조,맑음,기타 - 기타,화물,남,31세,상해없음,보행자,남,17세,부상신고
2015080300100642,2015년 8월 3일 22시,월요일,광주광역시 광산구 우산동,경상사고,0,0,3,0,차대차 - 기타,안전운전불이행,건조,맑음,교차로 - 교차로부근,승용,남,34세,상해없음,승용,남,21세,경상
2015080400100015,2015년 8월 4일 00시,화요일,광주광역시 북구 문흥동,경상사고,0,0,1,0,차대사람 - 횡단중,안전운전불이행,건조,맑음,단일로 - 기타,승용,남,42세,상해없음,보행자,여,48세,경상
2015080400100202,2015년 8월 4일 10시,화요일,광주광역시 광산구 요기동,중상사고,0,1,0,0,차대차 - 기타,안전운전불이행,건조,맑음,교차로 - 교차로안,화물,남,41세,상해없음,이륜,남,56세,중상
2015080400100237,2015년 8월 4일 11시,화요일,광주광역시 남구 월산동,중상사고,0,1,0,0,차대사람 - 길가장자리구역통행중,안전운전불이행,건조,맑음,단일로 - 기타,승용,기타불명,기타불명,기타불명,보행자,여,42세,중상
2015080400100238,2015년 8월 4일 11시,화요일,광주광역시 광산구 송정동,경상사고,0,0,1,0,차대차 - 기타,안전운전불이행,건조,맑음,교차로 - 교차로안,자전거,남,57세,경상,화물,남,40세,상해없음
2015080400100270,2015년 8월 4일 12시,화요일,광주광역시 북구 매곡동,경상사고,0,0,2,0,차대차 - 기타,안전운전불이행,건조,맑음,단일로 - 기타,승용,남,71세,상해없음,승용,남,27세,상해없음
2015080400100271,2015년 8월 4일 12시,화요일,광주광역시 광산구 수완동,경상사고,0,0,1,0,차대차 - 측면직각충돌,안전운전불이행,건조,맑음,단일로 - 기타,이륜,남,16세,경상,승용,남,24세,상해없음
2015080400100388,2015년 8월 4일 15시,화요일,광주광역시 서구 금호동,경상사고,0,0,1,0,차대차 - 기타,교차로운행방법위반,건조,맑음,교차로 - 교차로안,화물,남,51세,상해없음,화물,남,37세,경상
2015080400100427,2015년 8월 4일 16시,화요일,광주광역시 북구 용두동,사망사고,1,3,0,0,차대차 - 측면직각충돌,안전운전불이행,건조,맑음,단일로 - 기타,승용,여,21세,중상,승용,남,48세,기타불명
2015080400100428,2015년 8월 4일 16시,화요일,광주광역시 북구 양산동,경상사고,0,0,1,0,차대차 - 기타,안전운전불이행,건조,맑음,단일로 - 기타,승용,여,36세,경상,승용,남,49세,상해없음
2015080400100463,2015년 8월 4일 17시,화요일,광주광역시 남구 주월동,경상사고,0,0,2,0,차대차 - 추돌 - 진행중,안전거리미확보,건조,맑음,단일로 - 기타,원동기,남,52세,상해없음,승용,여,55세,경상
2015080400100464,2015년 8월 4일 17시,화요일,광주광역시 북구 동림동,경상사고,0,0,1,0,차대차 - 측면직각충돌,신호위반,건조,맑음,교차로 - 교차로안,화물,남,47세,상해없음,승용,남,41세,경상
2015080400100465,2015년 8월 4일 17시,화요일,광주광역시 북구 용봉동,경상사고,0,0,4,0,차대차 - 추돌 - 주정차중,안전운전불이행,건조,맑음,단일로 - 기타,승용,여,70세,경상,승용,여,44세,경상
2015080400100515,2015년 8월 4일 18시,화요일,광주광역시 서구 금호동,중상사고,0,1,0,0,차대사람 - 횡단중,신호위반,건조,맑음,교차로 - 교차로안,승용,여,22세,상해없음,보행자,여,48세,중상
2015080400100516,2015년 8월 4일 18시,화요일,광주광역시 서구 화정동,경상사고,0,0,1,0,차대차 - 기타,안전운전불이행,건조,맑음,단일로 - 기타,승용,여,46세,상해없음,승용,남,43세,경상
2015080400100517,2015년 8월 4일 18시,화요일,광주광역시 북구 용두동,경상사고,0,0,6,0,차대차 - 추돌 - 주정차중,안전운전불이행,건조,맑음,단일로 - 기타,화물,남,32세,경상,승용,여,46세,경상
2015080400100544,2015년 8월 4일 19시,화요일,광주광역시 동구 소태동,경상사고,0,0,1,0,차대사람 - 기타,안전운전불이행,건조,맑음,기타 - 기타,승용,남,65세,상해없음,보행자,여,72세,경상
2015080400100589,2015년 8월 4일 20시,화요일,광주광역시 서구 마륵동,중상사고,0,1,2,0,차대차 - 측면직각충돌,안전거리미확보,건조,맑음,단일로 - 기타,승용,남,57세,상해없음,승용,여,46세,경상
2015080400100590,2015년 8월 4일 20시,화요일,광주광역시 북구 신용동,경상사고,0,0,2,0,차대차 - 기타,교차로운행방법위반,건조,맑음,교차로 - 교차로안,기타불명,기타불명,기타불명,기타불명,승용,남,60세,상해없음
2015080400100624,2015년 8월 4일 21시,화요일,광주광역시 남구 구동,경상사고,0,0,2,0,차대사람 - 길가장자리구역통행중,안전운전불이행,건조,맑음,교차로 - 교차로부근,승용,남,26세,상해없음,보행자,여,22세,경상
2015080400100680,2015년 8월 4일 23시,화요일,광주광역시 광산구 신가동,경상사고,0,0,2,0,차대사람 - 기타,안전운전불이행,건조,맑음,단일로 - 기타,승용,남,33세,상해없음,보행자,남,30세,경상
2015080500100087,2015년 8월 5일 06시,수요일,광주광역시 서구 내방동,경상사고,0,0,1,0,차대차 - 측면직각충돌,교차로운행방법위반,건조,맑음,교차로 - 교차로부근,승용,남,54세,상해없음,승용,남,66세,경상
2015080500100088,2015년 8월 5일 06시,수요일,광주광역시 광산구 장덕동,경상사고,0,0,1,0,차대차 - 측면직각충돌,신호위반,건조,맑음,교차로 - 교차로안,화물,남,44세,상해없음,승용,남,24세,경상
2015080500100130,2015년 8월 5일 08시,수요일,광주광역시 북구 문흥동,경상사고,0,0,1,0,차대사람 - 차도통행중,안전운전불이행,건조,맑음,단일로 - 기타,승용,여,50세,상해없음,보행자,여,4세,경상
2015080500100131,2015년 8월 5일 08시,수요일,광주광역시 북구 월출동,중상사고,0,2,0,0,차대차 - 기타,직진우회전진행방해,건조,맑음,교차로 - 교차로안,승용,남,51세,중상,승용,남,35세,중상
2015080500100132,2015년 8월 5일 08시,수요일,광주광역시 광산구 신창동,경상사고,0,0,2,0,차대차 - 측면직각충돌,신호위반,건조,맑음,단일로 - 기타,승용,남,67세,상해없음,승용,남,44세,경상
2015080500100166,2015년 8월 5일 09시,수요일,광주광역시 동구 산수동,중상사고,0,1,0,1,차량단독 - 공작물충돌,안전운전불이행,건조,맑음,단일로 - 기타,승용,남,64세,부상신고,,,,
2015080500100167,2015년 8월 5일 09시,수요일,광주광역시 광산구 우산동,중상사고,0,1,2,0,차대차 - 추돌 - 진행중,안전거리미확보,건조,맑음,기타 - 기타,승합,여,35세,상해없음,승용,여,41세,중상
2015080500100250,2015년 8월 5일 12시,수요일,광주광역시 광산구 신가동,경상사고,0,0,2,0,차대차 - 추돌 - 주정차중,안전운전불이행,건조,맑음,교차로 - 교차로부근,승용,남,57세,상해없음,승용,여,43세,경상
2015080500100288,2015년 8월 5일 13시,수요일,광주광역시 남구 백운동,중상사고,0,1,0,0,차대사람 - 기타,안전운전불이행,건조,맑음,단일로 - 기타,승용,남,68세,상해없음,보행자,남,21세,중상
2015080500100365,2015년 8월 5일 15시,수요일,광주광역시 서구 치평동,사망사고,1,0,0,0,차대차 - 측면직각충돌,신호위반,건조,맑음,교차로 - 교차로안,이륜,남,23세,사망,승용,남,50세,상해없음
2015080500100399,2015년 8월 5일 16시,수요일,광주광역시 광산구 하산동,경상사고,0,0,2,0,차대차 - 추돌 - 진행중,차로위반,건조,맑음,단일로 - 기타,건설기계,남,49세,상해없음,승용,여,37세,경상
2015080500100445,2015년 8월 5일 17시,수요일,광주광역시 남구 진월동,경상사고,0,0,1,0,차대차 - 측면직각충돌,안전운전불이행,건조,맑음,기타 - 기타,승용,여,39세,상해없음,자전거,여,54세,경상
2015080500100446,2015년 8월 5일 17시,수요일,광주광역시 북구 각화동,경상사고,0,0,1,0,차대사람 - 기타,안전운전불이행,건조,맑음,단일로 - 기타,승용,남,73세,상해없음,보행자,여,74세,경상
2015080500100447,2015년 8월 5일 17시,수요일,광주광역시 북구 우산동,경상사고,0,0,2,0,차대차 - 측면직각충돌,안전운전불이행,건조,맑음,교차로 - 교차로안,승용,남,55세,상해없음,승용,여,38세,경상
2015080500100448,2015년 8월 5일 17시,수요일,광주광역시 광산구 월곡동,경상사고,0,0,1,0,차대차 - 측면직각충돌,신호위반,건조,맑음,단일로 - 기타,자전거,남,10세,경상,승합,남,46세,상해없음
2015080500100495,2015년 8월 5일 18시,수요일,광주광역시 서구 유촌동,경상사고,0,0,2,0,차대차 - 측면직각충돌,안전거리미확보,건조,맑음,교차로 - 교차로부근,승용,남,47세,상해없음,승용,남,31세,경상
2015080500100496,2015년 8월 5일 18시,수요일,광주광역시 북구 운암동,경상사고,0,0,1,0,차대차 - 추돌 - 진행중,교차로운행방법위반,건조,맑음,교차로 - 교차로안,승용,여,57세,상해없음,이륜,남,22세,경상
2015080500100497,2015년 8월 5일 18시,수요일,광주광역시 광산구 도산동,중상사고,0,1,0,0,차대차 - 측면직각충돌,신호위반,건조,맑음,교차로 - 교차로안,승용,남,49세,상해없음,원동기,남,69세,중상
2015080500100555,2015년 8월 5일 20시,수요일,광주광역시 동구 소태동,경상사고,0,0,1,0,차대차 - 기타,교차로운행방법위반,건조,맑음,교차로 - 교차로안,승용,남,66세,상해없음,승용,여,29세,경상
2015080500100556,2015년 8월 5일 20시,수요일,광주광역시 광산구 쌍암동,경상사고,0,0,1,0,차대차 - 기타,안전운전불이행,건조,맑음,교차로 - 교차로부근,승용,여,47세,상해없음,승용,여,47세,경상
2015080500100557,2015년 8월 5일 20시,수요일,광주광역시 광산구 송정동,경상사고,0,0,1,0,차대차 - 추돌 - 주정차중,안전운전불이행,건조,맑음,단일로 - 기타,승용,남,33세,상해없음,승용,여,43세,경상
2015080500100590,2015년 8월 5일 21시,수요일,광주광역시 서구 풍암동,경상사고,0,0,1,0,차대차 - 측면직각충돌,안전거리미확보,건조,맑음,단일로 - 기타,승용,여,55세,상해없음,승용,남,41세,경상
2015080500100591,2015년 8월 5일 21시,수요일,광주광역시 북구 임동,경상사고,0,0,3,0,차대차 - 측면직각충돌,교차로운행방법위반,건조,맑음,교차로 - 교차로안,승용,남,25세,경상,승용,남,60세,경상
2015080500100647,2015년 8월 5일 23시,수요일,광주광역시 서구 화정동,경상사고,0,0,1,0,차대차 - 측면직각충돌,신호위반,건조,맑음,교차로 - 교차로안,이륜,남,20세,경상,승용,남,38세,상해없음
2015080600100045,2015년 8월 6일 03시,목요일,광주광역시 광산구 신가동,경상사고,0,0,2,0,차대사람 - 기타,보행자보호의무위반,건조,맑음,단일로 - 기타,승용,남,47세,상해없음,보행자,여,40세,경상
2015080600100064,2015년 8월 6일 05시,목요일,광주광역시 북구 신용동,경상사고,0,0,2,0,차대차 - 기타,안전운전불이행,건조,맑음,단일로 - 기타,승용,남,67세,상해없음,승합,남,44세,경상
2015080600100076,2015년 8월 6일 06시,목요일,광주광역시 북구 운암동,경상사고,0,0,1,0,차대차 - 측면직각충돌,교차로운행방법위반,건조,맑음,교차로 - 교차로안,승용,남,43세,상해없음,이륜,남,75세,경상
2015080600100097,2015년 8월 6일 07시,목요일,광주광역시 광산구 우산동,경상사고,0,0,1,1,차대차 - 측면직각충돌,안전거리미확보,건조,맑음,교차로 - 교차로부근,승용,남,38세,부상신고,승용,남,52세,경상
2015080600100129,2015년 8월 6일 08시,목요일,광주광역시 서구 광천동,경상사고,0,0,1,0,차대차 - 측면직각충돌,안전운전불이행,건조,맑음,교차로 - 교차로안,승용,남,30세,상해없음,화물,남,53세,경상
2015080600100130,2015년 8월 6일 08시,목요일,광주광역시 남구 송하동,경상사고,0,0,1,0,차대차 - 측면직각충돌,안전거리미확보,건조,맑음,단일로 - 기타,승용,남,27세,상해없음,승용,여,41세,경상
2015080600100162,2015년 8월 6일 09시,목요일,광주광역시 동구 장동,경상사고,0,0,1,0,차대차 - 기타,안전운전불이행,건조,맑음,기타 - 기타,승용,남,77세,상해없음,승용,여,46세,경상
2015080600100163,2015년 8월 6일 09시,목요일,광주광역시 서구 화정동,경상사고,0,0,1,0,차대차 - 기타,안전운전불이행,건조,맑음,교차로 - 교차로안,승합,여,43세,상해없음,승용,남,23세,경상
2015080600100164,2015년 8월 6일 09시,목요일,광주광역시 서구 매월동,경상사고,0,0,1,0,차대차 - 측면직각충돌,안전운전불이행,건조,맑음,교차로 - 교차로부근,승용,여,43세,상해없음,승용,여,47세,경상
2015080600100187,2015년 8월 6일 10시,목요일,광주광역시 서구 마륵동,경상사고,0,0,1,0,차대차 - 측면직각충돌,신호위반,건조,맑음,교차로 - 교차로안,승용,남,38세,상해없음,승용,여,53세,경상
2015080600100188,2015년 8월 6일 10시,목요일,광주광역시 북구 문흥동,경상사고,0,0,1,0,차대차 - 측면직각충돌,안전운전불이행,건조,맑음,교차로 - 교차로부근,승용,남,19세,상해없음,승용,여,52세,경상
2015080600100232,2015년 8월 6일 11시,목요일,광주광역시 서구 쌍촌동,경상사고,0,0,1,0,차대차 - 추돌 - 주정차중,안전운전불이행,건조,맑음,단일로 - 기타,승용,남,40세,상해없음,이륜,남,31세,경상
2015080600100233,2015년 8월 6일 11시,목요일,광주광역시 서구 쌍촌동,경상사고,0,0,1,0,차대차 - 기타,신호위반,건조,맑음,교차로 - 교차로안,승용,남,22세,상해없음,승용,남,35세,경상
2015080600100234,2015년 8월 6일 11시,목요일,광주광역시 남구 봉선동,경상사고,0,0,1,0,차대차 - 추돌 - 주정차중,안전운전불이행,건조,맑음,단일로 - 기타,승합,남,54세,상해없음,승용,남,39세,경상
2015080600100235,2015년 8월 6일 11시,목요일,광주광역시 북구 신안동,경상사고,0,0,1,2,차대차 - 측면직각충돌,직진우회전진행방해,건조,맑음,교차로 - 교차로안,승용,남,83세,상해없음,승용,남,60세,경상
2015080600100259,2015년 8월 6일 12시,목요일,광주광역시 북구 중흥동,경상사고,0,0,1,0,차대차 - 측면직각충돌,안전거리미확보,건조,맑음,단일로 - 기타,승용,남,73세,상해없음,승용,여,48세,상해없음
2015080600100323,2015년 8월 6일 14시,목요일,광주광역시 북구 문흥동,경상사고,0,0,1,0,차대사람 - 횡단중,안전운전불이행,건조,맑음,단일로 - 기타,승용,여,53세,상해없음,보행자,남,10세,경상
2015080600100369,2015년 8월 6일 15시,목요일,광주광역시 동구 계림동,경상사고,0,0,2,0,차대차 - 기타,안전운전불이행,건조,맑음,기타 - 기타,승용,여,38세,상해없음,승용,여,67세,경상
2015080600100370,2015년 8월 6일 15시,목요일,광주광역시 광산구 쌍암동,경상사고,0,0,1,0,차대차 - 측면직각충돌,교차로운행방법위반,건조,맑음,교차로 - 교차로안,승용,남,60세,상해없음,자전거,남,12세,경상
2015080600100418,2015년 8월 6일 16시,목요일,광주광역시 서구 쌍촌동,경상사고,0,0,1,0,차대차 - 측면직각충돌,안전운전불이행,건조,맑음,단일로 - 기타,승용,남,53세,상해없음,승용,남,22세,상해없음
2015080600100546,2015년 8월 6일 19시,목요일,광주광역시 서구 금호동,경상사고,0,0,2,0,차대차 - 측면직각충돌,안전거리미확보,건조,맑음,단일로 - 기타,승용,여,65세,상해없음,승용,남,34세,경상
2015080600100547,2015년 8월 6일 19시,목요일,광주광역시 북구 문흥동,경상사고,0,0,1,0,차대사람 - 기타,중앙선침범,건조,맑음,단일로 - 기타,승용,남,50세,상해없음,보행자,남,52세,경상
2015080600100548,2015년 8월 6일 19시,목요일,광주광역시 북구 두암동,경상사고,0,0,3,0,차대차 - 측면직각충돌,안전거리미확보,건조,맑음,단일로 - 기타,승용,남,58세,상해없음,승용,여,41세,경상
2015080600100549,2015년 8월 6일 19시,목요일,광주광역시 북구 운암동,경상사고,0,0,1,0,차대차 - 측면직각충돌,안전운전불이행,건조,맑음,교차로 - 교차로부근,승용,여,43세,상해없음,자전거,여,51세,경상
2015080600100550,2015년 8월 6일 19시,목요일,광주광역시 광산구 신가동,경상사고,0,0,1,0,차대차 - 측면직각충돌,안전운전불이행,건조,맑음,단일로 - 기타,승용,남,32세,상해없음,승용,남,33세,경상
2015080600100639,2015년 8월 6일 21시,목요일,광주광역시 광산구 신가동,중상사고,0,1,0,0,차대차 - 측면직각충돌,안전운전불이행,건조,맑음,교차로 - 교차로안,승용,기타불명,기타불명,기타불명,이륜,남,35세,중상
2015080600100665,2015년 8월 6일 22시,목요일,광주광역시 서구 풍암동,경상사고,0,0,1,0,차대차 - 추돌 - 주정차중,안전운전불이행,건조,맑음,교차로 - 교차로부근,승용,남,43세,상해없음,승용,남,34세,경상
2015080600100666,2015년 8월 6일 22시,목요일,광주광역시 광산구 장덕동,경상사고,0,0,2,0,차대차 - 측면직각충돌,안전거리미확보,건조,맑음,단일로 - 기타,승용,여,57세,경상,승용,여,45세,경상
2015080700100023,2015년 8월 7일 00시,금요일,광주광역시 북구 신용동,중상사고,0,1,0,0,차대사람 - 기타,안전운전불이행,건조,맑음,단일로 - 기타,승용,남,49세,상해없음,보행자,남,46세,중상
2015080700100039,2015년 8월 7일 01시,금요일,광주광역시 남구 송하동,경상사고,0,0,2,0,차대차 - 추돌 - 주정차중,안전운전불이행,건조,맑음,단일로 - 기타,승용,남,42세,상해없음,화물,남,41세,경상
2015080700100074,2015년 8월 7일 05시,금요일,광주광역시 광산구 월계동,경상사고,0,0,1,0,차대차 - 측면직각충돌,안전운전불이행,건조,맑음,단일로 - 기타,자전거,남,76세,경상,승용,여,47세,상해없음
2015080700100187,2015년 8월 7일 09시,금요일,광주광역시 남구 방림동,경상사고,0,0,1,0,차대차 - 기타,교차로운행방법위반,건조,맑음,교차로 - 교차로부근,승용,남,80세,상해없음,화물,남,59세,경상
2015080700100216,2015년 8월 7일 10시,금요일,광주광역시 남구 방림동,경상사고,0,0,2,0,차대차 - 정면충돌,중앙선침범,건조,맑음,미분류 - 미분류,승용,여,51세,상해없음,화물,남,45세,상해없음
2015080700100217,2015년 8월 7일 10시,금요일,광주광역시 광산구 삼거동,사망사고,1,0,1,0,차대차 - 측면직각충돌,중앙선침범,건조,맑음,단일로 - 기타,승용,남,62세,경상,화물,남,49세,상해없음
2015080700100281,2015년 8월 7일 12시,금요일,광주광역시 동구 소태동,경상사고,0,0,1,0,차대차 - 측면직각충돌,안전거리미확보,건조,맑음,단일로 - 기타,승용,남,50세,상해없음,승용,여,24세,경상
2015080700100341,2015년 8월 7일 14시,금요일,광주광역시 서구 농성동,경상사고,0,0,1,0,차대차 - 정면충돌,중앙선침범,건조,맑음,단일로 - 기타,승용,여,35세,상해없음,승용,남,53세,경상
2015080700100342,2015년 8월 7일 14시,금요일,광주광역시 서구 금호동,경상사고,0,0,1,0,차대차 - 추돌 - 주정차중,안전거리미확보,건조,맑음,단일로 - 기타,특수,남,42세,상해없음,승용,남,49세,경상
2015080700100375,2015년 8월 7일 15시,금요일,광주광역시 서구 농성동,경상사고,0,0,1,0,차대사람 - 횡단중,보행자보호의무위반,건조,맑음,단일로 - 횡단보도상,승합,남,51세,상해없음,보행자,남,56세,경상