사고번호,사고일시,요일,시군구,사고내용,사망자수,중상자수,경상자수,부상신고자수,사고유형,법규위반,노면상태,기상상태,도로형태,가해운전자 차종,가해운전자 성별,가해운전자 연령,가해운전자 상해정도,피해운전자 차종,피해운전자 성별,피해운전자 연령,피해운전자 상해정도
2015080700100413,2015년 8월 7일 16시,금요일,광주광역시 동구 계림동,중상사고,0,1,1,0,차대차 - 측면직각충돌,안전운전불이행,건조,맑음,단일로 - 기타,승용,남,45세,경상,승용,남,57세,중상
2015080700100453,2015년 8월 7일 17시,금요일,광주광역시 서구 쌍촌동,부상신고사고,0,0,0,1,차대사람 - 기타,안전운전불이행,건조,맑음,단일로 - 기타,승용,남,65세,상해없음,보행자,남,53세,부상신고
2015080700100454,2015년 8월 7일 17시,금요일,광주광역시 광산구 장덕동,경상사고,0,0,2,0,차대차 - 기타,불법유턴,건조,맑음,교차로 - 교차로안,화물,남,66세,상해없음,화물,남,38세,경상
2015080700100531,2015년 8월 7일 19시,금요일,광주광역시 광산구 우산동,경상사고,0,0,4,0,차대차 - 측면직각충돌,안전운전불이행,건조,맑음,단일로 - 기타,승용,남,36세,경상,승용,남,43세,경상
2015080700100532,2015년 8월 7일 19시,금요일,광주광역시 광산구 도산동,중상사고,0,1,0,0,차대차 - 측면직각충돌,안전거리미확보,건조,맑음,단일로 - 기타,승용,남,31세,상해없음,이륜,남,19세,중상
2015080700100565,2015년 8월 7일 20시,금요일,광주광역시 북구 운암동,경상사고,0,0,6,0,차대차 - 추돌 - 주정차중,안전운전불이행,건조,맑음,단일로 - 기타,승용,남,54세,상해없음,승용,남,46세,경상
2015080700100634,2015년 8월 7일 22시,금요일,광주광역시 서구 농성동,중상사고,0,1,2,0,차대차 - 측면직각충돌,신호위반,건조,맑음,교차로 - 교차로안,승용,남,24세,상해없음,원동기,남,49세,경상
2015080700100635,2015년 8월 7일 22시,금요일,광주광역시 서구 쌍촌동,경상사고,0,0,1,0,차대차 - 기타,안전운전불이행,건조,맑음,단일로 - 기타,승용,남,67세,상해없음,이륜,남,20세,경상
2015080700100636,2015년 8월 7일 22시,금요일,광주광역시 서구 풍암동,경상사고,0,0,3,0,차대차 - 추돌 - 진행중,안전거리미확보,건조,흐림,단일로 - 기타,승용,남,41세,상해없음,승용,여,42세,경상
2015080700100637,2015년 8월 7일 22시,금요일,광주광역시 남구 백운동,사망사고,1,0,1,0,차대사람 - 차도통행중,안전운전불이행,건조,맑음,단일로 - 횡단보도부근,승용,남,68세,상해없음,보행자,남,25세,사망
2015080700100638,2015년 8월 7일 22시,금요일,광주광역시 북구 용봉동,경상사고,0,0,3,1,차대차 - 추돌 - 주정차중,안전운전불이행,건조,맑음,단일로 - 기타,승용,남,32세,상해없음,승용,남,25세,경상
2015080700100664,2015년 8월 7일 23시,금요일,광주광역시 남구 방림동,경상사고,0,0,3,0,차대차 - 정면충돌,안전운전불이행,건조,맑음,교차로 - 교차로부근,승용,남,55세,기타불명,승용,남,56세,경상
2015080800100024,2015년 8월 8일 00시,토요일,광주광역시 남구 진월동,경상사고,0,0,2,0,차대차 - 측면직각충돌,안전운전불이행,건조,맑음,교차로 - 교차로부근,승용,여,52세,상해없음,승용,여,28세,경상
2015080800100047,2015년 8월 8일 01시,토요일,광주광역시 북구 운암동,경상사고,0,0,2,0,차대차 - 측면직각충돌,신호위반,건조,맑음,교차로 - 교차로안,승용,남,22세,상해없음,승용,남,38세,경상
2015080800100048,2015년 8월 8일 01시,토요일,광주광역시 북구 유동,중상사고,0,1,0,0,차대사람 - 기타,보행자보호의무위반,건조,맑음,교차로 - 교차로부근,승용,남,64세,상해없음,보행자,남,30세,중상
2015080800100096,2015년 8월 8일 04시,토요일,광주광역시 동구 수기동,경상사고,0,0,1,0,차대차 - 측면직각충돌,안전운전불이행,건조,맑음,교차로 - 교차로안,승용,여,19세,상해없음,승용,남,55세,경상
2015080800100110,2015년 8월 8일 05시,토요일,광주광역시 서구 광천동,경상사고,0,0,1,0,차대차 - 측면직각충돌,안전거리미확보,건조,맑음,단일로 - 기타,승용,남,61세,상해없음,승용,남,45세,경상
2015080800100217,2015년 8월 8일 10시,토요일,광주광역시 북구 대촌동,경상사고,0,0,1,0,차대차 - 측면직각충돌,신호위반,건조,맑음,교차로 - 교차로안,승용,남,55세,상해없음,승용,남,28세,경상
2015080800100336,2015년 8월 8일 13시,토요일,광주광역시 서구 금호동,경상사고,0,0,1,0,차대사람 - 횡단중,중앙선침범,건조,맑음,교차로 - 교차로부근,원동기,남,44세,상해없음,보행자,여,32세,경상
2015080800100370,2015년 8월 8일 14시,토요일,광주광역시 광산구 송정동,경상사고,0,0,4,0,차대차 - 측면직각충돌,안전거리미확보,건조,맑음,교차로 - 교차로부근,승용,여,30세,경상,승용,여,27세,경상
2015080800100417,2015년 8월 8일 15시,토요일,광주광역시 북구 장등동,중상사고,0,2,1,0,차대차 - 정면충돌,안전운전불이행,건조,맑음,단일로 - 기타,화물,남,24세,경상,승용,여,43세,중상
2015080800100455,2015년 8월 8일 16시,토요일,광주광역시 서구 광천동,경상사고,0,0,3,0,차대차 - 측면직각충돌,안전거리미확보,건조,맑음,단일로 - 기타,승용,남,73세,상해없음,승용,여,37세,경상
2015080800100504,2015년 8월 8일 17시,토요일,광주광역시 서구 쌍촌동,경상사고,0,0,1,0,차대차 - 측면직각충돌,교차로운행방법위반,건조,맑음,교차로 - 교차로안,승용,여,28세,상해없음,승용,여,26세,경상
2015080800100549,2015년 8월 8일 18시,토요일,광주광역시 서구 치평동,중상사고,0,1,1,0,차대차 - 측면직각충돌,교차로운행방법위반,건조,맑음,교차로 - 교차로안,승용,여,26세,경상,승용,남,64세,중상
2015080800100637,2015년 8월 8일 21시,토요일,광주광역시 서구 벽진동,중상사고,0,2,3,0,차대차 - 추돌 - 주정차중,안전운전불이행,건조,맑음,교차로 - 교차로부근,승용,남,38세,상해없음,승용,여,41세,경상
2015080800100638,2015년 8월 8일 21시,토요일,광주광역시 북구 용봉동,중상사고,0,1,0,0,차대차 - 정면충돌,중앙선침범,건조,맑음,단일로 - 기타,화물,남,65세,상해없음,이륜,남,22세,중상
2015080800100673,2015년 8월 8일 22시,토요일,광주광역시 서구 화정동,경상사고,0,0,2,0,차대차 - 추돌 - 진행중,안전거리미확보,건조,맑음,단일로 - 기타,승용,남,38세,상해없음,승용,남,43세,경상
2015080800100674,2015년 8월 8일 22시,토요일,광주광역시 서구 화정동,경상사고,0,0,1,0,차대차 - 추돌 - 진행중,안전거리미확보,건조,맑음,단일로 - 기타,승용,남,38세,상해없음,승용,여,52세,경상
2015080900100015,2015년 8월 9일 00시,일요일,광주광역시 북구 오치동,경상사고,0,0,1,0,차대차 - 측면직각충돌,안전운전불이행,건조,맑음,단일로 - 기타,승용,기타불명,기타불명,기타불명,승용,여,28세,경상
2015080900100033,2015년 8월 9일 01시,일요일,광주광역시 서구 치평동,경상사고,0,0,1,0,차대차 - 측면직각충돌,교차로운행방법위반,건조,맑음,교차로 - 교차로안,승용,남,57세,상해없음,승용,남,39세,상해없음
2015080900100108,2015년 8월 9일 07시,일요일,광주광역시 서구 치평동,경상사고,0,0,4,0,차대차 - 측면직각충돌,신호위반,건조,맑음,교차로 - 교차로안,승용,남,31세,상해없음,승용,여,52세,경상
2015080900100126,2015년 8월 9일 09시,일요일,광주광역시 북구 오치동,경상사고,0,0,4,0,차대차 - 추돌 - 진행중,안전거리미확보,건조,맑음,단일로 - 기타,승용,남,51세,상해없음,승용,남,43세,경상
2015080900100201,2015년 8월 9일 12시,일요일,광주광역시 남구 방림동,경상사고,0,0,4,0,차대차 - 기타,안전운전불이행,건조,맑음,교차로 - 교차로부근,승용,남,68세,상해없음,승용,남,36세,경상
2015080900100277,2015년 8월 9일 15시,일요일,광주광역시 광산구 신촌동,중상사고,0,1,2,0,차대차 - 측면직각충돌,교차로운행방법위반,건조,맑음,교차로 - 교차로안,승용,남,24세,경상,이륜,남,38세,중상
2015080900100306,2015년 8월 9일 16시,일요일,광주광역시 동구 금남로5가,경상사고,0,0,1,0,차대차 - 기타,안전운전불이행,건조,맑음,교차로 - 교차로부근,승용,여,58세,상해없음,승합,남,35세,경상
2015080900100307,2015년 8월 9일 16시,일요일,광주광역시 서구 화정동,경상사고,0,0,1,0,차량단독 - 기타,안전운전불이행,건조,맑음,단일로 - 기타,승용,남,63세,상해없음,,,,
2015080900100367,2015년 8월 9일 18시,일요일,광주광역시 북구 일곡동,경상사고,0,0,1,0,차대사람 - 횡단중,보행자보호의무위반,건조,맑음,교차로 - 교차로안,기타불명,기타불명,기타불명,기타불명,보행자,여,44세,경상
2015080900100368,2015년 8월 9일 18시,일요일,광주광역시 광산구 신가동,경상사고,0,0,4,0,차대차 - 추돌 - 주정차중,안전운전불이행,건조,맑음,단일로 - 기타,승용,남,48세,상해없음,승용,남,48세,경상
2015080900100406,2015년 8월 9일 19시,일요일,광주광역시 동구 대인동,경상사고,0,0,1,0,차대차 - 측면직각충돌,안전운전불이행,건조,맑음,단일로 - 기타,이륜,남,52세,경상,승용,남,23세,상해없음
2015080900100468,2015년 8월 9일 21시,일요일,광주광역시 광산구 안청동,경상사고,0,0,1,0,차량단독 - 도로외이탈 - 추락,안전운전불이행,건조,맑음,교차로 - 교차로부근,원동기,남,29세,경상,,,,
2015080900100488,2015년 8월 9일 22시,일요일,광주광역시 북구 오치동,경상사고,0,0,1,0,차대차 - 추돌 - 주정차중,안전운전불이행,건조,맑음,교차로 - 교차로부근,승용,남,23세,상해없음,승용,남,38세,경상
2015080900100489,2015년 8월 9일 22시,일요일,광주광역시 북구 오치동,경상사고,0,0,3,0,차대차 - 추돌 - 주정차중,기타,건조,맑음,단일로 - 기타,승용,남,49세,상해없음,승용,여,32세,경상
2015080900100507,2015년 8월 9일 23시,일요일,광주광역시 남구 진월동,경상사고,0,0,1,0,차대차 - 측면직각충돌,직진우회전진행방해,건조,맑음,교차로 - 교차로안,승용,여,38세,상해없음,승용,남,35세,경상
2015080900100508,2015년 8월 9일 23시,일요일,광주광역시 광산구 월곡동,경상사고,0,0,5,0,차대차 - 추돌 - 주정차중,안전운전불이행,건조,맑음,교차로 - 교차로부근,승용,남,64세,상해없음,승용,남,35세,경상
2015081000100020,2015년 8월 10일 01시,월요일,광주광역시 광산구 신가동,부상신고사고,0,0,0,1,차대사람 - 기타,안전운전불이행,건조,맑음,단일로 - 기타,승용,남,30세,상해없음,보행자,여,22세,부상신고
2015081000100091,2015년 8월 10일 07시,월요일,광주광역시 광산구 비아동,경상사고,0,0,1,0,차대차 - 측면직각충돌,안전거리미확보,건조,맑음,단일로 - 기타,승용,남,43세,상해없음,화물,남,48세,경상
2015081000100183,2015년 8월 10일 10시,월요일,광주광역시 광산구 장덕동,중상사고,0,1,1,0,차대차 - 측면직각충돌,신호위반,건조,맑음,교차로 - 교차로안,승용,남,37세,경상,화물,남,42세,중상
2015081000100218,2015년 8월 10일 11시,월요일,광주광역시 서구 쌍촌동,경상사고,0,0,1,0,차대차 - 측면직각충돌,안전운전불이행,건조,맑음,단일로 - 기타,이륜,남,18세,상해없음,승용,남,34세,경상
2015081000100219,2015년 8월 10일 11시,월요일,광주광역시 북구 동림동,중상사고,0,1,1,0,차대차 - 측면직각충돌,불법유턴,건조,맑음,단일로 - 기타,화물,남,39세,경상,승용,남,32세,중상
2015081000100220,2015년 8월 10일 11시,월요일,광주광역시 북구 매곡동,경상사고,0,0,2,0,차대차 - 추돌 - 진행중,안전거리미확보,건조,맑음,교차로 - 교차로부근,화물,남,56세,상해없음,승용,남,42세,경상
2015081000100255,2015년 8월 10일 12시,월요일,광주광역시 남구 백운동,중상사고,0,1,0,0,차대사람 - 기타,안전운전불이행,건조,맑음,교차로 - 교차로안,승용,남,77세,기타불명,보행자,여,70세,중상
2015081000100256,2015년 8월 10일 12시,월요일,광주광역시 북구 삼각동,경상사고,0,0,1,0,차대차 - 기타,안전거리미확보,건조,맑음,교차로 - 교차로부근,승용,남,24세,상해없음,승용,여,59세,경상
2015081000100297,2015년 8월 10일 13시,월요일,광주광역시 서구 금호동,중상사고,0,1,1,0,차대사람 - 횡단중,안전운전불이행,건조,맑음,단일로 - 기타,이륜,남,18세,상해없음,보행자,여,12세,경상
2015081000100298,2015년 8월 10일 13시,월요일,광주광역시 남구 백운동,경상사고,0,0,2,0,차대차 - 측면직각충돌,안전운전불이행,건조,맑음,단일로 - 기타,승용,여,44세,경상,승용,여,40세,경상
2015081000100424,2015년 8월 10일 16시,월요일,광주광역시 동구 금남로5가,경상사고,0,0,1,0,차대차 - 기타,안전거리미확보,건조,맑음,단일로 - 기타,승용,남,57세,상해없음,승합,남,58세,상해없음
2015081000100425,2015년 8월 10일 16시,월요일,광주광역시 서구 쌍촌동,중상사고,0,1,0,0,차대차 - 측면직각충돌,안전운전불이행,건조,맑음,교차로 - 교차로부근,승용,남,73세,상해없음,자전거,남,8세,중상
2015081000100458,2015년 8월 10일 17시,월요일,광주광역시 서구 화정동,경상사고,0,0,1,0,차대차 - 추돌 - 주정차중,안전운전불이행,건조,맑음,단일로 - 기타,승용,여,64세,상해없음,승용,남,50세,경상
2015081000100459,2015년 8월 10일 17시,월요일,광주광역시 광산구 신창동,중상사고,0,1,0,0,차대차 - 기타,신호위반,건조,맑음,교차로 - 교차로안,승용,남,59세,상해없음,이륜,남,24세,중상
2015081000100548,2015년 8월 10일 19시,월요일,광주광역시 서구 농성동,경상사고,0,0,1,0,차대사람 - 횡단중,안전운전불이행,건조,맑음,단일로 - 기타,승용,남,48세,상해없음,보행자,여,24세,경상
2015081000100549,2015년 8월 10일 19시,월요일,광주광역시 남구 진월동,경상사고,0,0,1,0,차대차 - 추돌 - 진행중,안전거리미확보,건조,맑음,단일로 - 기타,화물,남,56세,기타불명,승용,남,30세,경상
2015081000100550,2015년 8월 10일 19시,월요일,광주광역시 광산구 우산동,경상사고,0,0,1,0,차대사람 - 기타,안전운전불이행,건조,맑음,단일로 - 기타,화물,남,49세,상해없음,보행자,남,9세,경상
2015081000100579,2015년 8월 10일 20시,월요일,광주광역시 동구 선교동,경상사고,0,0,1,0,차대차 - 기타,안전운전불이행,건조,맑음,단일로 - 기타,기타불명,기타불명,기타불명,기타불명,화물,남,43세,경상
2015081000100588,2015년 8월 10일 20시,월요일,광주광역시 서구 치평동,중상사고,0,1,0,0,차대차 - 측면직각충돌,안전운전불이행,건조,맑음,교차로 - 교차로부근,화물,남,23세,상해없음,이륜,남,33세,중상
2015081000100613,2015년 8월 10일 21시,월요일,광주광역시 서구 유촌동,경상사고,0,0,1,0,차대차 - 추돌 - 주정차중,안전운전불이행,건조,맑음,교차로 - 교차로부근,승용,여,54세,기타불명,승용,남,43세,경상
2015081000100614,2015년 8월 10일 21시,월요일,광주광역시 남구 진월동,경상사고,0,0,1,0,차대차 - 측면직각충돌,안전거리미확보,건조,맑음,단일로 - 기타,승용,남,44세,상해없음,원동기,남,20세,경상
2015081000100648,2015년 8월 10일 22시,월요일,광주광역시 서구 쌍촌동,경상사고,0,0,2,0,차대차 - 측면직각충돌,중앙선침범,건조,맑음,교차로 - 교차로부근,승용,여,44세,상해없음,승용,남,67세,경상
2015081000100674,2015년 8월 10일 23시,월요일,광주광역시 서구 쌍촌동,경상사고,0,0,1,0,차대차 - 추돌 - 주정차중,중앙선침범,건조,맑음,교차로 - 교차로부근,승용,남,55세,상해없음,이륜,남,34세,경상
2015081100100169,2015년 8월 11일 09시,화요일,광주광역시 광산구 우산동,중상사고,0,4,7,0,차대차 - 추돌 - 주정차중,안전운전불이행,습기,비,단일로 - 기타,화물,남,50세,상해없음,승용,남,55세,중상
2015081100100197,2015년 8월 11일 10시,화요일,광주광역시 동구 산수동,중상사고,0,1,0,0,차대차 - 기타,교차로운행방법위반,건조,흐림,교차로 - 교차로안,화물,여,38세,상해없음,이륜,남,70세,중상
2015081100100198,2015년 8월 11일 10시,화요일,광주광역시 서구 치평동,중상사고,0,1,0,0,차대사람 - 횡단중,신호위반,습기,비,교차로 - 교차로안,승용,남,76세,상해없음,보행자,여,81세,중상
2015081100100199,2015년 8월 11일 10시,화요일,광주광역시 광산구 쌍암동,경상사고,0,0,1,0,차대차 - 추돌 - 주정차중,안전운전불이행,건조,맑음,교차로 - 교차로부근,승용,남,53세,상해없음,승용,여,45세,경상
2015081100100231,2015년 8월 11일 11시,화요일,광주광역시 서구 치평동,경상사고,0,0,2,0,차대차 - 측면직각충돌,교차로운행방법위반,습기,비,교차로 - 교차로안,승용,여,33세,상해없음,승용,남,33세,경상
2015081100100232,2015년 8월 11일 11시,화요일,광주광역시 남구 봉선동,경상사고,0,0,1,0,차대차 - 측면직각충돌,안전운전불이행,습기,비,교차로 - 교차로부근,승용,남,68세,상해없음,승용,여,44세,경상
2015081100100262,2015년 8월 11일 12시,화요일,광주광역시 동구 산수동,경상사고,0,0,2,0,차대차 - 추돌 - 진행중,안전거리미확보,습기,비,단일로 - 기타,승용,남,52세,상해없음,승용,여,39세,경상
2015081100100303,2015년 8월 11일 13시,화요일,광주광역시 남구 백운동,경상사고,0,0,1,0,차대차 - 추돌 - 주정차중,안전운전불이행,습기,비,교차로 - 교차로부근,건설기계,남,55세,상해없음,이륜,남,23세,경상
2015081100100379,2015년 8월 11일 15시,화요일,광주광역시 북구 문흥동,경상사고,0,0,1,0,차대사람 - 차도통행중,안전운전불이행,건조,맑음,교차로 - 교차로안,승용,여,44세,상해없음,보행자,여,9세,경상
2015081100100501,2015년 8월 11일 18시,화요일,광주광역시 서구 치평동,경상사고,0,0,1,0,차대차 - 추돌 - 주정차중,안전운전불이행,습기,비,교차로 - 교차로부근,승용,남,66세,상해없음,승용,남,42세,경상
2015081100100502,2015년 8월 11일 18시,화요일,광주광역시 북구 신안동,경상사고,0,0,1,0,차대차 - 추돌 - 주정차중,안전운전불이행,습기,비,단일로 - 기타,승용,남,62세,상해없음,승용,남,42세,경상
2015081100100541,2015년 8월 11일 19시,화요일,광주광역시 서구 금호동,경상사고,0,0,2,0,차대차 - 추돌 - 진행중,안전거리미확보,습기,비,교차로 - 교차로부근,원동기,남,19세,상해없음,화물,남,37세,경상
2015081100100542,2015년 8월 11일 19시,화요일,광주광역시 남구 양림동,경상사고,0,0,1,0,차대차 - 측면직각충돌,교차로운행방법위반,습기,비,교차로 - 교차로안,승용,남,44세,상해없음,승용,남,40세,경상
2015081100100543,2015년 8월 11일 19시,화요일,광주광역시 광산구 신가동,경상사고,0,0,2,0,차대차 - 추돌 - 진행중,안전거리미확보,습기,비,단일로 - 기타,승용,남,56세,상해없음,승용,여,47세,경상
2015081100100588,2015년 8월 11일 20시,화요일,광주광역시 북구 운암동,경상사고,0,0,1,0,차대차 - 측면직각충돌,신호위반,건조,맑음,교차로 - 교차로안,원동기,남,24세,경상,화물,남,68세,상해없음
2015081100100589,2015년 8월 11일 20시,화요일,광주광역시 북구 문흥동,경상사고,0,0,1,0,차대사람 - 횡단중,안전운전불이행,습기,비,단일로 - 기타,승합,남,48세,상해없음,보행자,여,47세,경상
2015081100100634,2015년 8월 11일 21시,화요일,광주광역시 서구 화정동,경상사고,0,0,1,0,차대사람 - 길가장자리구역통행중,안전운전불이행,습기,비,단일로 - 기타,화물,여,42세,상해없음,보행자,남,55세,경상
2015081100100635,2015년 8월 11일 21시,화요일,광주광역시 북구 용봉동,중상사고,0,1,0,0,차대사람 - 횡단중,신호위반,습기,비,교차로 - 교차로부근,이륜,남,19세,상해없음,보행자,여,58세,중상
2015081100100636,2015년 8월 11일 21시,화요일,광주광역시 광산구 쌍암동,경상사고,0,0,2,0,차대차 - 추돌 - 진행중,안전운전불이행,건조,맑음,교차로 - 교차로안,승용,남,42세,상해없음,승용,여,31세,경상
2015081100100679,2015년 8월 11일 22시,화요일,광주광역시 남구 진월동,경상사고,0,0,1,0,차대차 - 측면직각충돌,신호위반,습기,비,교차로 - 교차로안,승용,여,33세,상해없음,승용,남,55세,경상
2015081100100680,2015년 8월 11일 22시,화요일,광주광역시 북구 우산동,경상사고,0,0,2,0,차대차 - 추돌 - 주정차중,안전운전불이행,습기,비,단일로 - 기타,승용,남,61세,상해없음,승용,남,49세,경상
2015081100100716,2015년 8월 11일 23시,화요일,광주광역시 광산구 우산동,경상사고,0,0,1,0,차대차 - 기타,안전운전불이행,습기,비,교차로 - 교차로안,승용,남,42세,상해없음,승합,남,31세,경상
2015081200100015,2015년 8월 12일 00시,수요일,광주광역시 광산구 월계동,경상사고,0,0,1,0,차대차 - 측면직각충돌,차로위반,건조,맑음,단일로 - 기타,승용,남,46세,상해없음,승용,여,47세,경상
2015081200100016,2015년 8월 12일 00시,수요일,광주광역시 광산구 우산동,경상사고,0,0,2,0,차대차 - 추돌 - 진행중,안전운전불이행,습기,비,교차로 - 교차로부근,승용,남,43세,상해없음,승용,남,39세,경상
2015081200100040,2015년 8월 12일 02시,수요일,광주광역시 동구 수기동,경상사고,0,0,1,0,차대차 - 측면직각충돌,안전운전불이행,습기,비,교차로 - 교차로안,승용,남,48세,상해없음,자전거,남,66세,경상
2015081200100041,2015년 8월 12일 02시,수요일,광주광역시 서구 쌍촌동,중상사고,0,1,0,0,차대사람 - 횡단중,안전운전불이행,습기,비,교차로 - 교차로부근,승용,남,51세,상해없음,보행자,남,68세,중상
2015081200100105,2015년 8월 12일 07시,수요일,광주광역시 서구 풍암동,경상사고,0,0,1,0,차대차 - 기타,직진우회전진행방해,건조,맑음,교차로 - 교차로안,승용,남,31세,기타불명,승용,남,28세,경상
2015081200100138,2015년 8월 12일 08시,수요일,광주광역시 북구 용봉동,경상사고,0,0,2,0,차대차 - 추돌 - 진행중,안전운전불이행,건조,맑음,기타 - 기타,승합,남,53세,상해없음,화물,남,46세,경상
2015081200100139,2015년 8월 12일 08시,수요일,광주광역시 광산구 지죽동,경상사고,0,0,2,0,차대차 - 측면직각충돌,안전운전불이행,건조,맑음,단일로 - 기타,승용,여,55세,경상,화물,남,45세,기타불명
2015081200100166,2015년 8월 12일 09시,수요일,광주광역시 서구 치평동,부상신고사고,0,0,0,1,차대차 - 측면직각충돌,교차로운행방법위반,건조,맑음,교차로 - 교차로안,승용,여,58세,상해없음,승용,남,55세,부상신고
2015081200100230,2015년 8월 12일 11시,수요일,광주광역시 남구 진월동,경상사고,0,0,1,0,차대사람 - 기타,안전운전불이행,건조,맑음,단일로 - 기타,승합,남,50세,상해없음,보행자,여,38세,경상
2015081200100231,2015년 8월 12일 11시,수요일,광주광역시 북구 두암동,경상사고,0,0,1,0,차대사람 - 기타,안전운전불이행,건조,맑음,단일로 - 기타,승용,남,22세,상해없음,보행자,여,37세,경상
2015081200100265,2015년 8월 12일 12시,수요일,광주광역시 서구 광천동,경상사고,0,0,1,0,차대사람 - 횡단중,신호위반,건조,맑음,교차로 - 교차로안,승용,남,73세,상해없음,보행자,남,8세,경상
2015081200100298,2015년 8월 12일 13시,수요일,광주광역시 북구 중흥동,경상사고,0,0,6,0,차대차 - 측면직각충돌,교차로운행방법위반,건조,맑음,교차로 - 교차로안,승용,여,58세,경상,승용,남,51세,상해없음
2015081200100333,2015년 8월 12일 14시,수요일,광주광역시 광산구 월곡동,경상사고,0,0,2,0,차대차 - 정면충돌,중앙선침범,건조,맑음,단일로 - 기타,이륜,남,48세,경상,승용,남,48세,경상
2015081200100410,2015년 8월 12일 16시,수요일,광주광역시 동구 소태동,경상사고,0,0,2,0,차대차 - 기타,안전운전불이행,건조,흐림,단일로 - 기타,승용,남,35세,경상,승용,남,36세,경상
2015081200100489,2015년 8월 12일 18시,수요일,광주광역시 서구 풍암동,경상사고,0,0,1,0,차대차 - 측면직각충돌,안전운전불이행,건조,맑음,단일로 - 기타,승용,남,23세,상해없음,승용,여,31세,경상
2015081200100490,2015년 8월 12일 18시,수요일,광주광역시 북구 일곡동,경상사고,0,0,1,0,차대사람 - 횡단중,보행자보호의무위반,건조,맑음,교차로 - 교차로안,이륜,남,19세,상해없음,보행자,남,9세,경상
2015081200100491,2015년 8월 12일 18시,수요일,광주광역시 북구 문흥동,경상사고,0,0,3,0,차대차 - 추돌 - 진행중,안전운전불이행,건조,맑음,교차로 - 교차로부근,화물,남,47세,상해없음,승용,여,56세,경상
2015081200100492,2015년 8월 12일 18시,수요일,광주광역시 북구 운암동,경상사고,0,0,3,0,차대차 - 측면직각충돌,안전거리미확보,건조,맑음,단일로 - 기타,승용,남,34세,경상,승용,남,63세,경상
2015081200100527,2015년 8월 12일 19시,수요일,광주광역시 북구 오치동,경상사고,0,0,1,0,차대사람 - 보도통행중,안전운전불이행,건조,맑음,교차로 - 교차로부근,자전거,여,62세,기타불명,보행자,여,56세,경상
2015081200100569,2015년 8월 12일 20시,수요일,광주광역시 서구 유촌동,경상사고,0,0,1,0,차대차 - 추돌 - 진행중,안전운전불이행,건조,맑음,교차로 - 교차로부근,승용,남,40세,상해없음,승용,여,36세,경상
2015081200100661,2015년 8월 12일 23시,수요일,광주광역시 광산구 하남동,중상사고,0,1,0,0,차대차 - 측면직각충돌,신호위반,건조,맑음,교차로 - 교차로안,승용,남,60세,상해없음,승용,남,26세,중상
2015081300100022,2015년 8월 13일 00시,목요일,광주광역시 북구 용봉동,경상사고,0,0,1,0,차대사람 - 기타,안전운전불이행,건조,맑음,교차로 - 교차로부근,승용,남,35세,상해없음,보행자,남,29세,경상
2015081300100023,2015년 8월 13일 00시,목요일,광주광역시 광산구 소촌동,경상사고,0,0,1,0,차대차 - 추돌 - 진행중,안전운전불이행,건조,맑음,교차로 - 교차로안,승용,남,20세,상해없음,승용,남,62세,경상
2015081300100148,2015년 8월 13일 08시,목요일,광주광역시 광산구 흑석동,경상사고,0,0,1,0,차대차 - 측면직각충돌,안전거리미확보,건조,맑음,단일로 - 기타,승용,여,46세,상해없음,승용,여,26세,경상
2015081300100185,2015년 8월 13일 09시,목요일,광주광역시 북구 운암동,경상사고,0,0,1,0,차대차 - 추돌 - 진행중,안전거리미확보,건조,맑음,단일로 - 기타,승용,남,60세,상해없음,승용,남,52세,상해없음
2015081300100209,2015년 8월 13일 10시,목요일,광주광역시 서구 치평동,경상사고,0,0,1,0,차대차 - 측면직각충돌,직진우회전진행방해,건조,맑음,교차로 - 교차로안,승용,여,28세,상해없음,승용,여,31세,경상
2015081300100236,2015년 8월 13일 11시,목요일,광주광역시 북구 일곡동,경상사고,0,0,1,0,차대차 - 측면직각충돌,안전운전불이행,건조,맑음,교차로 - 교차로안,승용,남,50세,상해없음,자전거,남,45세,경상
2015081300100306,2015년 8월 13일 13시,목요일,광주광역시 광산구 장록동,경상사고,0,0,1,0,차대차 - 측면직각충돌,신호위반,건조,맑음,교차로 - 교차로안,화물,남,67세,상해없음,승용,남,45세,경상
2015081300100343,2015년 8월 13일 14시,목요일,광주광역시 북구 신안동,경상사고,0,0,1,0,차대차 - 측면직각충돌,안전운전불이행,건조,맑음,단일로 - 기타,승용,남,30세,상해없음,승용,남,62세,경상
2015081300100378,2015년 8월 13일 15시,목요일,광주광역시 북구 매곡동,경상사고,0,0,1,0,차대사람 - 길가장자리구역통행중,안전운전불이행,건조,맑음,단일로 - 기타,승용,남,79세,상해없음,보행자,여,29세,경상
2015081300100379,2015년 8월 13일 15시,목요일,광주광역시 북구 두암동,경상사고,0,0,2,0,차대차 - 측면직각충돌,교차로운행방법위반,건조,맑음,교차로 - 교차로안,승용,여,36세,경상,승용,남,23세,경상
2015081300100415,2015년 8월 13일 16시,목요일,광주광역시 북구 양산동,중상사고,0,1,0,0,차대사람 - 횡단중,신호위반,건조,맑음,교차로 - 교차로부근,승용,여,55세,상해없음,보행자,남,8세,중상