사고번호,사고일시,요일,시군구,사고내용,사망자수,중상자수,경상자수,부상신고자수,사고유형,법규위반,노면상태,기상상태,도로형태,가해운전자 차종,가해운전자 성별,가해운전자 연령,가해운전자 상해정도,피해운전자 차종,피해운전자 성별,피해운전자 연령,피해운전자 상해정도
2015081300100456,2015년 8월 13일 17시,목요일,광주광역시 북구 오치동,경상사고,0,0,1,0,차대사람 - 보도통행중,안전운전불이행,건조,맑음,단일로 - 기타,승합,남,67세,상해없음,보행자,남,37세,경상
2015081300100457,2015년 8월 13일 17시,목요일,광주광역시 북구 신용동,경상사고,0,0,1,0,차대차 - 측면직각충돌,중앙선침범,건조,맑음,단일로 - 기타,승용,남,61세,상해없음,이륜,남,24세,경상
2015081300100458,2015년 8월 13일 17시,목요일,광주광역시 광산구 월곡동,경상사고,0,0,1,0,차대차 - 측면직각충돌,교차로운행방법위반,건조,맑음,교차로 - 교차로안,승용,여,49세,상해없음,이륜,남,38세,경상
2015081300100459,2015년 8월 13일 17시,목요일,광주광역시 광산구 신가동,경상사고,0,0,4,0,차대차 - 추돌 - 주정차중,안전운전불이행,건조,맑음,단일로 - 기타,승용,남,27세,상해없음,승용,남,36세,경상
2015081300100596,2015년 8월 13일 20시,목요일,광주광역시 서구 풍암동,중상사고,0,1,1,0,차대사람 - 기타,안전운전불이행,건조,맑음,단일로 - 기타,원동기,남,19세,상해없음,보행자,남,51세,경상
2015081300100665,2015년 8월 13일 22시,목요일,광주광역시 서구 풍암동,경상사고,0,0,1,0,차대차 - 추돌 - 주정차중,교차로운행방법위반,건조,맑음,교차로 - 교차로안,원동기,남,19세,경상,승용,남,48세,상해없음
2015081300100702,2015년 8월 13일 23시,목요일,광주광역시 서구 금호동,경상사고,0,0,2,0,차대차 - 추돌 - 주정차중,안전운전불이행,건조,맑음,교차로 - 교차로부근,승용,여,52세,상해없음,승용,남,57세,경상
2015081300100703,2015년 8월 13일 23시,목요일,광주광역시 서구 치평동,경상사고,0,0,3,0,차대차 - 기타,불법유턴,건조,맑음,단일로 - 기타,승용,남,40세,상해없음,승용,남,32세,경상
2015081400100024,2015년 8월 14일 00시,금요일,광주광역시 서구 쌍촌동,경상사고,0,0,1,0,차대차 - 추돌 - 주정차중,안전운전불이행,건조,맑음,교차로 - 교차로부근,승용,남,35세,상해없음,승용,남,68세,경상
2015081400100025,2015년 8월 14일 00시,금요일,광주광역시 서구 화정동,경상사고,0,0,1,0,차대차 - 기타,안전운전불이행,건조,맑음,단일로 - 기타,승용,남,21세,기타불명,승용,남,66세,경상
2015081400100066,2015년 8월 14일 02시,금요일,광주광역시 북구 임동,경상사고,0,0,1,0,차대차 - 측면직각충돌,안전운전불이행,건조,맑음,교차로 - 교차로안,승용,기타불명,기타불명,기타불명,승용,여,31세,경상
2015081400100116,2015년 8월 14일 06시,금요일,광주광역시 서구 치평동,경상사고,0,0,2,0,차대차 - 기타,안전거리미확보,건조,맑음,단일로 - 기타,승용,남,19세,상해없음,승용,여,68세,경상
2015081400100130,2015년 8월 14일 07시,금요일,광주광역시 광산구 월계동,경상사고,0,0,1,0,차량단독 - 공작물충돌,안전운전불이행,건조,맑음,교차로 - 교차로부근,승용,남,26세,경상,,,,
2015081400100411,2015년 8월 14일 15시,금요일,광주광역시 서구 광천동,경상사고,0,0,1,0,차대차 - 추돌 - 진행중,안전운전불이행,건조,맑음,교차로 - 교차로부근,승용,남,26세,상해없음,승용,남,57세,경상
2015081400100412,2015년 8월 14일 15시,금요일,광주광역시 남구 방림동,부상신고사고,0,0,0,1,차대사람 - 횡단중,안전운전불이행,건조,맑음,단일로 - 기타,승용,여,56세,상해없음,보행자,남,3세,부상신고
2015081400100413,2015년 8월 14일 15시,금요일,광주광역시 광산구 수완동,부상신고사고,0,0,0,2,차대차 - 추돌 - 주정차중,안전거리미확보,건조,맑음,교차로 - 교차로안,이륜,남,49세,부상신고,이륜,남,36세,부상신고
2015081400100492,2015년 8월 14일 17시,금요일,광주광역시 서구 농성동,부상신고사고,0,0,0,2,차대차 - 추돌 - 진행중,교차로운행방법위반,건조,맑음,교차로 - 교차로안,승용,남,54세,상해없음,화물,남,28세,부상신고
2015081400100493,2015년 8월 14일 17시,금요일,광주광역시 광산구 용동,중상사고,0,1,0,0,차대차 - 측면직각충돌,안전운전불이행,건조,맑음,단일로 - 기타,승용,여,33세,상해없음,원동기,남,69세,중상
2015081400100562,2015년 8월 14일 19시,금요일,광주광역시 북구 각화동,경상사고,0,0,1,0,차대차 - 측면직각충돌,안전운전불이행,건조,맑음,교차로 - 교차로안,승용,여,47세,상해없음,화물,남,56세,경상
2015081400100693,2015년 8월 14일 23시,금요일,광주광역시 서구 금호동,중상사고,0,1,0,0,차대사람 - 횡단중,안전운전불이행,건조,맑음,단일로 - 기타,승용,남,49세,상해없음,보행자,여,18세,중상
2015081500100027,2015년 8월 15일 00시,토요일,광주광역시 북구 문흥동,중상사고,0,2,2,0,차대차 - 정면충돌,중앙선침범,건조,맑음,단일로 - 기타,승용,남,35세,경상,승용,남,45세,중상
2015081500100042,2015년 8월 15일 01시,토요일,광주광역시 북구 중흥동,경상사고,0,0,1,0,차대차 - 기타,안전운전불이행,건조,맑음,교차로 - 교차로부근,승용,기타불명,기타불명,기타불명,원동기,남,22세,경상
2015081500100057,2015년 8월 15일 02시,토요일,광주광역시 광산구 수완동,경상사고,0,0,1,0,차대차 - 측면직각충돌,안전운전불이행,건조,맑음,단일로 - 기타,승용,남,31세,상해없음,이륜,남,22세,경상
2015081500100085,2015년 8월 15일 04시,토요일,광주광역시 남구 송하동,경상사고,0,0,1,0,차대차 - 측면직각충돌,신호위반,건조,맑음,교차로 - 교차로안,화물,남,57세,상해없음,승합,남,69세,경상
2015081500100111,2015년 8월 15일 06시,토요일,광주광역시 광산구 장덕동,중상사고,0,1,1,0,차대차 - 측면직각충돌,신호위반,건조,맑음,교차로 - 교차로안,승용,남,30세,상해없음,화물,남,61세,경상
2015081500100120,2015년 8월 15일 07시,토요일,광주광역시 광산구 지죽동,경상사고,0,0,1,0,차대차 - 측면직각충돌,안전거리미확보,건조,맑음,단일로 - 기타,승용,여,30세,상해없음,승용,여,49세,경상
2015081500100144,2015년 8월 15일 08시,토요일,광주광역시 북구 금곡동,중상사고,0,2,3,0,차량단독 - 전도전복,안전운전불이행,건조,맑음,단일로 - 기타,승합,남,51세,상해없음,,,,
2015081500100145,2015년 8월 15일 08시,토요일,광주광역시 북구 용봉동,중상사고,0,1,3,0,차대차 - 기타,교차로운행방법위반,건조,맑음,교차로 - 교차로안,승용,여,22세,상해없음,승용,남,64세,경상
2015081500100166,2015년 8월 15일 09시,토요일,광주광역시 광산구 하남동,중상사고,0,1,1,0,차대차 - 추돌 - 주정차중,안전운전불이행,건조,맑음,교차로 - 교차로부근,화물,남,46세,상해없음,화물,남,37세,경상
2015081500100219,2015년 8월 15일 11시,토요일,광주광역시 서구 덕흥동,경상사고,0,0,1,0,차대차 - 측면직각충돌,차로위반,건조,맑음,단일로 - 기타,승용,남,32세,상해없음,승용,남,47세,경상
2015081500100328,2015년 8월 15일 15시,토요일,광주광역시 동구 용산동,경상사고,0,0,1,0,차대차 - 측면직각충돌,안전거리미확보,건조,맑음,단일로 - 기타,승용,여,39세,경상,승용,여,46세,상해없음
2015081500100390,2015년 8월 15일 17시,토요일,광주광역시 서구 광천동,중상사고,0,1,0,0,차대사람 - 기타,안전운전불이행,건조,맑음,교차로 - 교차로안,기타불명,기타불명,기타불명,기타불명,보행자,남,67세,중상
2015081500100418,2015년 8월 15일 18시,토요일,광주광역시 광산구 산월동,경상사고,0,0,1,0,차대차 - 측면직각충돌,교차로운행방법위반,건조,맑음,교차로 - 교차로안,승용,남,26세,상해없음,승용,남,70세,경상
2015081500100459,2015년 8월 15일 19시,토요일,광주광역시 광산구 수완동,경상사고,0,0,2,0,차대차 - 기타,불법유턴,건조,맑음,단일로 - 기타,승용,남,52세,상해없음,승용,남,45세,경상
2015081500100460,2015년 8월 15일 19시,토요일,광주광역시 광산구 월계동,경상사고,0,0,6,0,차대차 - 추돌 - 주정차중,안전운전불이행,건조,맑음,단일로 - 기타,승용,남,48세,상해없음,승용,남,31세,경상
2015081500100583,2015년 8월 15일 23시,토요일,광주광역시 광산구 우산동,경상사고,0,0,5,0,차대차 - 추돌 - 진행중,안전운전불이행,건조,맑음,단일로 - 기타,승용,남,56세,상해없음,승용,남,23세,경상
2015081600100032,2015년 8월 16일 01시,일요일,광주광역시 서구 치평동,경상사고,0,0,1,0,차대사람 - 길가장자리구역통행중,안전운전불이행,건조,맑음,단일로 - 기타,승용,남,40세,상해없음,보행자,남,20세,경상
2015081600100033,2015년 8월 16일 01시,일요일,광주광역시 서구 광천동,경상사고,0,0,1,0,차대차 - 추돌 - 주정차중,안전운전불이행,건조,맑음,단일로 - 기타,승용,남,24세,상해없음,승용,남,29세,경상
2015081600100074,2015년 8월 16일 05시,일요일,광주광역시 광산구 연산동,경상사고,0,0,5,0,차대차 - 측면직각충돌,신호위반,건조,맑음,교차로 - 교차로안,승용,남,42세,경상,승용,남,41세,경상
2015081600100103,2015년 8월 16일 07시,일요일,광주광역시 광산구 장덕동,중상사고,0,1,1,0,차대차 - 측면직각충돌,신호위반,건조,맑음,교차로 - 교차로안,승용,남,26세,경상,승용,여,44세,중상
2015081600100239,2015년 8월 16일 13시,일요일,광주광역시 서구 치평동,경상사고,0,0,1,0,차대차 - 기타,안전운전불이행,건조,맑음,교차로 - 교차로부근,승용,남,42세,상해없음,이륜,남,33세,경상
2015081600100275,2015년 8월 16일 14시,일요일,광주광역시 광산구 월계동,경상사고,0,0,2,0,차대차 - 측면직각충돌,안전거리미확보,건조,맑음,단일로 - 기타,승용,남,49세,경상,승용,여,46세,경상
2015081600100309,2015년 8월 16일 15시,일요일,광주광역시 북구 본촌동,경상사고,0,0,1,0,차대차 - 기타,교차로운행방법위반,건조,맑음,교차로 - 교차로안,이륜,남,53세,경상,승용,남,33세,상해없음
2015081600100310,2015년 8월 16일 15시,일요일,광주광역시 광산구 비아동,경상사고,0,0,3,0,차대차 - 측면직각충돌,안전운전불이행,건조,맑음,교차로 - 교차로부근,승용,남,44세,상해없음,승용,남,30세,경상
2015081600100377,2015년 8월 16일 17시,일요일,광주광역시 서구 매월동,경상사고,0,0,3,0,차대차 - 측면직각충돌,안전운전불이행,건조,맑음,교차로 - 교차로안,이륜,남,49세,경상,승용,남,38세,상해없음
2015081600100420,2015년 8월 16일 18시,일요일,광주광역시 남구 양림동,경상사고,0,0,1,0,차대사람 - 횡단중,안전운전불이행,건조,맑음,단일로 - 기타,승용,남,73세,상해없음,보행자,여,43세,경상
2015081600100503,2015년 8월 16일 20시,일요일,광주광역시 동구 광산동,경상사고,0,0,2,0,차대차 - 기타,안전운전불이행,건조,맑음,교차로 - 교차로안,승용,남,29세,상해없음,승용,남,37세,경상
2015081600100504,2015년 8월 16일 20시,일요일,광주광역시 북구 임동,경상사고,0,0,1,0,차대차 - 기타,교차로운행방법위반,건조,맑음,교차로 - 교차로안,승용,남,49세,상해없음,승용,남,63세,상해없음
2015081600100536,2015년 8월 16일 21시,일요일,광주광역시 북구 신안동,중상사고,0,1,0,0,차대차 - 측면직각충돌,안전거리미확보,건조,맑음,단일로 - 기타,승용,남,47세,상해없음,이륜,남,32세,중상
2015081600100537,2015년 8월 16일 21시,일요일,광주광역시 북구 운암동,경상사고,0,0,1,0,차대사람 - 횡단중,신호위반,습기,비,교차로 - 교차로안,승용,남,33세,상해없음,보행자,여,22세,경상
2015081600100538,2015년 8월 16일 21시,일요일,광주광역시 북구 일곡동,경상사고,0,0,3,0,차대차 - 기타,안전거리미확보,습기,비,단일로 - 기타,승용,여,51세,상해없음,승합,남,64세,상해없음
2015081600100568,2015년 8월 16일 22시,일요일,광주광역시 서구 치평동,경상사고,0,0,1,0,차대차 - 측면직각충돌,안전거리미확보,습기,비,단일로 - 기타,기타불명,기타불명,기타불명,기타불명,승용,여,46세,경상
2015081600100569,2015년 8월 16일 22시,일요일,광주광역시 남구 주월동,경상사고,0,0,1,0,차대사람 - 기타,안전운전불이행,건조,맑음,단일로 - 기타,승용,남,50세,상해없음,보행자,여,58세,경상
2015081600100570,2015년 8월 16일 22시,일요일,광주광역시 광산구 월곡동,경상사고,0,0,2,0,차대차 - 측면직각충돌,직진우회전진행방해,습기,비,교차로 - 교차로안,승용,남,63세,경상,승용,남,33세,경상
2015081700100029,2015년 8월 17일 02시,월요일,광주광역시 북구 각화동,경상사고,0,0,1,0,차대차 - 기타,안전운전불이행,건조,맑음,단일로 - 기타,승용,남,44세,상해없음,승용,남,31세,경상
2015081700100045,2015년 8월 17일 05시,월요일,광주광역시 광산구 신창동,경상사고,0,0,1,0,차대사람 - 횡단중,보행자보호의무위반,건조,맑음,교차로 - 교차로부근,승용,남,23세,상해없음,보행자,여,59세,경상
2015081700100059,2015년 8월 17일 06시,월요일,광주광역시 북구 임동,경상사고,0,0,1,0,차대차 - 추돌 - 진행중,안전운전불이행,건조,맑음,교차로 - 교차로안,승용,남,57세,상해없음,이륜,남,44세,경상
2015081700100085,2015년 8월 17일 07시,월요일,광주광역시 서구 화정동,경상사고,0,0,1,0,차대차 - 추돌 - 진행중,교차로운행방법위반,건조,맑음,교차로 - 교차로안,승용,여,61세,상해없음,승용,남,33세,경상
2015081700100086,2015년 8월 17일 07시,월요일,광주광역시 북구 용봉동,경상사고,0,0,1,0,차대차 - 기타,안전거리미확보,건조,맑음,교차로 - 교차로부근,승합,남,56세,상해없음,승용,남,26세,경상
2015081700100147,2015년 8월 17일 09시,월요일,광주광역시 서구 유촌동,경상사고,0,0,1,0,차대차 - 측면직각충돌,차로위반,건조,맑음,단일로 - 기타,승용,남,33세,상해없음,승용,남,25세,경상
2015081700100267,2015년 8월 17일 12시,월요일,광주광역시 동구 금남로5가,경상사고,0,0,2,0,차대차 - 추돌 - 주정차중,안전운전불이행,건조,맑음,단일로 - 기타,승합,남,56세,상해없음,승용,여,49세,경상
2015081700100268,2015년 8월 17일 12시,월요일,광주광역시 남구 봉선동,경상사고,0,0,1,0,차대사람 - 횡단중,안전운전불이행,건조,맑음,교차로 - 교차로부근,승합,남,48세,상해없음,보행자,남,14세,경상
2015081700100269,2015년 8월 17일 12시,월요일,광주광역시 북구 삼각동,경상사고,0,0,1,0,차대차 - 측면직각충돌,신호위반,건조,맑음,교차로 - 교차로안,승용,여,49세,상해없음,승용,여,49세,경상
2015081700100305,2015년 8월 17일 13시,월요일,광주광역시 북구 두암동,경상사고,0,0,3,0,차대차 - 측면직각충돌,안전운전불이행,건조,맑음,단일로 - 기타,승용,남,27세,경상,승용,남,57세,경상
2015081700100306,2015년 8월 17일 13시,월요일,광주광역시 북구 두암동,경상사고,0,0,3,0,차대차 - 추돌 - 주정차중,안전거리미확보,건조,맑음,단일로 - 기타,화물,남,49세,상해없음,승용,여,62세,경상
2015081700100348,2015년 8월 17일 14시,월요일,광주광역시 서구 치평동,경상사고,0,0,1,0,차대차 - 추돌 - 진행중,불법유턴,건조,맑음,교차로 - 교차로부근,승용,남,34세,상해없음,승용,남,36세,경상
2015081700100349,2015년 8월 17일 14시,월요일,광주광역시 남구 송하동,경상사고,0,0,1,0,차대차 - 기타,교차로운행방법위반,건조,맑음,교차로 - 교차로부근,승용,남,57세,상해없음,원동기,남,60세,경상
2015081700100387,2015년 8월 17일 15시,월요일,광주광역시 서구 광천동,경상사고,0,0,1,0,차대차 - 추돌 - 진행중,교차로운행방법위반,건조,맑음,교차로 - 교차로안,승용,여,54세,상해없음,승용,남,23세,경상
2015081700100388,2015년 8월 17일 15시,월요일,광주광역시 서구 농성동,경상사고,0,0,1,0,차대차 - 측면직각충돌,차로위반,건조,맑음,교차로 - 교차로부근,승용,여,43세,상해없음,승용,남,49세,경상
2015081700100435,2015년 8월 17일 16시,월요일,광주광역시 광산구 신촌동,경상사고,0,0,2,0,차대차 - 측면직각충돌,안전거리미확보,건조,맑음,단일로 - 기타,승용,여,51세,상해없음,승용,남,63세,경상
2015081700100490,2015년 8월 17일 17시,월요일,광주광역시 남구 월산동,경상사고,0,0,1,1,차대차 - 추돌 - 진행중,안전운전불이행,건조,맑음,단일로 - 기타,승용,남,40세,상해없음,승용,남,30세,경상
2015081700100539,2015년 8월 17일 18시,월요일,광주광역시 동구 계림동,중상사고,0,1,4,0,차대차 - 측면직각충돌,신호위반,건조,맑음,교차로 - 교차로안,승용,여,33세,경상,승용,남,70세,경상
2015081700100586,2015년 8월 17일 19시,월요일,광주광역시 서구 농성동,경상사고,0,0,1,0,차대사람 - 차도통행중,안전운전불이행,건조,흐림,단일로 - 기타,승용,남,31세,상해없음,보행자,여,63세,경상
2015081700100587,2015년 8월 17일 19시,월요일,광주광역시 서구 유촌동,경상사고,0,0,2,0,차대차 - 측면직각충돌,안전거리미확보,건조,맑음,단일로 - 기타,승용,남,71세,상해없음,승용,남,39세,경상
2015081700100588,2015년 8월 17일 19시,월요일,광주광역시 남구 봉선동,경상사고,0,0,1,0,차대차 - 기타,교차로운행방법위반,건조,맑음,교차로 - 교차로안,승용,여,29세,상해없음,원동기,남,18세,경상
2015081700100628,2015년 8월 17일 20시,월요일,광주광역시 서구 풍암동,경상사고,0,0,1,0,차대차 - 추돌 - 진행중,안전거리미확보,습기,흐림,교차로 - 교차로부근,승용,여,52세,상해없음,승용,여,54세,경상
2015081700100629,2015년 8월 17일 20시,월요일,광주광역시 북구 운암동,경상사고,0,0,2,0,차대차 - 기타,교차로운행방법위반,건조,맑음,단일로 - 기타,승용,남,39세,상해없음,승용,남,53세,경상
2015081700100630,2015년 8월 17일 20시,월요일,광주광역시 북구 용봉동,경상사고,0,0,1,0,차대사람 - 횡단중,중앙선침범,건조,맑음,단일로 - 기타,승용,남,62세,상해없음,보행자,남,27세,경상
2015081700100695,2015년 8월 17일 22시,월요일,광주광역시 서구 쌍촌동,경상사고,0,0,1,0,차대차 - 추돌 - 주정차중,안전운전불이행,건조,맑음,교차로 - 교차로부근,승용,남,48세,상해없음,승용,남,30세,경상
2015081800100010,2015년 8월 18일 00시,화요일,광주광역시 동구 금동,경상사고,0,0,1,0,차대사람 - 기타,안전운전불이행,건조,맑음,단일로 - 기타,승용,남,29세,상해없음,보행자,여,25세,경상
2015081800100011,2015년 8월 18일 00시,화요일,광주광역시 광산구 신가동,경상사고,0,0,1,0,차대사람 - 횡단중,안전운전불이행,건조,맑음,교차로 - 교차로안,기타불명,기타불명,기타불명,기타불명,보행자,남,52세,경상
2015081800100149,2015년 8월 18일 08시,화요일,광주광역시 남구 백운동,경상사고,0,0,1,0,차대차 - 측면직각충돌,안전거리미확보,건조,맑음,단일로 - 기타,승용,남,45세,상해없음,승용,남,32세,경상
2015081800100150,2015년 8월 18일 08시,화요일,광주광역시 북구 운암동,경상사고,0,0,2,0,차대차 - 측면직각충돌,직진우회전진행방해,건조,맑음,교차로 - 교차로안,승용,남,35세,경상,승용,여,59세,경상
2015081800100190,2015년 8월 18일 09시,화요일,광주광역시 남구 백운동,중상사고,0,1,0,0,차대차 - 측면직각충돌,교차로운행방법위반,건조,맑음,교차로 - 교차로안,승용,남,48세,상해없음,원동기,여,62세,중상
2015081800100253,2015년 8월 18일 11시,화요일,광주광역시 광산구 운수동,경상사고,0,0,1,0,차대차 - 추돌 - 주정차중,안전거리미확보,건조,맑음,교차로 - 교차로부근,화물,남,34세,상해없음,화물,남,32세,경상
2015081800100328,2015년 8월 18일 13시,화요일,광주광역시 광산구 도산동,경상사고,0,0,1,0,차량단독 - 공작물충돌,안전운전불이행,건조,맑음,단일로 - 기타,화물,남,33세,상해없음,,,,
2015081800100426,2015년 8월 18일 16시,화요일,광주광역시 서구 치평동,경상사고,0,0,3,0,차대차 - 추돌 - 주정차중,안전운전불이행,건조,맑음,단일로 - 기타,승용,남,60세,상해없음,승용,남,28세,경상
2015081800100427,2015년 8월 18일 16시,화요일,광주광역시 북구 중흥동,중상사고,0,1,0,0,차대사람 - 길가장자리구역통행중,안전운전불이행,건조,맑음,단일로 - 기타,승용,남,49세,상해없음,보행자,남,39세,중상
2015081800100468,2015년 8월 18일 17시,화요일,광주광역시 서구 쌍촌동,경상사고,0,0,3,0,차대차 - 추돌 - 주정차중,안전운전불이행,건조,맑음,단일로 - 기타,승용,여,53세,상해없음,승합,남,63세,경상
2015081800100541,2015년 8월 18일 19시,화요일,광주광역시 서구 금호동,경상사고,0,0,1,0,차대차 - 기타,안전운전불이행,건조,맑음,단일로 - 기타,승용,남,52세,상해없음,승용,남,42세,경상
2015081800100571,2015년 8월 18일 20시,화요일,광주광역시 북구 운암동,경상사고,0,0,2,0,차대차 - 기타,안전운전불이행,건조,맑음,기타 - 기타,승용,여,47세,상해없음,승용,남,34세,경상
2015081800100621,2015년 8월 18일 22시,화요일,광주광역시 서구 광천동,경상사고,0,0,1,1,차대차 - 추돌 - 진행중,안전거리미확보,건조,맑음,단일로 - 기타,승용,여,44세,기타불명,승용,남,40세,부상신고
2015081800100643,2015년 8월 18일 23시,화요일,광주광역시 서구 화정동,경상사고,0,0,1,0,차대차 - 정면충돌,중앙선침범,건조,맑음,단일로 - 기타,기타불명,기타불명,기타불명,기타불명,이륜,남,18세,경상
2015081800100644,2015년 8월 18일 23시,화요일,광주광역시 서구 치평동,경상사고,0,0,1,0,차대차 - 측면직각충돌,안전거리미확보,건조,맑음,단일로 - 기타,이륜,남,27세,상해없음,승용,남,30세,경상
2015081800100645,2015년 8월 18일 23시,화요일,광주광역시 북구 연제동,경상사고,0,0,1,0,차대차 - 측면직각충돌,신호위반,건조,맑음,교차로 - 교차로안,승용,남,63세,상해없음,승용,남,29세,상해없음
2015081900100086,2015년 8월 19일 06시,수요일,광주광역시 북구 두암동,경상사고,0,0,1,0,차대사람 - 기타,안전운전불이행,건조,맑음,교차로 - 교차로안,화물,남,58세,상해없음,보행자,남,63세,경상
2015081900100109,2015년 8월 19일 07시,수요일,광주광역시 광산구 운남동,경상사고,0,0,2,0,차대차 - 기타,안전운전불이행,건조,맑음,교차로 - 교차로부근,승용,남,49세,상해없음,승용,남,52세,경상
2015081900100142,2015년 8월 19일 08시,수요일,광주광역시 서구 화정동,경상사고,0,0,1,0,차대차 - 측면직각충돌,안전운전불이행,건조,맑음,단일로 - 기타,승용,남,42세,상해없음,자전거,남,90세 이상,경상
2015081900100143,2015년 8월 19일 08시,수요일,광주광역시 남구 월산동,경상사고,0,0,1,0,차대차 - 기타,교차로운행방법위반,건조,맑음,교차로 - 교차로안,승용,여,55세,상해없음,승용,남,44세,상해없음
2015081900100144,2015년 8월 19일 08시,수요일,광주광역시 북구 문흥동,경상사고,0,0,1,0,차대차 - 측면직각충돌,교차로운행방법위반,건조,맑음,교차로 - 교차로안,승용,기타불명,기타불명,기타불명,승용,남,25세,경상
2015081900100145,2015년 8월 19일 08시,수요일,광주광역시 북구 문흥동,경상사고,0,0,1,0,차대차 - 정면충돌,중앙선침범,건조,맑음,단일로 - 기타,승용,남,47세,상해없음,승용,여,36세,경상
2015081900100175,2015년 8월 19일 09시,수요일,광주광역시 북구 풍향동,경상사고,0,0,1,0,차대차 - 추돌 - 주정차중,안전운전불이행,건조,맑음,단일로 - 기타,승용,여,49세,상해없음,승합,남,51세,경상
2015081900100176,2015년 8월 19일 09시,수요일,광주광역시 광산구 도산동,경상사고,0,0,1,1,차대차 - 측면직각충돌,불법유턴,건조,맑음,교차로 - 교차로부근,화물,남,83세,부상신고,화물,남,60세,경상
2015081900100201,2015년 8월 19일 10시,수요일,광주광역시 북구 운암동,경상사고,0,0,2,0,차대차 - 추돌 - 진행중,안전운전불이행,건조,맑음,교차로 - 교차로부근,승용,남,54세,상해없음,승용,남,60세,경상
2015081900100286,2015년 8월 19일 13시,수요일,광주광역시 북구 풍향동,부상신고사고,0,0,0,1,차대차 - 기타,교차로운행방법위반,건조,맑음,교차로 - 교차로안,자전거,남,20세,부상신고,승용,남,53세,상해없음
2015081900100287,2015년 8월 19일 13시,수요일,광주광역시 광산구 하남동,경상사고,0,0,2,0,차대차 - 측면직각충돌,직진우회전진행방해,건조,맑음,교차로 - 교차로안,승용,여,47세,경상,승합,남,71세,경상
2015081900100365,2015년 8월 19일 15시,수요일,광주광역시 동구 대인동,경상사고,0,0,1,0,차량단독 - 기타,기타,건조,맑음,단일로 - 기타,승합,남,53세,상해없음,,,,
2015081900100366,2015년 8월 19일 15시,수요일,광주광역시 북구 용봉동,중상사고,0,1,0,0,차대차 - 기타,안전거리미확보,건조,맑음,단일로 - 기타,승용,여,50세,상해없음,건설기계,남,46세,상해없음
2015081900100367,2015년 8월 19일 15시,수요일,광주광역시 광산구 쌍암동,경상사고,0,0,3,0,차대차 - 기타,안전운전불이행,건조,맑음,교차로 - 교차로부근,이륜,남,83세,경상,승용,여,55세,경상
2015081900100441,2015년 8월 19일 17시,수요일,광주광역시 서구 쌍촌동,경상사고,0,0,1,0,차대사람 - 기타,안전운전불이행,건조,맑음,단일로 - 기타,이륜,남,25세,기타불명,보행자,여,7세,경상
2015081900100528,2015년 8월 19일 19시,수요일,광주광역시 북구 오치동,경상사고,0,0,1,0,차대차 - 측면직각충돌,직진우회전진행방해,건조,맑음,교차로 - 교차로안,승용,여,24세,상해없음,원동기,남,24세,경상
2015081900100529,2015년 8월 19일 19시,수요일,광주광역시 북구 오룡동,중상사고,0,1,0,0,차대차 - 측면직각충돌,안전거리미확보,건조,맑음,단일로 - 기타,승용,남,26세,상해없음,원동기,남,16세,중상
2015081900100599,2015년 8월 19일 21시,수요일,광주광역시 서구 농성동,경상사고,0,0,1,0,차대차 - 측면직각충돌,안전거리미확보,건조,맑음,단일로 - 기타,승용,여,30세,상해없음,승용,남,69세,경상
2015081900100600,2015년 8월 19일 21시,수요일,광주광역시 북구 대촌동,중상사고,0,2,0,0,차대차 - 측면직각충돌,교차로운행방법위반,건조,맑음,교차로 - 교차로안,승용,남,33세,중상,화물,남,43세,중상
2015081900100601,2015년 8월 19일 21시,수요일,광주광역시 광산구 월계동,경상사고,0,0,1,0,차대차 - 측면직각충돌,신호위반,건조,맑음,교차로 - 교차로안,자전거,남,16세,경상,승용,여,36세,상해없음
2015081900100627,2015년 8월 19일 22시,수요일,광주광역시 서구 치평동,경상사고,0,0,2,0,차대차 - 추돌 - 주정차중,안전운전불이행,건조,맑음,단일로 - 기타,승용,여,32세,상해없음,승용,남,27세,경상
2015081900100628,2015년 8월 19일 22시,수요일,광주광역시 서구 풍암동,중상사고,0,1,0,1,차대차 - 측면직각충돌,교차로운행방법위반,건조,맑음,교차로 - 교차로안,승용,남,23세,상해없음,승용,남,49세,부상신고
2015081900100629,2015년 8월 19일 22시,수요일,광주광역시 북구 용봉동,경상사고,0,0,1,0,차대차 - 기타,안전운전불이행,건조,맑음,단일로 - 기타,이륜,남,19세,경상,승용,남,58세,상해없음
2015081900100651,2015년 8월 19일 23시,수요일,광주광역시 서구 치평동,경상사고,0,0,2,0,차대차 - 측면직각충돌,중앙선침범,건조,맑음,단일로 - 기타,승용,남,36세,상해없음,승용,남,53세,경상
2015082000100029,2015년 8월 20일 01시,목요일,광주광역시 남구 승촌동,중상사고,0,1,0,0,차량단독 - 공작물충돌,안전운전불이행,건조,맑음,기타 - 기타,승용,남,29세,중상,,,,
2015082000100039,2015년 8월 20일 02시,목요일,광주광역시 서구 금호동,경상사고,0,0,1,0,차대사람 - 차도통행중,안전운전불이행,건조,맑음,단일로 - 기타,승용,남,31세,상해없음,보행자,남,23세,경상