사고번호,사고일시,요일,시군구,사고내용,사망자수,중상자수,경상자수,부상신고자수,사고유형,법규위반,노면상태,기상상태,도로형태,가해운전자 차종,가해운전자 성별,가해운전자 연령,가해운전자 상해정도,피해운전자 차종,피해운전자 성별,피해운전자 연령,피해운전자 상해정도
2015082000100048,2015년 8월 20일 03시,목요일,광주광역시 동구 금남로5가,경상사고,0,0,1,0,차대사람 - 횡단중,중앙선침범,건조,맑음,교차로 - 교차로안,승용,남,34세,상해없음,보행자,남,53세,경상
2015082000100082,2015년 8월 20일 06시,목요일,광주광역시 북구 중흥동,경상사고,0,0,3,0,차대차 - 측면직각충돌,신호위반,습기,비,교차로 - 교차로안,승용,남,29세,경상,승용,남,56세,상해없음
2015082000100110,2015년 8월 20일 07시,목요일,광주광역시 서구 농성동,경상사고,0,0,1,0,차대차 - 추돌 - 주정차중,안전운전불이행,습기,비,교차로 - 교차로부근,화물,남,36세,상해없음,승용,남,35세,경상
2015082000100177,2015년 8월 20일 09시,목요일,광주광역시 광산구 우산동,경상사고,0,0,1,0,차대차 - 측면직각충돌,교차로운행방법위반,습기,흐림,교차로 - 교차로안,승용,남,26세,상해없음,승용,여,51세,경상
2015082000100306,2015년 8월 20일 13시,목요일,광주광역시 북구 우산동,경상사고,0,0,1,0,차대사람 - 길가장자리구역통행중,안전운전불이행,습기,비,단일로 - 기타,승용,기타불명,기타불명,기타불명,보행자,여,10세,경상
2015082000100307,2015년 8월 20일 13시,목요일,광주광역시 광산구 산정동,경상사고,0,0,2,0,차대차 - 측면직각충돌,신호위반,건조,맑음,교차로 - 교차로안,승용,여,46세,상해없음,승용,여,31세,경상
2015082000100341,2015년 8월 20일 14시,목요일,광주광역시 북구 임동,경상사고,0,0,2,0,차대차 - 추돌 - 주정차중,안전거리미확보,습기,비,단일로 - 기타,승용,여,27세,상해없음,승용,남,28세,경상
2015082000100342,2015년 8월 20일 14시,목요일,광주광역시 광산구 소촌동,경상사고,0,0,1,0,차대차 - 추돌 - 주정차중,안전운전불이행,건조,맑음,단일로 - 기타,화물,남,52세,상해없음,승용,여,54세,경상
2015082000100379,2015년 8월 20일 15시,목요일,광주광역시 광산구 흑석동,경상사고,0,0,1,0,차량단독 - 공작물충돌,안전운전불이행,건조,맑음,교차로 - 교차로부근,승용,여,37세,경상,,,,
2015082000100419,2015년 8월 20일 16시,목요일,광주광역시 남구 도금동,중상사고,0,1,0,0,차대차 - 추돌 - 진행중,안전운전불이행,습기,비,단일로 - 터널,화물,남,35세,상해없음,원동기,남,54세,중상
2015082000100455,2015년 8월 20일 17시,목요일,광주광역시 서구 동천동,경상사고,0,0,1,0,차대사람 - 기타,안전운전불이행,습기,흐림,교차로 - 교차로부근,승용,남,19세,상해없음,보행자,남,38세,경상
2015082000100456,2015년 8월 20일 17시,목요일,광주광역시 광산구 우산동,경상사고,0,0,2,0,차대차 - 정면충돌,교차로운행방법위반,건조,맑음,교차로 - 교차로안,승용,여,42세,경상,승용,남,40세,경상
2015082000100496,2015년 8월 20일 18시,목요일,광주광역시 남구 송하동,경상사고,0,0,1,0,차대차 - 추돌 - 진행중,안전거리미확보,건조,맑음,단일로 - 기타,승용,여,26세,상해없음,승용,여,42세,경상
2015082000100497,2015년 8월 20일 18시,목요일,광주광역시 북구 두암동,경상사고,0,0,1,0,차대차 - 정면충돌,안전운전불이행,습기,비,교차로 - 교차로안,승용,남,49세,상해없음,이륜,남,18세,경상
2015082000100498,2015년 8월 20일 18시,목요일,광주광역시 북구 오치동,경상사고,0,0,2,0,차대차 - 추돌 - 주정차중,안전운전불이행,습기,비,단일로 - 기타,승용,남,51세,상해없음,승용,여,56세,경상
2015082000100523,2015년 8월 20일 19시,목요일,광주광역시 서구 쌍촌동,경상사고,0,0,1,0,차대차 - 기타,안전거리미확보,습기,비,교차로 - 교차로부근,승용,여,39세,상해없음,이륜,남,34세,경상
2015082000100524,2015년 8월 20일 19시,목요일,광주광역시 서구 화정동,경상사고,0,0,2,0,차대차 - 측면직각충돌,중앙선침범,습기,비,단일로 - 기타,승용,남,25세,상해없음,승용,남,55세,경상
2015082000100525,2015년 8월 20일 19시,목요일,광주광역시 북구 두암동,경상사고,0,0,1,0,차대사람 - 기타,기타,습기,비,단일로 - 기타,승용,남,32세,상해없음,보행자,여,48세,경상
2015082000100568,2015년 8월 20일 20시,목요일,광주광역시 광산구 우산동,경상사고,0,0,1,0,차대차 - 추돌 - 진행중,안전운전불이행,건조,맑음,단일로 - 기타,승용,남,30세,상해없음,승용,남,46세,경상
2015082000100600,2015년 8월 20일 21시,목요일,광주광역시 서구 쌍촌동,경상사고,0,0,3,0,차대차 - 기타,교차로운행방법위반,습기,비,교차로 - 교차로안,승용,남,68세,상해없음,승용,남,26세,경상
2015082000100601,2015년 8월 20일 21시,목요일,광주광역시 북구 풍향동,경상사고,0,0,2,0,차대사람 - 횡단중,보행자보호의무위반,습기,비,단일로 - 횡단보도상,원동기,여,62세,상해없음,보행자,남,20세,경상
2015082000100634,2015년 8월 20일 22시,목요일,광주광역시 서구 쌍촌동,경상사고,0,0,2,0,차대차 - 측면직각충돌,중앙선침범,습기,비,교차로 - 교차로부근,승용,남,53세,상해없음,승용,남,38세,경상
2015082000100635,2015년 8월 20일 22시,목요일,광주광역시 북구 신안동,경상사고,0,0,1,0,차대차 - 측면직각충돌,안전운전불이행,건조,맑음,교차로 - 교차로안,승용,여,50세,상해없음,자전거,여,57세,경상
2015082000100636,2015년 8월 20일 22시,목요일,광주광역시 북구 신안동,중상사고,0,1,0,0,차대사람 - 차도통행중,교차로운행방법위반,습기,비,교차로 - 교차로안,승용,남,31세,상해없음,보행자,여,60세,중상
2015082000100637,2015년 8월 20일 22시,목요일,광주광역시 광산구 월곡동,경상사고,0,0,1,0,차량단독 - 공작물충돌,안전운전불이행,건조,맑음,교차로 - 교차로부근,승용,남,48세,상해없음,,,,
2015082000100659,2015년 8월 20일 23시,목요일,광주광역시 광산구 우산동,경상사고,0,0,2,0,차대차 - 추돌 - 주정차중,안전운전불이행,습기,비,교차로 - 교차로부근,승용,남,57세,상해없음,화물,남,54세,경상
2015082100100044,2015년 8월 21일 01시,금요일,광주광역시 서구 쌍촌동,경상사고,0,0,3,0,차대차 - 추돌 - 주정차중,안전운전불이행,건조,맑음,단일로 - 기타,승용,여,44세,상해없음,승용,여,25세,경상
2015082100100063,2015년 8월 21일 02시,금요일,광주광역시 서구 농성동,경상사고,0,0,4,0,차대차 - 측면직각충돌,중앙선침범,습기,비,교차로 - 교차로부근,승용,남,27세,상해없음,승용,남,35세,경상
2015082100100064,2015년 8월 21일 02시,금요일,광주광역시 북구 두암동,경상사고,0,0,1,0,차대차 - 추돌 - 진행중,안전운전불이행,건조,맑음,단일로 - 기타,화물,남,67세,상해없음,자전거,남,17세,경상
2015082100100073,2015년 8월 21일 03시,금요일,광주광역시 동구 계림동,경상사고,0,0,2,0,차대차 - 기타,안전거리미확보,습기,비,기타 - 기타,승용,남,45세,상해없음,승용,남,55세,경상
2015082100100089,2015년 8월 21일 04시,금요일,광주광역시 동구 지산동,경상사고,0,0,2,0,차대차 - 정면충돌,기타,습기,비,단일로 - 기타,승용,남,57세,상해없음,승용,남,41세,경상
2015082100100140,2015년 8월 21일 07시,금요일,광주광역시 서구 금호동,중상사고,0,1,2,0,차대차 - 추돌 - 진행중,차로위반,건조,흐림,단일로 - 기타,승용,여,45세,경상,승용,여,39세,경상
2015082100100245,2015년 8월 21일 10시,금요일,광주광역시 서구 마륵동,경상사고,0,0,1,0,차대차 - 측면직각충돌,안전운전불이행,건조,맑음,단일로 - 기타,화물,남,55세,상해없음,승용,여,48세,경상
2015082100100277,2015년 8월 21일 11시,금요일,광주광역시 서구 광천동,중상사고,0,1,0,0,차대차 - 기타,신호위반,건조,맑음,교차로 - 교차로안,승용,여,32세,상해없음,이륜,남,58세,중상
2015082100100278,2015년 8월 21일 11시,금요일,광주광역시 광산구 운수동,경상사고,0,0,1,0,차대차 - 측면직각충돌,차로위반,습기,흐림,단일로 - 기타,화물,남,39세,상해없음,승용,남,37세,경상
2015082100100299,2015년 8월 21일 12시,금요일,광주광역시 광산구 산월동,경상사고,0,0,1,0,차대차 - 측면직각충돌,교차로운행방법위반,건조,맑음,단일로 - 기타,승용,여,76세,상해없음,승용,여,38세,경상
2015082100100323,2015년 8월 21일 13시,금요일,광주광역시 서구 동천동,경상사고,0,0,2,0,차대차 - 측면직각충돌,안전운전불이행,건조,맑음,단일로 - 기타,승용,여,59세,상해없음,이륜,남,26세,경상
2015082100100394,2015년 8월 21일 15시,금요일,광주광역시 북구 두암동,경상사고,0,0,2,0,차대차 - 추돌 - 진행중,안전운전불이행,건조,맑음,교차로 - 교차로부근,승용,여,50세,상해없음,승용,남,24세,경상
2015082100100475,2015년 8월 21일 17시,금요일,광주광역시 동구 학동,경상사고,0,0,1,0,차대사람 - 기타,안전운전불이행,건조,맑음,단일로 - 기타,이륜,남,46세,상해없음,보행자,남,63세,경상
2015082100100476,2015년 8월 21일 17시,금요일,광주광역시 서구 내방동,경상사고,0,0,2,0,차대차 - 측면직각충돌,안전거리미확보,건조,맑음,단일로 - 기타,승용,남,47세,기타불명,승용,여,24세,경상
2015082100100550,2015년 8월 21일 19시,금요일,광주광역시 광산구 하남동,경상사고,0,0,2,0,차대차 - 기타,안전운전불이행,건조,맑음,교차로 - 교차로안,기타불명,기타불명,기타불명,기타불명,승합,남,54세,경상
2015082100100592,2015년 8월 21일 20시,금요일,광주광역시 서구 치평동,경상사고,0,0,1,0,차대차 - 측면직각충돌,신호위반,건조,맑음,교차로 - 교차로안,승용,남,71세,상해없음,승용,남,30세,경상
2015082100100668,2015년 8월 21일 22시,금요일,광주광역시 서구 화정동,경상사고,0,0,1,0,차대차 - 추돌 - 진행중,안전운전불이행,건조,맑음,단일로 - 기타,이륜,남,16세,상해없음,승용,남,47세,상해없음
2015082100100669,2015년 8월 21일 22시,금요일,광주광역시 남구 진월동,부상신고사고,0,0,0,1,차대차 - 기타,신호위반,건조,맑음,교차로 - 교차로안,원동기,남,17세,부상신고,화물,남,52세,상해없음
2015082200100042,2015년 8월 22일 01시,토요일,광주광역시 서구 화정동,경상사고,0,0,2,0,차대차 - 측면직각충돌,신호위반,건조,맑음,교차로 - 교차로안,승용,남,34세,상해없음,승용,여,50세,경상
2015082200100058,2015년 8월 22일 02시,토요일,광주광역시 서구 양동,경상사고,0,0,3,0,차대차 - 측면직각충돌,불법유턴,건조,맑음,단일로 - 기타,승용,남,33세,상해없음,승용,남,22세,경상
2015082200100158,2015년 8월 22일 08시,토요일,광주광역시 서구 쌍촌동,경상사고,0,0,1,0,차대사람 - 길가장자리구역통행중,안전운전불이행,건조,맑음,단일로 - 기타,승용,남,59세,상해없음,보행자,남,56세,경상
2015082200100215,2015년 8월 22일 10시,토요일,광주광역시 북구 중흥동,경상사고,0,0,1,0,차대차 - 기타,불법유턴,건조,흐림,단일로 - 기타,승용,남,68세,상해없음,승용,남,33세,경상
2015082200100246,2015년 8월 22일 11시,토요일,광주광역시 광산구 황룡동,경상사고,0,0,1,0,차대차 - 측면직각충돌,안전운전불이행,건조,맑음,교차로 - 교차로부근,승합,남,48세,상해없음,화물,남,32세,경상
2015082200100281,2015년 8월 22일 12시,토요일,광주광역시 광산구 서봉동,경상사고,0,0,2,0,차대차 - 추돌 - 주정차중,안전운전불이행,건조,맑음,교차로 - 교차로부근,승용,남,51세,상해없음,승용,남,44세,경상
2015082200100315,2015년 8월 22일 13시,토요일,광주광역시 광산구 본덕동,중상사고,0,1,0,0,차대차 - 추돌 - 진행중,안전운전불이행,건조,맑음,교차로 - 교차로부근,승용,여,47세,상해없음,농기계,남,68세,중상
2015082200100352,2015년 8월 22일 14시,토요일,광주광역시 남구 주월동,경상사고,0,0,1,0,차대차 - 추돌 - 진행중,안전운전불이행,건조,맑음,단일로 - 기타,승합,남,65세,상해없음,승용,남,37세,경상
2015082200100462,2015년 8월 22일 17시,토요일,광주광역시 서구 매월동,경상사고,0,0,1,0,차대차 - 추돌 - 진행중,안전거리미확보,건조,맑음,단일로 - 기타,이륜,남,48세,상해없음,승용,남,25세,경상
2015082200100463,2015년 8월 22일 17시,토요일,광주광역시 북구 용봉동,경상사고,0,0,1,0,차대차 - 측면직각충돌,안전운전불이행,건조,맑음,단일로 - 기타,자전거,남,22세,경상,승용,남,52세,상해없음
2015082200100494,2015년 8월 22일 18시,토요일,광주광역시 동구 대인동,경상사고,0,0,2,0,차대차 - 측면직각충돌,신호위반,건조,맑음,교차로 - 교차로안,승용,여,28세,상해없음,승용,남,28세,경상
2015082200100495,2015년 8월 22일 18시,토요일,광주광역시 북구 두암동,중상사고,0,1,0,0,차대차 - 측면직각충돌,안전운전불이행,건조,맑음,단일로 - 기타,이륜,남,56세,중상,승용,남,53세,상해없음
2015082200100593,2015년 8월 22일 21시,토요일,광주광역시 광산구 신촌동,경상사고,0,0,3,0,차대차 - 측면직각충돌,안전거리미확보,건조,맑음,단일로 - 기타,승용,남,22세,상해없음,승용,여,56세,경상
2015082200100616,2015년 8월 22일 22시,토요일,광주광역시 서구 광천동,경상사고,0,0,1,0,차대차 - 기타,교차로운행방법위반,건조,맑음,교차로 - 교차로안,승합,남,58세,상해없음,승용,남,57세,경상
2015082200100617,2015년 8월 22일 22시,토요일,광주광역시 남구 봉선동,경상사고,0,0,1,0,차대사람 - 기타,안전운전불이행,건조,맑음,기타 - 기타,승용,남,39세,상해없음,보행자,남,50세,경상
2015082200100618,2015년 8월 22일 22시,토요일,광주광역시 광산구 소촌동,경상사고,0,0,2,0,차대차 - 측면직각충돌,안전운전불이행,건조,흐림,단일로 - 기타,화물,남,50세,상해없음,승용,남,68세,상해없음
2015082200100619,2015년 8월 22일 22시,토요일,광주광역시 광산구 운남동,경상사고,0,0,1,0,차대차 - 측면직각충돌,안전운전불이행,건조,흐림,교차로 - 교차로안,승용,여,31세,상해없음,이륜,남,29세,경상
2015082300100024,2015년 8월 23일 00시,일요일,광주광역시 서구 금호동,경상사고,0,0,1,0,차대차 - 추돌 - 진행중,안전운전불이행,건조,맑음,교차로 - 교차로부근,승용,여,28세,상해없음,승용,남,58세,기타불명
2015082300100025,2015년 8월 23일 00시,일요일,광주광역시 광산구 산정동,경상사고,0,0,1,0,차대차 - 추돌 - 주정차중,안전운전불이행,습기,흐림,교차로 - 교차로부근,승용,남,31세,상해없음,승용,남,55세,경상
2015082300100026,2015년 8월 23일 00시,일요일,광주광역시 광산구 우산동,경상사고,0,0,1,0,차대차 - 기타,안전운전불이행,건조,맑음,단일로 - 기타,승용,남,53세,상해없음,승용,남,33세,경상
2015082300100057,2015년 8월 23일 02시,일요일,광주광역시 서구 치평동,경상사고,0,0,1,0,차대차 - 측면직각충돌,교차로운행방법위반,건조,맑음,단일로 - 기타,승용,남,37세,상해없음,승합,남,71세,경상
2015082300100093,2015년 8월 23일 05시,일요일,광주광역시 서구 풍암동,중상사고,0,1,0,0,차대사람 - 차도통행중,안전운전불이행,건조,맑음,단일로 - 기타,승용,남,30세,상해없음,보행자,남,27세,중상
2015082300100094,2015년 8월 23일 05시,일요일,광주광역시 남구 백운동,경상사고,0,0,1,0,차대사람 - 횡단중,보행자보호의무위반,건조,맑음,교차로 - 교차로부근,승용,남,59세,상해없음,보행자,남,23세,경상
2015082300100095,2015년 8월 23일 05시,일요일,광주광역시 광산구 송정동,경상사고,0,0,1,0,차대차 - 추돌 - 주정차중,안전운전불이행,건조,맑음,단일로 - 기타,화물,남,43세,상해없음,승용,여,36세,경상
2015082300100166,2015년 8월 23일 10시,일요일,광주광역시 서구 동천동,경상사고,0,0,2,0,차대차 - 기타,안전운전불이행,건조,맑음,교차로 - 교차로안,승용,남,57세,상해없음,승용,남,49세,경상
2015082300100269,2015년 8월 23일 14시,일요일,광주광역시 광산구 월계동,경상사고,0,0,1,0,차대차 - 기타,안전운전불이행,건조,맑음,교차로 - 교차로부근,화물,남,57세,상해없음,승용,남,60세,경상
2015082300100306,2015년 8월 23일 15시,일요일,광주광역시 광산구 쌍암동,경상사고,0,0,2,0,차대차 - 기타,안전운전불이행,건조,맑음,교차로 - 교차로안,이륜,남,30세,경상,승용,여,31세,경상
2015082300100340,2015년 8월 23일 16시,일요일,광주광역시 광산구 쌍암동,경상사고,0,0,1,0,차대차 - 기타,안전운전불이행,건조,맑음,단일로 - 기타,이륜,남,18세,경상,승용,여,45세,상해없음
2015082300100341,2015년 8월 23일 16시,일요일,광주광역시 광산구 신창동,경상사고,0,0,1,0,차대차 - 추돌 - 진행중,안전운전불이행,건조,맑음,단일로 - 기타,이륜,남,18세,상해없음,이륜,남,45세,경상
2015082300100382,2015년 8월 23일 17시,일요일,광주광역시 북구 풍향동,부상신고사고,0,0,0,1,차대차 - 측면직각충돌,안전운전불이행,건조,맑음,기타 - 기타,자전거,남,15세,부상신고,승용,남,47세,상해없음
2015082300100444,2015년 8월 23일 19시,일요일,광주광역시 남구 주월동,경상사고,0,0,2,0,차대차 - 기타,교차로운행방법위반,건조,맑음,교차로 - 교차로안,승용,남,23세,경상,승용,남,21세,경상
2015082300100511,2015년 8월 23일 21시,일요일,광주광역시 북구 운암동,경상사고,0,0,2,0,차대차 - 기타,중앙선침범,건조,맑음,단일로 - 교량,승용,남,51세,상해없음,승용,남,54세,경상
2015082300100512,2015년 8월 23일 21시,일요일,광주광역시 북구 신안동,경상사고,0,0,2,0,차대차 - 기타,안전운전불이행,건조,맑음,교차로 - 교차로부근,승용,남,57세,상해없음,승용,남,49세,경상
2015082300100513,2015년 8월 23일 21시,일요일,광주광역시 광산구 송정동,중상사고,0,1,0,0,차대사람 - 횡단중,안전운전불이행,건조,맑음,교차로 - 교차로부근,승용,남,28세,상해없음,보행자,남,47세,중상
2015082300100514,2015년 8월 23일 21시,일요일,광주광역시 광산구 우산동,경상사고,0,0,1,0,차대차 - 추돌 - 진행중,안전운전불이행,건조,맑음,단일로 - 기타,승용,남,57세,상해없음,승용,여,34세,경상
2015082400100018,2015년 8월 24일 00시,월요일,광주광역시 북구 동림동,중상사고,0,1,1,0,차대차 - 정면충돌,중앙선침범,건조,맑음,단일로 - 교량,승용,남,21세,경상,승용,남,43세,중상
2015082400100019,2015년 8월 24일 00시,월요일,광주광역시 북구 두암동,경상사고,0,0,3,0,차대차 - 측면직각충돌,교차로운행방법위반,건조,맑음,교차로 - 교차로안,승용,남,26세,경상,승용,남,53세,경상
2015082400100134,2015년 8월 24일 08시,월요일,광주광역시 광산구 신촌동,경상사고,0,0,1,0,차대차 - 기타,안전운전불이행,건조,맑음,단일로 - 기타,승합,남,55세,상해없음,자전거,남,10세,경상
2015082400100165,2015년 8월 24일 09시,월요일,광주광역시 북구 운암동,중상사고,0,1,0,0,차대차 - 기타,안전운전불이행,습기,흐림,단일로 - 횡단보도상,승용,여,68세,상해없음,자전거,남,72세,중상
2015082400100222,2015년 8월 24일 11시,월요일,광주광역시 서구 쌍촌동,경상사고,0,0,2,0,차대차 - 추돌 - 진행중,안전운전불이행,습기,비,단일로 - 기타,승용,남,22세,상해없음,승용,남,51세,경상
2015082400100283,2015년 8월 24일 13시,월요일,광주광역시 광산구 운남동,경상사고,0,0,1,0,차대차 - 측면직각충돌,안전운전불이행,건조,맑음,교차로 - 교차로부근,승용,남,63세,상해없음,이륜,남,39세,경상
2015082400100315,2015년 8월 24일 14시,월요일,광주광역시 북구 양산동,경상사고,0,0,1,0,차대사람 - 기타,안전운전불이행,건조,맑음,단일로 - 횡단보도상,승용,기타불명,기타불명,기타불명,보행자,여,11세,경상
2015082400100316,2015년 8월 24일 14시,월요일,광주광역시 광산구 산정동,경상사고,0,0,2,0,차대사람 - 차도통행중,안전운전불이행,건조,흐림,교차로 - 교차로부근,승용,남,40세,상해없음,보행자,남,59세,경상
2015082400100400,2015년 8월 24일 16시,월요일,광주광역시 북구 중흥동,경상사고,0,0,3,0,차대차 - 측면직각충돌,교차로운행방법위반,건조,맑음,교차로 - 교차로안,승용,여,23세,경상,승용,여,35세,경상
2015082400100471,2015년 8월 24일 18시,월요일,광주광역시 남구 진월동,경상사고,0,0,1,0,차대사람 - 기타,안전운전불이행,습기,비,단일로 - 기타,승용,남,37세,상해없음,보행자,남,49세,경상
2015082400100472,2015년 8월 24일 18시,월요일,광주광역시 북구 장등동,경상사고,0,0,1,0,차대차 - 측면직각충돌,신호위반,건조,맑음,교차로 - 교차로안,화물,남,52세,상해없음,승용,남,29세,경상
2015082400100508,2015년 8월 24일 19시,월요일,광주광역시 서구 금호동,경상사고,0,0,1,0,차대차 - 측면직각충돌,안전거리미확보,건조,흐림,단일로 - 기타,승용,여,45세,상해없음,승용,남,29세,경상
2015082400100509,2015년 8월 24일 19시,월요일,광주광역시 서구 매월동,경상사고,0,0,1,0,차대차 - 추돌 - 주정차중,안전운전불이행,건조,맑음,단일로 - 기타,승용,남,33세,상해없음,승용,남,44세,경상
2015082400100547,2015년 8월 24일 20시,월요일,광주광역시 서구 화정동,경상사고,0,0,1,0,차대차 - 추돌 - 진행중,안전운전불이행,건조,흐림,교차로 - 교차로안,이륜,남,72세,상해없음,승용,남,78세,상해없음
2015082400100622,2015년 8월 24일 23시,월요일,광주광역시 광산구 신촌동,중상사고,0,1,2,0,차대차 - 측면직각충돌,안전운전불이행,습기,비,단일로 - 기타,승용,남,48세,상해없음,승용,남,26세,경상
2015082500100023,2015년 8월 25일 00시,화요일,광주광역시 남구 백운동,중상사고,0,1,0,1,차대차 - 추돌 - 진행중,안전운전불이행,습기,흐림,단일로 - 기타,승용,남,35세,상해없음,승용,남,51세,중상
2015082500100024,2015년 8월 25일 00시,화요일,광주광역시 광산구 운남동,경상사고,0,0,5,0,차대차 - 추돌 - 진행중,안전운전불이행,습기,비,단일로 - 기타,승용,여,61세,상해없음,승용,남,47세,경상
2015082500100061,2015년 8월 25일 03시,화요일,광주광역시 서구 치평동,경상사고,0,0,1,0,차대차 - 측면직각충돌,교차로운행방법위반,습기,흐림,교차로 - 교차로안,승용,남,27세,상해없음,승용,남,35세,상해없음
2015082500100068,2015년 8월 25일 04시,화요일,광주광역시 남구 주월동,경상사고,0,0,1,0,차대사람 - 차도통행중,안전운전불이행,습기,비,단일로 - 기타,승용,여,39세,상해없음,보행자,남,19세,경상
2015082500100115,2015년 8월 25일 07시,화요일,광주광역시 북구 누문동,경상사고,0,0,1,0,차대사람 - 기타,안전운전불이행,습기,비,단일로 - 기타,승용,남,62세,상해없음,보행자,여,18세,경상
2015082500100153,2015년 8월 25일 08시,화요일,광주광역시 서구 치평동,경상사고,0,0,1,0,차대차 - 추돌 - 진행중,안전운전불이행,건조,맑음,단일로 - 기타,승용,남,34세,상해없음,승용,여,26세,경상
2015082500100154,2015년 8월 25일 08시,화요일,광주광역시 남구 송하동,경상사고,0,0,1,0,차대사람 - 횡단중,신호위반,건조,맑음,교차로 - 교차로안,승용,남,68세,상해없음,보행자,여,15세,경상
2015082500100155,2015년 8월 25일 08시,화요일,광주광역시 북구 양산동,경상사고,0,0,4,0,차대차 - 측면직각충돌,교차로운행방법위반,습기,비,교차로 - 교차로안,승용,남,32세,경상,승용,남,53세,경상
2015082500100183,2015년 8월 25일 09시,화요일,광주광역시 북구 동림동,경상사고,0,0,1,0,차대차 - 추돌 - 진행중,안전거리미확보,습기,비,교차로 - 교차로안,화물,남,34세,상해없음,화물,남,30세,경상
2015082500100223,2015년 8월 25일 10시,화요일,광주광역시 광산구 수완동,중상사고,0,2,0,0,차대차 - 측면직각충돌,중앙선침범,건조,맑음,단일로 - 기타,승용,여,34세,상해없음,원동기,남,61세,중상
2015082500100312,2015년 8월 25일 13시,화요일,광주광역시 북구 두암동,중상사고,0,1,0,0,차대사람 - 기타,불법유턴,건조,맑음,교차로 - 교차로부근,화물,남,23세,상해없음,보행자,여,84세,중상
2015082500100345,2015년 8월 25일 14시,화요일,광주광역시 북구 본촌동,경상사고,0,0,1,0,차대차 - 기타,신호위반,습기,비,교차로 - 교차로부근,화물,남,42세,상해없음,승용,남,35세,경상
2015082500100385,2015년 8월 25일 15시,화요일,광주광역시 북구 신안동,경상사고,0,0,1,0,차량단독 - 기타,기타,건조,맑음,단일로 - 기타,승합,남,47세,기타불명,,,,
2015082500100424,2015년 8월 25일 16시,화요일,광주광역시 동구 학동,경상사고,0,0,1,0,차대사람 - 기타,안전운전불이행,건조,맑음,기타 - 기타,승용,남,55세,상해없음,보행자,남,19세,경상
2015082500100510,2015년 8월 25일 18시,화요일,광주광역시 북구 동림동,경상사고,0,0,4,0,차대차 - 측면직각충돌,안전거리미확보,습기,흐림,단일로 - 기타,승용,남,58세,경상,승용,남,50세,경상
2015082500100561,2015년 8월 25일 19시,화요일,광주광역시 남구 백운동,경상사고,0,0,1,0,차대차 - 추돌 - 진행중,안전거리미확보,건조,맑음,단일로 - 기타,승용,여,41세,상해없음,승용,남,48세,상해없음
2015082500100609,2015년 8월 25일 20시,화요일,광주광역시 북구 문흥동,경상사고,0,0,1,0,차대사람 - 횡단중,신호위반,건조,맑음,교차로 - 교차로부근,승용,남,61세,상해없음,보행자,남,8세,경상
2015082500100610,2015년 8월 25일 20시,화요일,광주광역시 광산구 우산동,경상사고,0,0,1,0,차대차 - 추돌 - 주정차중,안전운전불이행,건조,맑음,단일로 - 기타,승용,남,19세,기타불명,승용,여,43세,경상
2015082500100647,2015년 8월 25일 21시,화요일,광주광역시 남구 주월동,경상사고,0,0,1,0,차대사람 - 횡단중,신호위반,건조,맑음,단일로 - 횡단보도상,승용,여,38세,상해없음,보행자,남,19세,경상
2015082500100684,2015년 8월 25일 22시,화요일,광주광역시 광산구 신가동,경상사고,0,0,1,0,차대차 - 추돌 - 진행중,중앙선침범,건조,맑음,단일로 - 기타,승용,남,46세,상해없음,원동기,남,25세,경상
2015082500100685,2015년 8월 25일 22시,화요일,광주광역시 광산구 신창동,경상사고,0,0,2,0,차대차 - 정면충돌,안전운전불이행,건조,흐림,단일로 - 기타,승용,남,22세,상해없음,승용,남,29세,경상
2015082600100084,2015년 8월 26일 06시,수요일,광주광역시 동구 학동,중상사고,0,1,0,0,차대차 - 추돌 - 주정차중,안전운전불이행,건조,맑음,교차로 - 교차로부근,기타불명,기타불명,기타불명,기타불명,이륜,남,79세,중상
2015082600100085,2015년 8월 26일 06시,수요일,광주광역시 남구 월산동,경상사고,0,0,2,0,차대차 - 기타,신호위반,건조,맑음,교차로 - 교차로안,승용,여,54세,상해없음,승용,남,59세,경상
2015082600100144,2015년 8월 26일 08시,수요일,광주광역시 서구 금호동,경상사고,0,0,1,0,차대사람 - 차도통행중,안전운전불이행,건조,맑음,단일로 - 기타,승용,여,35세,상해없음,보행자,남,51세,경상
2015082600100145,2015년 8월 26일 08시,수요일,광주광역시 광산구 우산동,경상사고,0,0,7,0,차대차 - 추돌 - 주정차중,안전운전불이행,건조,맑음,단일로 - 기타,화물,남,53세,상해없음,승용,남,35세,경상
2015082600100183,2015년 8월 26일 09시,수요일,광주광역시 광산구 월계동,경상사고,0,0,1,0,차대차 - 추돌 - 진행중,안전운전불이행,건조,맑음,교차로 - 교차로안,승용,여,42세,상해없음,승용,남,39세,경상
2015082600100281,2015년 8월 26일 12시,수요일,광주광역시 동구 계림동,경상사고,0,0,3,0,차대차 - 측면직각충돌,신호위반,건조,맑음,교차로 - 교차로부근,승용,남,49세,상해없음,승용,남,50세,경상
2015082600100282,2015년 8월 26일 12시,수요일,광주광역시 광산구 산월동,중상사고,0,1,0,0,차대차 - 기타,신호위반,건조,맑음,단일로 - 기타,승용,남,69세,상해없음,자전거,여,66세,중상