사고번호,사고일시,요일,시군구,사고내용,사망자수,중상자수,경상자수,부상신고자수,사고유형,법규위반,노면상태,기상상태,도로형태,가해운전자 차종,가해운전자 성별,가해운전자 연령,가해운전자 상해정도,피해운전자 차종,피해운전자 성별,피해운전자 연령,피해운전자 상해정도
2015082600100310,2015년 8월 26일 13시,수요일,광주광역시 광산구 하남동,중상사고,0,1,0,0,차대사람 - 기타,안전운전불이행,건조,맑음,교차로 - 교차로부근,화물,남,61세,상해없음,보행자,남,73세,중상
2015082600100373,2015년 8월 26일 15시,수요일,광주광역시 남구 월산동,중상사고,0,1,0,0,차대사람 - 횡단중,안전운전불이행,건조,맑음,교차로 - 교차로부근,화물,남,62세,상해없음,보행자,여,60세,중상
2015082600100422,2015년 8월 26일 16시,수요일,광주광역시 광산구 송정동,중상사고,0,1,0,0,차대사람 - 기타,안전운전불이행,건조,맑음,교차로 - 교차로안,화물,남,41세,상해없음,보행자,여,60세,중상
2015082600100423,2015년 8월 26일 16시,수요일,광주광역시 광산구 신가동,경상사고,0,0,1,0,차대차 - 기타,안전운전불이행,건조,맑음,단일로 - 기타,화물,남,54세,상해없음,자전거,남,12세,경상
2015082600100514,2015년 8월 26일 18시,수요일,광주광역시 광산구 도산동,경상사고,0,0,2,0,차대차 - 정면충돌,교차로운행방법위반,건조,맑음,교차로 - 교차로안,자전거,남,76세,경상,원동기,남,33세,경상
2015082600100558,2015년 8월 26일 19시,수요일,광주광역시 서구 쌍촌동,경상사고,0,0,1,0,차대차 - 측면직각충돌,안전운전불이행,건조,맑음,교차로 - 교차로부근,화물,남,68세,상해없음,승합,남,66세,경상
2015082600100559,2015년 8월 26일 19시,수요일,광주광역시 북구 양산동,경상사고,0,0,1,0,차대차 - 기타,직진우회전진행방해,건조,맑음,교차로 - 교차로안,승용,남,30세,상해없음,이륜,남,16세,경상
2015082600100665,2015년 8월 26일 22시,수요일,광주광역시 북구 오치동,경상사고,0,0,1,0,차대사람 - 길가장자리구역통행중,안전운전불이행,건조,맑음,교차로 - 교차로부근,승용,남,59세,기타불명,보행자,남,15세,경상
2015082700100020,2015년 8월 27일 00시,목요일,광주광역시 서구 광천동,중상사고,0,1,5,0,차대차 - 추돌 - 진행중,안전운전불이행,건조,맑음,교차로 - 교차로부근,승용,여,40세,중상,승용,남,23세,경상
2015082700100035,2015년 8월 27일 01시,목요일,광주광역시 서구 화정동,중상사고,0,1,0,0,차대차 - 측면직각충돌,신호위반,건조,맑음,교차로 - 교차로안,승용,남,36세,상해없음,승용,남,43세,중상
2015082700100073,2015년 8월 27일 05시,목요일,광주광역시 동구 계림동,중상사고,0,1,0,0,차대차 - 측면직각충돌,교차로운행방법위반,건조,맑음,교차로 - 교차로안,승용,남,38세,상해없음,승용,남,19세,상해없음
2015082700100122,2015년 8월 27일 07시,목요일,광주광역시 서구 농성동,경상사고,0,0,1,0,차대차 - 기타,직진우회전진행방해,건조,맑음,교차로 - 교차로안,승용,여,69세,상해없음,자전거,남,59세,경상
2015082700100153,2015년 8월 27일 08시,목요일,광주광역시 광산구 산월동,경상사고,0,0,1,0,차대차 - 추돌 - 진행중,안전거리미확보,건조,맑음,단일로 - 교량,승용,남,67세,상해없음,승용,남,41세,경상
2015082700100255,2015년 8월 27일 12시,목요일,광주광역시 서구 치평동,경상사고,0,0,1,0,차대차 - 측면직각충돌,안전운전불이행,건조,맑음,단일로 - 기타,승용,여,62세,상해없음,승용,여,52세,경상
2015082700100256,2015년 8월 27일 12시,목요일,광주광역시 북구 신안동,경상사고,0,0,1,0,차대차 - 측면직각충돌,안전운전불이행,건조,맑음,단일로 - 기타,승용,남,51세,상해없음,이륜,남,36세,경상
2015082700100257,2015년 8월 27일 12시,목요일,광주광역시 북구 월출동,경상사고,0,0,2,0,차대차 - 측면직각충돌,안전운전불이행,건조,맑음,단일로 - 기타,승용,여,62세,경상,승합,남,34세,경상
2015082700100258,2015년 8월 27일 12시,목요일,광주광역시 북구 유동,경상사고,0,0,1,0,차대차 - 추돌 - 주정차중,안전운전불이행,습기,흐림,교차로 - 교차로부근,승용,남,57세,상해없음,승용,남,42세,경상
2015082700100284,2015년 8월 27일 13시,목요일,광주광역시 북구 용봉동,경상사고,0,0,2,0,차대차 - 기타,교차로운행방법위반,건조,흐림,교차로 - 교차로안,승용,남,67세,상해없음,승용,여,29세,경상
2015082700100285,2015년 8월 27일 13시,목요일,광주광역시 북구 중흥동,경상사고,0,0,1,0,차대차 - 측면직각충돌,안전거리미확보,건조,맑음,교차로 - 교차로부근,승합,남,65세,상해없음,이륜,남,21세,경상
2015082700100325,2015년 8월 27일 14시,목요일,광주광역시 동구 금남로4가,경상사고,0,0,4,0,차대차 - 추돌 - 진행중,신호위반,습기,맑음,교차로 - 교차로안,승용,남,76세,상해없음,승용,남,18세,경상
2015082700100360,2015년 8월 27일 15시,목요일,광주광역시 동구 계림동,경상사고,0,0,1,0,차대사람 - 횡단중,안전운전불이행,건조,맑음,단일로 - 기타,승용,남,74세,상해없음,보행자,남,7세,경상
2015082700100449,2015년 8월 27일 17시,목요일,광주광역시 서구 풍암동,경상사고,0,0,2,0,차대차 - 추돌 - 주정차중,안전운전불이행,건조,맑음,교차로 - 교차로부근,승용,여,51세,상해없음,승용,여,38세,상해없음
2015082700100450,2015년 8월 27일 17시,목요일,광주광역시 광산구 월계동,중상사고,0,1,0,0,차대차 - 기타,교차로운행방법위반,건조,맑음,교차로 - 교차로안,승용,남,51세,상해없음,자전거,남,12세,중상
2015082700100508,2015년 8월 27일 18시,목요일,광주광역시 광산구 신창동,중상사고,0,1,0,0,차대사람 - 횡단중,안전운전불이행,건조,맑음,단일로 - 기타,승용,여,55세,상해없음,보행자,남,5세,중상
2015082700100543,2015년 8월 27일 19시,목요일,광주광역시 서구 동천동,경상사고,0,0,1,0,차대차 - 추돌 - 진행중,안전운전불이행,건조,맑음,단일로 - 기타,승용,남,45세,상해없음,원동기,남,17세,경상
2015082700100579,2015년 8월 27일 20시,목요일,광주광역시 서구 유촌동,경상사고,0,0,1,0,차대차 - 추돌 - 진행중,안전운전불이행,건조,맑음,단일로 - 기타,승용,기타불명,기타불명,기타불명,이륜,남,50세,경상
2015082700100580,2015년 8월 27일 20시,목요일,광주광역시 광산구 우산동,경상사고,0,0,1,0,차대차 - 측면직각충돌,신호위반,건조,맑음,교차로 - 교차로안,승용,남,59세,상해없음,승용,여,28세,경상
2015082700100663,2015년 8월 27일 23시,목요일,광주광역시 북구 운암동,경상사고,0,0,1,0,차대차 - 추돌 - 진행중,안전거리미확보,건조,맑음,단일로 - 기타,승용,남,29세,상해없음,승용,남,55세,경상
2015082800100078,2015년 8월 28일 06시,금요일,광주광역시 서구 화정동,경상사고,0,0,1,0,차대차 - 측면직각충돌,안전운전불이행,건조,흐림,단일로 - 기타,화물,남,32세,상해없음,이륜,남,61세,경상
2015082800100144,2015년 8월 28일 08시,금요일,광주광역시 북구 중흥동,중상사고,0,1,1,0,차대차 - 측면직각충돌,교차로운행방법위반,건조,맑음,교차로 - 교차로안,원동기,남,58세,중상,승용,여,34세,경상
2015082800100145,2015년 8월 28일 08시,금요일,광주광역시 광산구 쌍암동,경상사고,0,0,1,0,차대차 - 측면직각충돌,안전운전불이행,건조,맑음,단일로 - 기타,승용,남,69세,상해없음,자전거,남,36세,경상
2015082800100212,2015년 8월 28일 10시,금요일,광주광역시 남구 월산동,경상사고,0,0,1,0,차대차 - 기타,안전운전불이행,건조,맑음,단일로 - 기타,건설기계,남,64세,상해없음,승용,여,55세,경상
2015082800100261,2015년 8월 28일 12시,금요일,광주광역시 북구 중흥동,중상사고,0,1,0,0,차대사람 - 횡단중,보행자보호의무위반,건조,맑음,단일로 - 기타,승용,남,56세,상해없음,보행자,여,37세,중상
2015082800100262,2015년 8월 28일 12시,금요일,광주광역시 북구 삼각동,경상사고,0,0,1,0,차대차 - 기타,신호위반,건조,맑음,교차로 - 교차로안,승용,남,19세,상해없음,이륜,남,32세,경상
2015082800100263,2015년 8월 28일 12시,금요일,광주광역시 광산구 도산동,중상사고,0,1,0,0,차대차 - 측면직각충돌,직진우회전진행방해,건조,맑음,교차로 - 교차로안,승용,남,27세,상해없음,자전거,여,68세,중상
2015082800100305,2015년 8월 28일 13시,금요일,광주광역시 남구 백운동,경상사고,0,0,1,0,차대사람 - 횡단중,신호위반,건조,맑음,단일로 - 기타,승용,여,54세,상해없음,보행자,여,55세,경상
2015082800100396,2015년 8월 28일 15시,금요일,광주광역시 서구 화정동,경상사고,0,0,1,0,차대사람 - 횡단중,안전운전불이행,건조,맑음,교차로 - 교차로안,승용,남,75세,기타불명,보행자,남,17세,경상
2015082800100490,2015년 8월 28일 17시,금요일,광주광역시 서구 광천동,경상사고,0,0,1,0,차대차 - 측면직각충돌,안전운전불이행,건조,맑음,단일로 - 기타,승용,남,56세,상해없음,승용,남,57세,상해없음
2015082800100534,2015년 8월 28일 18시,금요일,광주광역시 북구 매곡동,경상사고,0,0,1,0,차대차 - 추돌 - 주정차중,안전운전불이행,건조,맑음,단일로 - 기타,화물,남,65세,상해없음,승용,여,54세,경상
2015082800100535,2015년 8월 28일 18시,금요일,광주광역시 광산구 수완동,경상사고,0,0,1,0,차대차 - 측면직각충돌,안전운전불이행,건조,맑음,단일로 - 기타,승용,남,35세,상해없음,자전거,남,22세,경상
2015082800100574,2015년 8월 28일 19시,금요일,광주광역시 북구 운암동,중상사고,0,1,0,0,차대차 - 측면직각충돌,안전운전불이행,건조,맑음,단일로 - 기타,승용,남,25세,상해없음,자전거,여,6세,중상
2015082800100608,2015년 8월 28일 20시,금요일,광주광역시 북구 두암동,경상사고,0,0,1,0,차대차 - 측면직각충돌,중앙선침범,건조,맑음,교차로 - 교차로부근,승용,남,23세,기타불명,승용,남,64세,경상
2015082800100609,2015년 8월 28일 20시,금요일,광주광역시 북구 태령동,사망사고,1,0,0,0,차대사람 - 횡단중,안전운전불이행,건조,맑음,단일로 - 기타,화물,남,50세,상해없음,보행자,남,71세,사망
2015082800100610,2015년 8월 28일 20시,금요일,광주광역시 광산구 쌍암동,경상사고,0,0,2,0,차대차 - 측면직각충돌,중앙선침범,건조,맑음,단일로 - 기타,승용,남,50세,상해없음,승용,남,22세,경상
2015082800100694,2015년 8월 28일 23시,금요일,광주광역시 서구 치평동,경상사고,0,0,2,0,차대차 - 추돌 - 주정차중,안전운전불이행,건조,맑음,단일로 - 기타,승용,남,44세,상해없음,승용,남,71세,경상
2015082800100695,2015년 8월 28일 23시,금요일,광주광역시 남구 월산동,경상사고,0,0,1,0,차대사람 - 길가장자리구역통행중,안전운전불이행,건조,맑음,단일로 - 기타,승용,남,26세,기타불명,보행자,남,30세,경상
2015082800100696,2015년 8월 28일 23시,금요일,광주광역시 북구 삼각동,경상사고,0,0,2,0,차대차 - 정면충돌,안전운전불이행,건조,맑음,교차로 - 교차로안,승용,남,32세,상해없음,승용,남,26세,경상
2015082800100697,2015년 8월 28일 23시,금요일,광주광역시 북구 용봉동,경상사고,0,0,1,0,차대차 - 기타,안전운전불이행,건조,맑음,단일로 - 기타,승용,남,67세,상해없음,이륜,남,29세,경상
2015082900100017,2015년 8월 29일 00시,토요일,광주광역시 서구 쌍촌동,경상사고,0,0,1,0,차대차 - 기타,교차로운행방법위반,건조,맑음,교차로 - 교차로부근,승용,남,45세,상해없음,이륜,남,40세,경상
2015082900100018,2015년 8월 29일 00시,토요일,광주광역시 서구 치평동,중상사고,0,1,1,0,차대사람 - 횡단중,안전운전불이행,건조,맑음,단일로 - 기타,승용,남,41세,상해없음,보행자,여,17세,중상
2015082900100055,2015년 8월 29일 02시,토요일,광주광역시 동구 금남로5가,경상사고,0,0,2,0,차대차 - 추돌 - 주정차중,안전운전불이행,건조,흐림,교차로 - 교차로부근,승용,남,39세,상해없음,승용,남,29세,경상
2015082900100066,2015년 8월 29일 03시,토요일,광주광역시 서구 유촌동,경상사고,0,0,1,0,차대차 - 측면직각충돌,신호위반,건조,맑음,교차로 - 교차로안,승용,남,42세,상해없음,승용,남,37세,경상
2015082900100095,2015년 8월 29일 05시,토요일,광주광역시 서구 치평동,경상사고,0,0,1,0,차대차 - 추돌 - 주정차중,안전운전불이행,건조,맑음,단일로 - 기타,승용,여,29세,상해없음,승용,남,72세,경상
2015082900100096,2015년 8월 29일 05시,토요일,광주광역시 광산구 쌍암동,경상사고,0,0,1,0,차대차 - 추돌 - 진행중,안전운전불이행,습기,안개,교차로 - 교차로부근,승용,남,25세,상해없음,승용,남,34세,경상
2015082900100097,2015년 8월 29일 05시,토요일,광주광역시 광산구 수완동,경상사고,0,0,3,0,차대차 - 측면직각충돌,안전운전불이행,건조,맑음,단일로 - 기타,승용,여,32세,상해없음,승용,남,23세,경상
2015082900100111,2015년 8월 29일 06시,토요일,광주광역시 서구 치평동,경상사고,0,0,1,0,차대차 - 측면직각충돌,신호위반,건조,맑음,교차로 - 교차로안,승용,남,26세,상해없음,화물,남,54세,경상
2015082900100158,2015년 8월 29일 08시,토요일,광주광역시 서구 쌍촌동,경상사고,0,0,3,0,차대차 - 추돌 - 주정차중,안전운전불이행,건조,맑음,교차로 - 교차로부근,승용,남,31세,상해없음,승용,남,55세,경상
2015082900100259,2015년 8월 29일 11시,토요일,광주광역시 동구 학동,경상사고,0,0,1,0,차대차 - 측면직각충돌,안전운전불이행,건조,맑음,단일로 - 기타,승용,남,66세,상해없음,화물,남,42세,경상
2015082900100441,2015년 8월 29일 15시,토요일,광주광역시 광산구 우산동,경상사고,0,0,3,0,차대차 - 추돌 - 진행중,안전거리미확보,건조,맑음,단일로 - 기타,승용,남,62세,경상,승용,남,39세,경상
2015082900100472,2015년 8월 29일 16시,토요일,광주광역시 서구 금호동,경상사고,0,0,1,0,차대차 - 추돌 - 주정차중,안전운전불이행,건조,맑음,단일로 - 기타,승용,남,53세,상해없음,화물,남,41세,경상
2015082900100473,2015년 8월 29일 16시,토요일,광주광역시 광산구 월계동,경상사고,0,0,1,0,차대차 - 측면직각충돌,안전운전불이행,건조,맑음,단일로 - 기타,승용,남,72세,상해없음,자전거,여,12세,경상
2015082900100527,2015년 8월 29일 17시,토요일,광주광역시 서구 쌍촌동,경상사고,0,0,2,0,차대차 - 측면직각충돌,안전거리미확보,건조,맑음,교차로 - 교차로부근,승용,여,48세,상해없음,승용,여,52세,경상
2015082900100528,2015년 8월 29일 17시,토요일,광주광역시 북구 우산동,중상사고,0,1,0,0,차대차 - 측면직각충돌,안전운전불이행,건조,맑음,단일로 - 기타,이륜,남,25세,중상,승용,남,35세,상해없음
2015082900100569,2015년 8월 29일 18시,토요일,광주광역시 북구 두암동,경상사고,0,0,1,0,차대사람 - 횡단중,안전운전불이행,건조,맑음,교차로 - 교차로안,승용,남,25세,상해없음,보행자,남,48세,경상
2015082900100650,2015년 8월 29일 20시,토요일,광주광역시 북구 용봉동,경상사고,0,0,1,0,차대차 - 추돌 - 주정차중,기타,건조,맑음,교차로 - 교차로부근,승용,여,58세,기타불명,화물,남,59세,상해없음
2015082900100681,2015년 8월 29일 21시,토요일,광주광역시 북구 신용동,경상사고,0,0,1,0,차대차 - 추돌 - 주정차중,안전운전불이행,건조,맑음,단일로 - 기타,화물,남,46세,상해없음,승용,여,50세,경상
2015082900100682,2015년 8월 29일 21시,토요일,광주광역시 광산구 송정동,중상사고,0,1,0,0,차대사람 - 횡단중,보행자보호의무위반,건조,맑음,단일로 - 기타,승용,남,41세,상해없음,보행자,여,79세,중상
2015082900100738,2015년 8월 29일 23시,토요일,광주광역시 북구 신용동,경상사고,0,0,1,0,차대차 - 측면직각충돌,교차로운행방법위반,건조,맑음,교차로 - 교차로안,승용,남,29세,상해없음,승용,남,36세,경상
2015082900100739,2015년 8월 29일 23시,토요일,광주광역시 북구 두암동,경상사고,0,0,4,0,차대차 - 측면직각충돌,안전거리미확보,건조,맑음,교차로 - 교차로부근,승용,남,23세,상해없음,승용,남,34세,경상
2015083000100045,2015년 8월 30일 01시,일요일,광주광역시 북구 오치동,경상사고,0,0,2,0,차대차 - 측면직각충돌,안전거리미확보,건조,맑음,단일로 - 기타,승용,남,32세,상해없음,승용,남,24세,경상
2015083000100103,2015년 8월 30일 05시,일요일,광주광역시 남구 월산동,중상사고,0,1,0,0,차대사람 - 기타,안전운전불이행,건조,흐림,교차로 - 교차로안,승용,남,60세,상해없음,보행자,남,38세,중상
2015083000100163,2015년 8월 30일 09시,일요일,광주광역시 동구 계림동,경상사고,0,0,3,0,차대차 - 기타,안전운전불이행,건조,맑음,기타 - 기타,승용,남,81세,상해없음,승용,여,69세,경상
2015083000100164,2015년 8월 30일 09시,일요일,광주광역시 북구 양산동,경상사고,0,0,4,0,차대차 - 추돌 - 주정차중,안전운전불이행,건조,맑음,단일로 - 기타,승용,남,70세,기타불명,승용,남,61세,경상
2015083000100234,2015년 8월 30일 12시,일요일,광주광역시 북구 문흥동,경상사고,0,0,2,0,차대차 - 추돌 - 진행중,안전거리미확보,건조,맑음,단일로 - 기타,승용,남,54세,경상,승용,여,27세,경상
2015083000100364,2015년 8월 30일 16시,일요일,광주광역시 서구 쌍촌동,경상사고,0,0,1,0,차대차 - 측면직각충돌,안전운전불이행,건조,맑음,단일로 - 기타,승용,남,69세,상해없음,이륜,남,29세,경상
2015083000100404,2015년 8월 30일 17시,일요일,광주광역시 서구 쌍촌동,경상사고,0,0,1,0,차대차 - 기타,안전운전불이행,건조,맑음,단일로 - 기타,승용,남,27세,상해없음,이륜,남,27세,경상
2015083000100405,2015년 8월 30일 17시,일요일,광주광역시 광산구 쌍암동,경상사고,0,0,3,0,차대차 - 측면직각충돌,안전거리미확보,건조,맑음,단일로 - 기타,승용,남,76세,경상,원동기,남,19세,경상
2015083000100440,2015년 8월 30일 18시,일요일,광주광역시 서구 화정동,중상사고,0,1,0,0,차대사람 - 기타,안전운전불이행,건조,맑음,교차로 - 교차로부근,승용,남,31세,상해없음,보행자,여,51세,중상
2015083000100441,2015년 8월 30일 18시,일요일,광주광역시 광산구 우산동,경상사고,0,0,1,0,차대차 - 측면직각충돌,차로위반,건조,맑음,교차로 - 교차로부근,승용,남,44세,상해없음,승용,남,64세,경상
2015083000100474,2015년 8월 30일 19시,일요일,광주광역시 북구 우산동,경상사고,0,0,2,0,차대차 - 추돌 - 주정차중,안전거리미확보,건조,맑음,교차로 - 교차로부근,승용,남,53세,상해없음,승용,남,32세,경상
2015083000100512,2015년 8월 30일 20시,일요일,광주광역시 서구 풍암동,경상사고,0,0,1,0,차대차 - 측면직각충돌,교차로운행방법위반,건조,맑음,교차로 - 교차로안,이륜,남,34세,경상,승용,여,46세,상해없음
2015083000100513,2015년 8월 30일 20시,일요일,광주광역시 남구 백운동,경상사고,0,0,1,0,차대차 - 추돌 - 진행중,안전거리미확보,건조,맑음,교차로 - 교차로부근,승합,남,53세,상해없음,승용,남,47세,경상
2015083100100016,2015년 8월 31일 00시,월요일,광주광역시 서구 금호동,경상사고,0,0,1,0,차량단독 - 공작물충돌,안전운전불이행,건조,맑음,교차로 - 교차로안,승용,남,19세,경상,,,,
2015083100100035,2015년 8월 31일 02시,월요일,광주광역시 서구 농성동,경상사고,0,0,1,0,차대차 - 기타,안전운전불이행,건조,맑음,단일로 - 기타,승용,남,40세,상해없음,승용,남,28세,경상
2015083100100154,2015년 8월 31일 08시,월요일,광주광역시 북구 용봉동,경상사고,0,0,3,3,차대차 - 측면직각충돌,신호위반,건조,맑음,교차로 - 교차로안,승합,남,63세,상해없음,승합,남,55세,경상
2015083100100215,2015년 8월 31일 10시,월요일,광주광역시 서구 치평동,중상사고,0,1,1,0,차대차 - 측면직각충돌,안전운전불이행,건조,맑음,단일로 - 기타,승용,남,49세,상해없음,승용,여,46세,중상
2015083100100247,2015년 8월 31일 11시,월요일,광주광역시 북구 중흥동,경상사고,0,0,1,0,차대차 - 추돌 - 주정차중,안전운전불이행,건조,맑음,교차로 - 교차로부근,승용,남,49세,상해없음,승용,여,40세,경상
2015083100100316,2015년 8월 31일 13시,월요일,광주광역시 광산구 도천동,경상사고,0,0,3,0,차대차 - 측면직각충돌,안전운전불이행,건조,맑음,단일로 - 기타,화물,남,41세,경상,승용,여,64세,경상
2015083100100348,2015년 8월 31일 14시,월요일,광주광역시 북구 연제동,경상사고,0,0,1,0,차대사람 - 횡단중,안전운전불이행,건조,맑음,교차로 - 교차로안,승용,여,31세,상해없음,보행자,남,39세,경상
2015083100100383,2015년 8월 31일 15시,월요일,광주광역시 광산구 월곡동,경상사고,0,0,2,0,차대차 - 측면직각충돌,안전운전불이행,건조,맑음,교차로 - 교차로안,승용,남,22세,상해없음,승용,남,28세,경상
2015083100100495,2015년 8월 31일 18시,월요일,광주광역시 서구 양동,경상사고,0,0,1,0,차대차 - 기타,안전운전불이행,건조,맑음,교차로 - 교차로안,자전거,남,74세,경상,승용,여,61세,상해없음
2015083100100496,2015년 8월 31일 18시,월요일,광주광역시 북구 신용동,경상사고,0,0,1,0,차대차 - 추돌 - 주정차중,안전거리미확보,건조,맑음,교차로 - 교차로부근,승용,여,48세,상해없음,승용,여,35세,경상
2015083100100497,2015년 8월 31일 18시,월요일,광주광역시 광산구 신촌동,경상사고,0,0,1,0,차대차 - 추돌 - 진행중,안전운전불이행,건조,맑음,교차로 - 교차로안,승용,남,26세,상해없음,승용,남,28세,경상
2015083100100537,2015년 8월 31일 19시,월요일,광주광역시 서구 쌍촌동,경상사고,0,0,1,0,차대사람 - 길가장자리구역통행중,안전운전불이행,건조,맑음,단일로 - 기타,기타불명,기타불명,기타불명,기타불명,보행자,남,24세,경상
2015083100100538,2015년 8월 31일 19시,월요일,광주광역시 북구 삼각동,경상사고,0,0,1,0,차대차 - 측면직각충돌,안전운전불이행,건조,맑음,교차로 - 교차로안,승합,남,56세,상해없음,승용,여,40세,경상
2015083100100598,2015년 8월 31일 21시,월요일,광주광역시 동구 용산동,경상사고,0,0,1,0,차대차 - 추돌 - 진행중,안전거리미확보,건조,맑음,단일로 - 기타,승용,남,61세,상해없음,승용,여,49세,경상
2015083100100657,2015년 8월 31일 23시,월요일,광주광역시 광산구 수완동,중상사고,0,1,0,0,차대차 - 정면충돌,기타,건조,맑음,교차로 - 교차로안,원동기,남,39세,중상,승용,남,59세,상해없음
2015090100100013,2015년 9월 1일 00시,화요일,광주광역시 서구 화정동,중상사고,0,1,0,0,차대사람 - 횡단중,안전운전불이행,건조,맑음,미분류 - 미분류,승용,남,24세,상해없음,보행자,남,58세,중상
2015090100100042,2015년 9월 1일 02시,화요일,광주광역시 북구 용봉동,중상사고,0,1,0,0,차대차 - 측면직각충돌,안전운전불이행,건조,맑음,단일로 - 기타,승용,기타불명,기타불명,기타불명,승용,남,23세,상해없음
2015090100100052,2015년 9월 1일 03시,화요일,광주광역시 서구 덕흥동,중상사고,0,1,0,0,차량단독 - 공작물충돌,안전운전불이행,건조,맑음,단일로 - 기타,승용,남,40세,중상,,,,
2015090100100053,2015년 9월 1일 03시,화요일,광주광역시 북구 용봉동,경상사고,0,0,6,0,차대차 - 추돌 - 주정차중,안전운전불이행,건조,맑음,단일로 - 기타,승용,남,39세,경상,승용,남,47세,경상
2015090100100089,2015년 9월 1일 05시,화요일,광주광역시 광산구 송정동,경상사고,0,0,5,0,차대차 - 정면충돌,중앙선침범,건조,맑음,단일로 - 기타,승용,남,26세,상해없음,승용,남,62세,경상
2015090100100130,2015년 9월 1일 07시,화요일,광주광역시 광산구 신촌동,경상사고,0,0,1,0,차대차 - 추돌 - 주정차중,안전거리미확보,건조,맑음,단일로 - 기타,화물,남,56세,상해없음,승용,남,40세,경상
2015090100100131,2015년 9월 1일 07시,화요일,광주광역시 광산구 수완동,경상사고,0,0,1,0,차대차 - 추돌 - 진행중,안전운전불이행,건조,맑음,교차로 - 교차로부근,승용,남,48세,상해없음,승용,여,51세,경상
2015090100100172,2015년 9월 1일 08시,화요일,광주광역시 광산구 하남동,경상사고,0,0,1,0,차대차 - 측면직각충돌,안전거리미확보,건조,맑음,단일로 - 기타,화물,남,44세,상해없음,이륜,남,60세,경상
2015090100100173,2015년 9월 1일 08시,화요일,광주광역시 광산구 신가동,경상사고,0,0,10,0,차대차 - 기타,안전거리미확보,건조,맑음,교차로 - 교차로안,승용,남,55세,상해없음,승합,남,56세,경상
2015090100100174,2015년 9월 1일 08시,화요일,광주광역시 광산구 월계동,부상신고사고,0,0,0,1,차대차 - 기타,안전운전불이행,건조,맑음,교차로 - 교차로안,자전거,남,18세,부상신고,승용,기타불명,기타불명,기타불명
2015090100100175,2015년 9월 1일 08시,화요일,광주광역시 광산구 월계동,중상사고,0,1,0,0,차대사람 - 기타,보행자보호의무위반,건조,맑음,교차로 - 교차로부근,승용,남,37세,상해없음,보행자,남,26세,중상
2015090100100203,2015년 9월 1일 09시,화요일,광주광역시 동구 학동,경상사고,0,0,2,0,차대차 - 추돌 - 진행중,안전운전불이행,건조,맑음,단일로 - 기타,승용,남,74세,상해없음,승용,여,23세,경상
2015090100100246,2015년 9월 1일 10시,화요일,광주광역시 서구 농성동,경상사고,0,0,1,0,차대차 - 측면직각충돌,안전운전불이행,건조,맑음,단일로 - 기타,승용,남,64세,상해없음,승합,남,45세,경상
2015090100100279,2015년 9월 1일 11시,화요일,광주광역시 북구 동림동,중상사고,0,1,0,0,차대사람 - 횡단중,안전운전불이행,건조,맑음,단일로 - 횡단보도상,승용,여,37세,상해없음,보행자,여,74세,중상
2015090100100447,2015년 9월 1일 16시,화요일,광주광역시 광산구 신가동,경상사고,0,0,1,0,차대차 - 추돌 - 진행중,안전거리미확보,건조,맑음,단일로 - 기타,승용,여,39세,상해없음,승용,여,37세,경상
2015090100100496,2015년 9월 1일 17시,화요일,광주광역시 동구 계림동,경상사고,0,0,2,1,차대차 - 추돌 - 주정차중,안전거리미확보,건조,흐림,교차로 - 교차로부근,승용,남,43세,상해없음,승용,여,36세,부상신고
2015090100100497,2015년 9월 1일 17시,화요일,광주광역시 북구 각화동,경상사고,0,0,1,0,차량단독 - 기타,안전운전불이행,습기,비,단일로 - 기타,이륜,남,21세,경상,,,,
2015090100100498,2015년 9월 1일 17시,화요일,광주광역시 광산구 수완동,중상사고,0,1,0,0,차대사람 - 횡단중,안전운전불이행,건조,흐림,교차로 - 교차로안,승용,여,44세,상해없음,보행자,남,17세,중상
2015090100100539,2015년 9월 1일 18시,화요일,광주광역시 서구 풍암동,경상사고,0,0,1,0,차대차 - 기타,교차로운행방법위반,습기,비,교차로 - 교차로안,승용,남,44세,상해없음,원동기,남,18세,경상
2015090100100540,2015년 9월 1일 18시,화요일,광주광역시 북구 문흥동,경상사고,0,0,1,0,차대차 - 측면직각충돌,교차로운행방법위반,건조,맑음,교차로 - 교차로안,승용,여,50세,상해없음,승용,남,24세,상해없음
2015090100100576,2015년 9월 1일 19시,화요일,광주광역시 남구 송하동,경상사고,0,0,1,0,차대차 - 추돌 - 진행중,안전운전불이행,습기,흐림,단일로 - 기타,이륜,남,42세,상해없음,승용,여,32세,경상
2015090100100620,2015년 9월 1일 20시,화요일,광주광역시 남구 백운동,경상사고,0,0,1,0,차대차 - 기타,교차로운행방법위반,건조,맑음,교차로 - 교차로안,승용,남,44세,상해없음,자전거,남,24세,경상
2015090100100621,2015년 9월 1일 20시,화요일,광주광역시 북구 풍향동,경상사고,0,0,3,0,차대차 - 측면직각충돌,신호위반,건조,흐림,교차로 - 교차로안,승용,남,68세,상해없음,특수,남,44세,경상