사고번호,사고일시,요일,시군구,사고내용,사망자수,중상자수,경상자수,부상신고자수,사고유형,법규위반,노면상태,기상상태,도로형태,가해운전자 차종,가해운전자 성별,가해운전자 연령,가해운전자 상해정도,피해운전자 차종,피해운전자 성별,피해운전자 연령,피해운전자 상해정도
2015091800100367,2015년 9월 18일 13시,금요일,광주광역시 남구 주월동,중상사고,0,2,0,0,차대차 - 측면직각충돌,신호위반,건조,맑음,교차로 - 교차로안,건설기계,남,48세,상해없음,승용,여,47세,중상
2015091800100368,2015년 9월 18일 13시,금요일,광주광역시 남구 봉선동,부상신고사고,0,0,0,1,차대사람 - 횡단중,안전운전불이행,건조,맑음,교차로 - 교차로부근,기타불명,기타불명,기타불명,기타불명,보행자,남,7세,부상신고
2015091800100369,2015년 9월 18일 13시,금요일,광주광역시 광산구 도산동,경상사고,0,0,1,0,차대차 - 추돌 - 진행중,안전거리미확보,건조,맑음,교차로 - 교차로부근,승용,여,60세,상해없음,승용,남,28세,경상
2015091800100404,2015년 9월 18일 14시,금요일,광주광역시 북구 동림동,경상사고,0,0,2,0,차대차 - 측면직각충돌,중앙선침범,건조,맑음,단일로 - 기타,승용,남,72세,상해없음,승용,여,47세,경상
2015091800100449,2015년 9월 18일 15시,금요일,광주광역시 서구 화정동,경상사고,0,0,1,0,차대사람 - 차도통행중,안전운전불이행,건조,맑음,단일로 - 기타,승용,여,43세,상해없음,보행자,남,75세,경상
2015091800100589,2015년 9월 18일 18시,금요일,광주광역시 서구 유촌동,경상사고,0,0,1,0,차대차 - 추돌 - 진행중,안전운전불이행,건조,맑음,교차로 - 교차로부근,승용,남,31세,상해없음,승용,남,59세,경상
2015091800100590,2015년 9월 18일 18시,금요일,광주광역시 북구 유동,중상사고,0,1,0,0,차대차 - 추돌 - 진행중,안전운전불이행,건조,맑음,단일로 - 기타,승용,여,45세,상해없음,원동기,남,66세,중상
2015091800100591,2015년 9월 18일 18시,금요일,광주광역시 북구 누문동,중상사고,0,1,0,0,차대차 - 추돌 - 진행중,안전운전불이행,건조,맑음,교차로 - 교차로부근,승용,남,52세,상해없음,이륜,남,33세,중상
2015091800100653,2015년 9월 18일 19시,금요일,광주광역시 동구 호남동,경상사고,0,0,1,0,차량단독 - 기타,기타,건조,맑음,단일로 - 기타,승합,남,53세,상해없음,,,,
2015091800100654,2015년 9월 18일 19시,금요일,광주광역시 남구 월산동,경상사고,0,0,2,0,차대차 - 측면직각충돌,신호위반,건조,맑음,교차로 - 교차로안,승용,여,60세,상해없음,승용,남,33세,경상
2015091800100655,2015년 9월 18일 19시,금요일,광주광역시 광산구 운수동,경상사고,0,0,4,0,차대차 - 추돌 - 진행중,안전운전불이행,건조,맑음,단일로 - 기타,승합,여,42세,상해없음,화물,남,38세,경상
2015091800100656,2015년 9월 18일 19시,금요일,광주광역시 광산구 수완동,경상사고,0,0,1,0,차대차 - 측면직각충돌,차로위반,건조,맑음,교차로 - 교차로안,승용,남,47세,상해없음,승용,여,40세,상해없음
2015091800100712,2015년 9월 18일 20시,금요일,광주광역시 서구 쌍촌동,경상사고,0,0,5,0,차대차 - 측면직각충돌,직진우회전진행방해,건조,맑음,교차로 - 교차로안,승용,남,64세,경상,승합,남,60세,경상
2015091800100713,2015년 9월 18일 20시,금요일,광주광역시 북구 각화동,중상사고,0,1,0,0,차대사람 - 기타,안전운전불이행,건조,맑음,단일로 - 기타,승용,여,55세,상해없음,보행자,남,69세,중상
2015091800100714,2015년 9월 18일 20시,금요일,광주광역시 광산구 도산동,사망사고,1,0,0,0,차대사람 - 횡단중,안전운전불이행,건조,맑음,교차로 - 교차로안,화물,남,64세,상해없음,보행자,남,33세,사망
2015091800100749,2015년 9월 18일 21시,금요일,광주광역시 서구 매월동,경상사고,0,0,1,0,차대차 - 측면직각충돌,신호위반,건조,맑음,교차로 - 교차로안,승용,남,45세,상해없음,화물,여,54세,경상
2015091800100789,2015년 9월 18일 22시,금요일,광주광역시 북구 두암동,경상사고,0,0,1,0,차대차 - 측면직각충돌,안전운전불이행,건조,맑음,단일로 - 기타,승용,남,20세,기타불명,승용,남,48세,상해없음
2015091800100790,2015년 9월 18일 22시,금요일,광주광역시 광산구 비아동,중상사고,0,1,0,0,차대차 - 측면직각충돌,안전운전불이행,건조,맑음,교차로 - 교차로부근,화물,남,54세,상해없음,승용,남,25세,중상
2015091800100825,2015년 9월 18일 23시,금요일,광주광역시 북구 문흥동,경상사고,0,0,1,0,차대차 - 측면직각충돌,기타,건조,맑음,단일로 - 기타,승용,남,39세,상해없음,이륜,남,35세,경상
2015091900100022,2015년 9월 19일 00시,토요일,광주광역시 서구 금호동,중상사고,0,1,0,0,차대차 - 추돌 - 진행중,안전거리미확보,건조,맑음,교차로 - 교차로부근,승용,남,52세,상해없음,승용,남,25세,중상
2015091900100023,2015년 9월 19일 00시,토요일,광주광역시 서구 농성동,경상사고,0,0,3,0,차대차 - 추돌 - 주정차중,안전운전불이행,건조,맑음,단일로 - 기타,승용,남,43세,상해없음,승용,남,32세,경상
2015091900100049,2015년 9월 19일 01시,토요일,광주광역시 동구 계림동,경상사고,0,0,2,0,차대차 - 측면직각충돌,신호위반,건조,맑음,교차로 - 교차로안,승용,남,52세,상해없음,승용,남,30세,경상
2015091900100068,2015년 9월 19일 02시,토요일,광주광역시 남구 월산동,경상사고,0,0,3,0,차대차 - 측면직각충돌,신호위반,건조,맑음,교차로 - 교차로안,승용,남,68세,상해없음,승용,남,57세,경상
2015091900100190,2015년 9월 19일 08시,토요일,광주광역시 광산구 수완동,경상사고,0,0,1,0,차대차 - 측면직각충돌,차로위반,건조,맑음,단일로 - 기타,건설기계,남,30세,상해없음,승용,남,33세,경상
2015091900100251,2015년 9월 19일 10시,토요일,광주광역시 동구 계림동,중상사고,0,1,0,0,차대차 - 정면충돌,안전운전불이행,건조,맑음,교차로 - 교차로안,화물,남,23세,상해없음,자전거,남,71세,중상
2015091900100295,2015년 9월 19일 11시,토요일,광주광역시 동구 산수동,경상사고,0,0,1,0,차대사람 - 기타,안전운전불이행,건조,맑음,기타 - 기타,승용,여,44세,상해없음,보행자,여,60세,경상
2015091900100337,2015년 9월 19일 12시,토요일,광주광역시 광산구 우산동,중상사고,0,1,1,0,차대차 - 측면직각충돌,안전거리미확보,건조,맑음,단일로 - 기타,화물,남,49세,상해없음,승용,남,74세,경상
2015091900100338,2015년 9월 19일 12시,토요일,광주광역시 광산구 신가동,경상사고,0,0,1,0,차대차 - 추돌 - 진행중,차로위반,건조,맑음,단일로 - 기타,승용,여,46세,상해없음,승용,여,34세,경상
2015091900100379,2015년 9월 19일 13시,토요일,광주광역시 동구 궁동,경상사고,0,0,1,0,차대차 - 측면직각충돌,차로위반,건조,맑음,기타 - 기타,승용,남,58세,상해없음,승용,남,46세,경상
2015091900100380,2015년 9월 19일 13시,토요일,광주광역시 서구 마륵동,경상사고,0,0,1,0,차대차 - 추돌 - 주정차중,안전운전불이행,건조,맑음,단일로 - 기타,승용,남,63세,상해없음,승용,남,64세,경상
2015091900100423,2015년 9월 19일 14시,토요일,광주광역시 서구 치평동,경상사고,0,0,3,0,차대차 - 측면직각충돌,교차로운행방법위반,건조,맑음,교차로 - 교차로안,승용,남,57세,경상,승용,여,42세,경상
2015091900100424,2015년 9월 19일 14시,토요일,광주광역시 북구 문흥동,경상사고,0,0,1,0,차대차 - 측면직각충돌,안전거리미확보,건조,맑음,교차로 - 교차로부근,원동기,남,78세,경상,승용,남,33세,상해없음
2015091900100466,2015년 9월 19일 15시,토요일,광주광역시 북구 오치동,중상사고,0,1,0,0,차대사람 - 기타,안전운전불이행,건조,맑음,단일로 - 기타,화물,남,34세,상해없음,보행자,남,8세,중상
2015091900100509,2015년 9월 19일 16시,토요일,광주광역시 북구 운암동,경상사고,0,0,1,0,차대차 - 측면직각충돌,기타,건조,맑음,단일로 - 기타,화물,남,54세,상해없음,원동기,남,52세,경상
2015091900100563,2015년 9월 19일 17시,토요일,광주광역시 동구 금남로5가,경상사고,0,0,1,0,차대사람 - 횡단중,보행자보호의무위반,건조,맑음,기타 - 기타,승용,여,46세,상해없음,보행자,여,33세,경상
2015091900100565,2015년 9월 19일 17시,토요일,광주광역시 서구 광천동,경상사고,0,0,1,0,차대차 - 추돌 - 주정차중,안전운전불이행,건조,맑음,교차로 - 교차로부근,화물,남,48세,상해없음,승용,남,27세,경상
2015091900100566,2015년 9월 19일 17시,토요일,광주광역시 남구 월산동,중상사고,0,1,0,0,차대차 - 측면직각충돌,교차로운행방법위반,건조,맑음,교차로 - 교차로안,승용,남,23세,상해없음,이륜,남,70세,중상
2015091900100567,2015년 9월 19일 17시,토요일,광주광역시 북구 중흥동,경상사고,0,0,1,0,차대차 - 측면직각충돌,중앙선침범,건조,맑음,단일로 - 기타,원동기,남,79세,경상,승용,남,32세,상해없음
2015091900100568,2015년 9월 19일 17시,토요일,광주광역시 북구 신안동,경상사고,0,0,1,0,차대차 - 추돌 - 주정차중,안전거리미확보,건조,맑음,단일로 - 기타,승용,남,31세,상해없음,승용,남,32세,경상
2015091900100569,2015년 9월 19일 17시,토요일,광주광역시 광산구 신가동,경상사고,0,0,2,0,차대차 - 기타,안전운전불이행,건조,맑음,교차로 - 교차로부근,승용,남,52세,경상,화물,남,35세,경상
2015091900100570,2015년 9월 19일 17시,토요일,광주광역시 광산구 소촌동,경상사고,0,0,12,0,차대차 - 추돌 - 진행중,안전거리미확보,건조,맑음,단일로 - 기타,화물,남,51세,경상,화물,남,50세,상해없음
2015091900100663,2015년 9월 19일 19시,토요일,광주광역시 북구 두암동,경상사고,0,0,1,0,차대차 - 기타,안전운전불이행,건조,맑음,단일로 - 기타,승용,기타불명,기타불명,기타불명,자전거,남,57세,경상
2015091900100738,2015년 9월 19일 21시,토요일,광주광역시 서구 금호동,경상사고,0,0,1,0,차대차 - 측면직각충돌,안전운전불이행,건조,맑음,교차로 - 교차로안,승용,남,34세,상해없음,승용,여,42세,경상
2015091900100765,2015년 9월 19일 22시,토요일,광주광역시 서구 금호동,경상사고,0,0,1,0,차대차 - 측면직각충돌,안전운전불이행,건조,맑음,단일로 - 기타,승용,남,53세,상해없음,승용,남,67세,경상
2015091900100766,2015년 9월 19일 22시,토요일,광주광역시 남구 주월동,경상사고,0,0,5,0,차대차 - 추돌 - 진행중,안전거리미확보,건조,맑음,단일로 - 기타,승용,여,55세,상해없음,승용,남,22세,경상
2015092000100014,2015년 9월 20일 00시,일요일,광주광역시 서구 매월동,경상사고,0,0,2,0,차대차 - 추돌 - 주정차중,안전운전불이행,건조,맑음,교차로 - 교차로부근,승용,남,49세,상해없음,승용,남,38세,경상
2015092000100015,2015년 9월 20일 00시,일요일,광주광역시 북구 양산동,부상신고사고,0,0,0,1,차대차 - 추돌 - 진행중,안전운전불이행,건조,맑음,단일로 - 기타,원동기,남,16세,부상신고,승용,남,53세,상해없음
2015092000100040,2015년 9월 20일 01시,일요일,광주광역시 남구 송하동,경상사고,0,0,1,0,차대차 - 추돌 - 진행중,안전운전불이행,건조,맑음,단일로 - 기타,승용,남,52세,기타불명,승용,남,34세,경상
2015092000100073,2015년 9월 20일 04시,일요일,광주광역시 서구 치평동,경상사고,0,0,4,0,차대차 - 추돌 - 주정차중,안전운전불이행,건조,맑음,교차로 - 교차로부근,승용,남,39세,상해없음,승용,여,45세,경상
2015092000100074,2015년 9월 20일 04시,일요일,광주광역시 서구 치평동,경상사고,0,0,3,0,차대차 - 측면직각충돌,안전운전불이행,건조,맑음,단일로 - 기타,승용,남,24세,경상,승용,남,40세,경상
2015092000100124,2015년 9월 20일 07시,일요일,광주광역시 서구 치평동,경상사고,0,0,1,0,차대차 - 측면직각충돌,교차로운행방법위반,건조,맑음,교차로 - 교차로안,승용,남,27세,상해없음,승용,남,32세,경상
2015092000100195,2015년 9월 20일 10시,일요일,광주광역시 북구 일곡동,중상사고,0,2,6,0,차대차 - 정면충돌,안전운전불이행,건조,맑음,교차로 - 교차로안,승용,여,32세,중상,승용,남,58세,중상
2015092000100218,2015년 9월 20일 11시,일요일,광주광역시 서구 양동,중상사고,0,1,0,0,차대차 - 정면충돌,안전운전불이행,건조,맑음,단일로 - 기타,화물,남,64세,상해없음,승합,남,41세,상해없음
2015092000100285,2015년 9월 20일 13시,일요일,광주광역시 광산구 운남동,중상사고,0,1,0,0,차대사람 - 횡단중,보행자보호의무위반,건조,맑음,교차로 - 교차로부근,승용,남,60세,상해없음,보행자,남,7세,중상
2015092000100312,2015년 9월 20일 14시,일요일,광주광역시 광산구 송정동,경상사고,0,0,2,0,차대차 - 측면직각충돌,교차로운행방법위반,건조,맑음,교차로 - 교차로안,승용,여,38세,경상,승용,남,34세,상해없음
2015092000100349,2015년 9월 20일 15시,일요일,광주광역시 서구 광천동,경상사고,0,0,1,0,차대차 - 측면직각충돌,교차로운행방법위반,건조,흐림,교차로 - 교차로안,승용,여,36세,상해없음,화물,남,30세,경상
2015092000100350,2015년 9월 20일 15시,일요일,광주광역시 남구 방림동,중상사고,0,1,0,0,차대사람 - 횡단중,안전운전불이행,건조,맑음,기타 - 기타,승합,남,45세,상해없음,보행자,여,2세,중상
2015092000100351,2015년 9월 20일 15시,일요일,광주광역시 북구 신안동,경상사고,0,0,3,0,차대차 - 정면충돌,중앙선침범,건조,맑음,단일로 - 기타,승용,남,63세,상해없음,승용,남,50세,경상
2015092000100385,2015년 9월 20일 16시,일요일,광주광역시 광산구 신가동,경상사고,0,0,2,0,차대차 - 추돌 - 진행중,안전운전불이행,건조,맑음,단일로 - 기타,승용,여,55세,상해없음,승용,남,48세,경상
2015092000100491,2015년 9월 20일 19시,일요일,광주광역시 서구 화정동,경상사고,0,0,2,0,차대차 - 추돌 - 진행중,안전운전불이행,건조,맑음,교차로 - 교차로부근,승용,남,57세,상해없음,승용,남,55세,경상
2015092000100492,2015년 9월 20일 19시,일요일,광주광역시 북구 운암동,중상사고,0,1,2,0,차량단독 - 기타,안전운전불이행,건조,맑음,단일로 - 기타,승용,여,40세,중상,,,,
2015092000100493,2015년 9월 20일 19시,일요일,광주광역시 북구 중흥동,중상사고,0,1,0,0,차대사람 - 횡단중,안전운전불이행,건조,맑음,단일로 - 기타,승용,남,64세,상해없음,보행자,남,69세,중상
2015092000100494,2015년 9월 20일 19시,일요일,광주광역시 광산구 우산동,경상사고,0,0,2,0,차대차 - 기타,교차로운행방법위반,건조,맑음,교차로 - 교차로부근,화물,남,38세,상해없음,승용,남,56세,경상
2015092000100533,2015년 9월 20일 20시,일요일,광주광역시 서구 쌍촌동,경상사고,0,0,1,0,차대사람 - 횡단중,안전운전불이행,건조,맑음,교차로 - 교차로부근,화물,남,33세,상해없음,보행자,남,42세,경상
2015092000100534,2015년 9월 20일 20시,일요일,광주광역시 서구 쌍촌동,중상사고,0,1,0,0,차대사람 - 횡단중,보행자보호의무위반,건조,맑음,단일로 - 횡단보도상,승용,남,52세,상해없음,보행자,여,56세,중상
2015092000100558,2015년 9월 20일 21시,일요일,광주광역시 남구 송하동,경상사고,0,0,4,0,차대차 - 추돌 - 진행중,안전거리미확보,건조,맑음,단일로 - 기타,화물,남,49세,상해없음,승용,남,36세,경상
2015092000100595,2015년 9월 20일 23시,일요일,광주광역시 동구 수기동,경상사고,0,0,2,0,차대차 - 추돌 - 주정차중,안전운전불이행,건조,맑음,단일로 - 기타,승용,남,29세,상해없음,승용,남,48세,경상
2015092000100596,2015년 9월 20일 23시,일요일,광주광역시 북구 동림동,경상사고,0,0,1,0,차량단독 - 기타,안전운전불이행,건조,맑음,단일로 - 기타,이륜,남,22세,경상,,,,
2015092100100034,2015년 9월 21일 03시,월요일,광주광역시 북구 용봉동,경상사고,0,0,1,0,차대차 - 기타,교차로운행방법위반,건조,맑음,교차로 - 교차로부근,승용,남,53세,상해없음,승용,남,67세,경상
2015092100100074,2015년 9월 21일 06시,월요일,광주광역시 남구 월산동,경상사고,0,0,1,0,차대차 - 기타,중앙선침범,건조,맑음,단일로 - 기타,승용,남,36세,기타불명,승용,남,61세,경상
2015092100100075,2015년 9월 21일 06시,월요일,광주광역시 광산구 우산동,경상사고,0,0,1,0,차대차 - 측면직각충돌,안전운전불이행,습기,안개,단일로 - 기타,화물,남,48세,상해없음,승용,남,38세,경상
2015092100100101,2015년 9월 21일 07시,월요일,광주광역시 광산구 우산동,경상사고,0,0,3,0,차대차 - 추돌 - 주정차중,안전운전불이행,건조,맑음,단일로 - 기타,승용,남,35세,상해없음,승용,여,48세,경상
2015092100100255,2015년 9월 21일 11시,월요일,광주광역시 동구 서석동,경상사고,0,0,1,0,차대사람 - 횡단중,보행자보호의무위반,건조,맑음,단일로 - 횡단보도상,승용,남,66세,상해없음,보행자,여,19세,경상
2015092100100365,2015년 9월 21일 14시,월요일,광주광역시 광산구 옥동,경상사고,0,0,2,0,차대차 - 정면충돌,안전운전불이행,건조,맑음,교차로 - 교차로안,승용,남,24세,상해없음,승합,남,32세,상해없음
2015092100100415,2015년 9월 21일 15시,월요일,광주광역시 북구 용봉동,경상사고,0,0,1,0,차대사람 - 기타,안전운전불이행,건조,맑음,단일로 - 기타,승용,여,60세,상해없음,보행자,여,58세,경상
2015092100100474,2015년 9월 21일 16시,월요일,광주광역시 북구 매곡동,경상사고,0,0,3,0,차대차 - 측면직각충돌,교차로운행방법위반,건조,기타,교차로 - 교차로안,승용,여,56세,상해없음,승용,남,36세,경상
2015092100100475,2015년 9월 21일 16시,월요일,광주광역시 광산구 우산동,경상사고,0,0,1,0,차대차 - 측면직각충돌,안전운전불이행,건조,맑음,교차로 - 교차로안,화물,여,44세,상해없음,승용,남,28세,경상
2015092100100476,2015년 9월 21일 16시,월요일,광주광역시 광산구 도산동,경상사고,0,0,1,0,차대차 - 추돌 - 진행중,안전거리미확보,건조,맑음,교차로 - 교차로부근,승용,남,50세,상해없음,승용,여,24세,경상
2015092100100536,2015년 9월 21일 17시,월요일,광주광역시 서구 광천동,경상사고,0,0,1,0,차대사람 - 기타,안전운전불이행,건조,맑음,단일로 - 기타,승합,남,58세,기타불명,보행자,남,49세,경상
2015092100100537,2015년 9월 21일 17시,월요일,광주광역시 서구 매월동,경상사고,0,0,3,0,차대차 - 추돌 - 진행중,안전운전불이행,건조,맑음,교차로 - 교차로부근,승용,남,82세,경상,이륜,남,58세,경상
2015092100100538,2015년 9월 21일 17시,월요일,광주광역시 북구 용두동,경상사고,0,0,2,0,차대차 - 측면직각충돌,교차로운행방법위반,건조,맑음,교차로 - 교차로안,원동기,남,21세,경상,원동기,남,69세,경상
2015092100100596,2015년 9월 21일 18시,월요일,광주광역시 광산구 옥동,중상사고,0,1,0,0,차대사람 - 횡단중,안전운전불이행,건조,흐림,단일로 - 기타,화물,남,27세,상해없음,보행자,남,46세,중상
2015092100100640,2015년 9월 21일 19시,월요일,광주광역시 동구 계림동,부상신고사고,0,0,0,1,차대차 - 추돌 - 주정차중,안전운전불이행,건조,맑음,단일로 - 기타,승용,남,36세,부상신고,승용,남,59세,기타불명
2015092100100641,2015년 9월 21일 19시,월요일,광주광역시 북구 각화동,경상사고,0,0,2,0,차대차 - 정면충돌,교차로운행방법위반,건조,맑음,교차로 - 교차로안,승용,남,27세,경상,승용,여,33세,경상
2015092100100642,2015년 9월 21일 19시,월요일,광주광역시 광산구 월계동,경상사고,0,0,1,0,차대차 - 측면직각충돌,신호위반,건조,맑음,교차로 - 교차로부근,이륜,남,20세,경상,승용,남,50세,상해없음
2015092100100670,2015년 9월 21일 20시,월요일,광주광역시 북구 문흥동,경상사고,0,0,3,0,차대차 - 추돌 - 주정차중,안전거리미확보,건조,맑음,교차로 - 교차로부근,승용,남,31세,상해없음,승용,남,53세,경상
2015092100100747,2015년 9월 21일 23시,월요일,광주광역시 서구 광천동,경상사고,0,0,2,0,차대차 - 기타,신호위반,건조,맑음,교차로 - 교차로안,승용,남,49세,상해없음,승용,남,55세,상해없음
2015092200100033,2015년 9월 22일 03시,화요일,광주광역시 동구 계림동,사망사고,1,0,0,0,차량단독 - 공작물충돌,안전운전불이행,건조,맑음,교차로 - 교차로안,승용,남,47세,사망,,,,
2015092200100166,2015년 9월 22일 08시,화요일,광주광역시 북구 신안동,경상사고,0,0,1,0,차대차 - 추돌 - 주정차중,안전운전불이행,건조,맑음,단일로 - 기타,승용,남,29세,상해없음,승용,남,30세,경상
2015092200100167,2015년 9월 22일 08시,화요일,광주광역시 북구 오치동,경상사고,0,0,2,0,차대차 - 추돌 - 진행중,안전거리미확보,건조,맑음,교차로 - 교차로부근,승용,남,35세,상해없음,승용,남,35세,경상
2015092200100204,2015년 9월 22일 09시,화요일,광주광역시 동구 지산동,경상사고,0,0,1,0,차대사람 - 기타,안전운전불이행,건조,맑음,단일로 - 기타,승용,남,45세,상해없음,보행자,여,43세,경상
2015092200100205,2015년 9월 22일 09시,화요일,광주광역시 동구 산수동,경상사고,0,0,1,0,차대차 - 기타,안전거리미확보,건조,맑음,단일로 - 기타,승용,여,70세,상해없음,승합,남,53세,상해없음
2015092200100206,2015년 9월 22일 09시,화요일,광주광역시 북구 본촌동,경상사고,0,0,2,0,차대차 - 측면직각충돌,신호위반,건조,맑음,교차로 - 교차로안,승합,남,24세,상해없음,승용,여,39세,경상
2015092200100242,2015년 9월 22일 10시,화요일,광주광역시 북구 중흥동,경상사고,0,0,1,0,차대차 - 기타,차로위반,건조,맑음,교차로 - 교차로부근,승용,남,51세,상해없음,승용,여,43세,경상
2015092200100308,2015년 9월 22일 12시,화요일,광주광역시 남구 백운동,경상사고,0,0,2,0,차대차 - 측면직각충돌,차로위반,건조,맑음,단일로 - 기타,승용,여,35세,경상,승용,여,23세,경상
2015092200100309,2015년 9월 22일 12시,화요일,광주광역시 북구 동림동,경상사고,0,0,1,0,차대차 - 측면직각충돌,신호위반,건조,맑음,교차로 - 교차로안,자전거,남,16세,경상,승용,남,49세,상해없음
2015092200100310,2015년 9월 22일 12시,화요일,광주광역시 북구 유동,경상사고,0,0,1,0,차대차 - 측면직각충돌,안전거리미확보,건조,맑음,단일로 - 기타,승용,남,59세,상해없음,승용,여,44세,경상
2015092200100311,2015년 9월 22일 12시,화요일,광주광역시 광산구 도산동,경상사고,0,0,1,0,차대차 - 측면직각충돌,안전운전불이행,건조,맑음,교차로 - 교차로안,승용,여,35세,상해없음,승용,남,61세,상해없음
2015092200100348,2015년 9월 22일 13시,화요일,광주광역시 서구 유촌동,경상사고,0,0,1,0,차대차 - 기타,안전운전불이행,건조,맑음,단일로 - 기타,승용,남,59세,상해없음,승용,남,26세,경상
2015092200100385,2015년 9월 22일 14시,화요일,광주광역시 서구 농성동,경상사고,0,0,1,0,차대차 - 기타,안전운전불이행,건조,맑음,교차로 - 교차로안,승용,여,47세,상해없음,자전거,남,19세,경상
2015092200100438,2015년 9월 22일 15시,화요일,광주광역시 북구 각화동,경상사고,0,0,3,0,차대차 - 측면직각충돌,안전거리미확보,건조,맑음,단일로 - 기타,승용,여,66세,경상,화물,남,52세,경상
2015092200100439,2015년 9월 22일 15시,화요일,광주광역시 북구 오치동,경상사고,0,0,1,0,차대사람 - 기타,안전운전불이행,건조,맑음,교차로 - 교차로부근,기타불명,기타불명,기타불명,기타불명,보행자,여,7세,경상
2015092200100538,2015년 9월 22일 17시,화요일,광주광역시 동구 산수동,경상사고,0,0,1,0,차대차 - 측면직각충돌,안전거리미확보,건조,맑음,단일로 - 기타,승용,남,57세,상해없음,승용,여,24세,경상
2015092200100539,2015년 9월 22일 17시,화요일,광주광역시 서구 내방동,경상사고,0,0,1,0,차대사람 - 기타,안전운전불이행,건조,맑음,단일로 - 기타,승용,여,32세,상해없음,보행자,여,52세,경상
2015092200100584,2015년 9월 22일 18시,화요일,광주광역시 서구 금호동,경상사고,0,0,1,0,차대차 - 추돌 - 진행중,안전운전불이행,건조,맑음,단일로 - 기타,승합,남,41세,상해없음,승용,남,45세,경상
2015092200100585,2015년 9월 22일 18시,화요일,광주광역시 남구 노대동,경상사고,0,0,1,0,차대사람 - 차도통행중,안전운전불이행,건조,맑음,단일로 - 기타,승합,남,44세,상해없음,보행자,남,41세,경상
2015092200100586,2015년 9월 22일 18시,화요일,광주광역시 북구 각화동,중상사고,0,1,0,0,차대사람 - 차도통행중,안전운전불이행,건조,맑음,단일로 - 기타,이륜,남,43세,상해없음,보행자,남,68세,중상
2015092200100640,2015년 9월 22일 19시,화요일,광주광역시 북구 양산동,경상사고,0,0,1,0,차대차 - 측면직각충돌,신호위반,건조,맑음,교차로 - 교차로안,승용,남,53세,상해없음,승용,남,63세,경상
2015092200100672,2015년 9월 22일 20시,화요일,광주광역시 남구 주월동,경상사고,0,0,1,0,차대차 - 측면직각충돌,교차로운행방법위반,건조,맑음,교차로 - 교차로안,승용,여,49세,상해없음,이륜,남,20세,경상
2015092200100673,2015년 9월 22일 20시,화요일,광주광역시 광산구 월계동,경상사고,0,0,1,0,차대차 - 측면직각충돌,안전운전불이행,건조,맑음,교차로 - 교차로부근,승용,남,53세,상해없음,승용,여,52세,경상
2015092200100713,2015년 9월 22일 21시,화요일,광주광역시 북구 매곡동,경상사고,0,0,2,0,차대차 - 추돌 - 주정차중,안전운전불이행,건조,맑음,단일로 - 기타,승용,남,53세,상해없음,승용,여,48세,경상
2015092200100766,2015년 9월 22일 23시,화요일,광주광역시 남구 방림동,경상사고,0,0,1,0,차대차 - 정면충돌,교차로운행방법위반,건조,맑음,교차로 - 교차로안,승용,남,58세,상해없음,승용,남,55세,상해없음
2015092300100031,2015년 9월 23일 01시,수요일,광주광역시 동구 호남동,중상사고,0,1,4,0,차대차 - 측면직각충돌,신호위반,건조,맑음,교차로 - 교차로안,화물,남,37세,경상,승용,남,63세,경상
2015092300100039,2015년 9월 23일 02시,수요일,광주광역시 동구 금남로1가,중상사고,0,1,0,0,차대사람 - 기타,안전운전불이행,건조,맑음,교차로 - 교차로안,승용,여,39세,상해없음,보행자,남,18세,중상
2015092300100089,2015년 9월 23일 06시,수요일,광주광역시 서구 쌍촌동,경상사고,0,0,1,0,차대차 - 기타,안전운전불이행,건조,맑음,단일로 - 기타,승용,남,66세,상해없음,승용,남,55세,경상
2015092300100090,2015년 9월 23일 06시,수요일,광주광역시 남구 송하동,중상사고,0,1,0,0,차대차 - 측면직각충돌,중앙선침범,건조,맑음,교차로 - 교차로부근,승용,여,44세,상해없음,이륜,남,81세,중상
2015092300100164,2015년 9월 23일 08시,수요일,광주광역시 광산구 신창동,경상사고,0,0,1,0,차대사람 - 길가장자리구역통행중,안전운전불이행,건조,맑음,교차로 - 교차로안,승용,여,19세,상해없음,보행자,여,14세,경상
2015092300100193,2015년 9월 23일 09시,수요일,광주광역시 북구 두암동,경상사고,0,0,1,0,차대차 - 측면직각충돌,안전운전불이행,건조,맑음,단일로 - 기타,승용,여,46세,상해없음,승용,여,38세,경상
2015092300100226,2015년 9월 23일 10시,수요일,광주광역시 광산구 신촌동,경상사고,0,0,1,0,차대차 - 추돌 - 진행중,안전운전불이행,습기,비,교차로 - 교차로부근,승합,남,31세,상해없음,승용,남,33세,경상
2015092300100298,2015년 9월 23일 12시,수요일,광주광역시 북구 누문동,경상사고,0,0,1,0,차대차 - 측면직각충돌,안전운전불이행,습기,비,기타 - 기타,승용,여,54세,상해없음,승용,여,36세,경상
2015092300100334,2015년 9월 23일 13시,수요일,광주광역시 북구 두암동,중상사고,0,1,0,0,차대차 - 측면직각충돌,직진우회전진행방해,습기,비,단일로 - 기타,승용,남,46세,상해없음,승용,남,38세,중상