사고번호,사고일시,요일,시군구,사고내용,사망자수,중상자수,경상자수,부상신고자수,사고유형,법규위반,노면상태,기상상태,도로형태,가해운전자 차종,가해운전자 성별,가해운전자 연령,가해운전자 상해정도,피해운전자 차종,피해운전자 성별,피해운전자 연령,피해운전자 상해정도
2015092300100370,2015년 9월 23일 14시,수요일,광주광역시 광산구 우산동,경상사고,0,0,1,0,차대차 - 측면직각충돌,안전운전불이행,건조,맑음,교차로 - 교차로안,승용,남,44세,상해없음,승용,여,43세,경상
2015092300100417,2015년 9월 23일 15시,수요일,광주광역시 서구 농성동,경상사고,0,0,2,0,차대차 - 측면직각충돌,안전거리미확보,습기,비,교차로 - 교차로부근,승용,남,59세,상해없음,승용,남,48세,경상
2015092300100418,2015년 9월 23일 15시,수요일,광주광역시 북구 운암동,부상신고사고,0,0,0,1,차대차 - 기타,차로위반,습기,비,단일로 - 기타,승용,남,33세,상해없음,이륜,남,56세,부상신고
2015092300100460,2015년 9월 23일 16시,수요일,광주광역시 서구 풍암동,경상사고,0,0,1,0,차대차 - 측면직각충돌,안전운전불이행,습기,비,단일로 - 횡단보도상,승용,기타불명,기타불명,기타불명,자전거,남,15세,경상
2015092300100461,2015년 9월 23일 16시,수요일,광주광역시 광산구 우산동,경상사고,0,0,1,0,차대차 - 측면직각충돌,직진우회전진행방해,습기,맑음,단일로 - 기타,승용,남,43세,기타불명,원동기,남,55세,경상
2015092300100462,2015년 9월 23일 16시,수요일,광주광역시 광산구 월계동,경상사고,0,0,1,0,차대차 - 측면직각충돌,중앙선침범,습기,비,단일로 - 기타,승용,남,41세,상해없음,승용,남,41세,경상
2015092300100506,2015년 9월 23일 17시,수요일,광주광역시 서구 유촌동,중상사고,0,1,0,0,차대차 - 추돌 - 진행중,안전거리미확보,습기,비,단일로 - 기타,승용,남,38세,상해없음,승용,남,34세,중상
2015092300100507,2015년 9월 23일 17시,수요일,광주광역시 서구 치평동,경상사고,0,0,1,0,차대차 - 측면직각충돌,안전거리미확보,습기,비,단일로 - 기타,승용,남,40세,기타불명,승용,남,63세,경상
2015092300100508,2015년 9월 23일 17시,수요일,광주광역시 서구 양동,경상사고,0,0,2,0,차대차 - 추돌 - 주정차중,안전운전불이행,건조,맑음,단일로 - 기타,승용,남,33세,상해없음,승용,남,33세,경상
2015092300100509,2015년 9월 23일 17시,수요일,광주광역시 남구 백운동,부상신고사고,0,0,0,1,차대사람 - 길가장자리구역통행중,안전운전불이행,습기,비,교차로 - 교차로부근,기타불명,기타불명,기타불명,기타불명,보행자,여,17세,부상신고
2015092300100510,2015년 9월 23일 17시,수요일,광주광역시 북구 운암동,경상사고,0,0,2,0,차대차 - 기타,안전거리미확보,습기,비,단일로 - 기타,승용,남,35세,상해없음,승용,여,57세,경상
2015092300100511,2015년 9월 23일 17시,수요일,광주광역시 광산구 월곡동,경상사고,0,0,1,0,차대차 - 측면직각충돌,안전운전불이행,습기,비,단일로 - 기타,승용,여,29세,상해없음,원동기,남,18세,경상
2015092300100577,2015년 9월 23일 18시,수요일,광주광역시 서구 화정동,경상사고,0,0,1,0,차대사람 - 횡단중,신호위반,습기,비,교차로 - 교차로부근,화물,남,65세,상해없음,보행자,여,54세,경상
2015092300100578,2015년 9월 23일 18시,수요일,광주광역시 서구 치평동,경상사고,0,0,2,0,차대차 - 추돌 - 진행중,안전운전불이행,습기,비,교차로 - 교차로안,승용,여,31세,경상,승용,남,50세,경상
2015092300100579,2015년 9월 23일 18시,수요일,광주광역시 북구 우산동,부상신고사고,0,0,0,1,차대차 - 측면직각충돌,신호위반,습기,비,교차로 - 교차로안,원동기,남,76세,부상신고,승용,남,33세,상해없음
2015092300100619,2015년 9월 23일 19시,수요일,광주광역시 북구 연제동,경상사고,0,0,2,0,차대차 - 추돌 - 진행중,안전운전불이행,습기,비,단일로 - 기타,승용,남,54세,상해없음,승용,남,31세,상해없음
2015092300100636,2015년 9월 23일 19시,수요일,광주광역시 동구 계림동,경상사고,0,0,2,0,차대차 - 추돌 - 주정차중,안전거리미확보,건조,맑음,단일로 - 기타,승용,남,62세,상해없음,승용,여,42세,경상
2015092300100693,2015년 9월 23일 20시,수요일,광주광역시 북구 우산동,부상신고사고,0,0,0,1,차대차 - 측면직각충돌,안전운전불이행,습기,비,단일로 - 기타,원동기,남,45세,기타불명,기타불명,여,71세,부상신고
2015092300100694,2015년 9월 23일 20시,수요일,광주광역시 북구 신안동,경상사고,0,0,1,0,차대차 - 추돌 - 진행중,안전운전불이행,건조,맑음,단일로 - 기타,승용,남,43세,경상,승용,여,62세,상해없음
2015092300100695,2015년 9월 23일 20시,수요일,광주광역시 북구 양산동,부상신고사고,0,0,0,1,차대사람 - 횡단중,안전운전불이행,습기,비,단일로 - 기타,원동기,남,56세,기타불명,보행자,남,49세,부상신고
2015092300100696,2015년 9월 23일 20시,수요일,광주광역시 북구 우산동,경상사고,0,0,1,0,차대사람 - 길가장자리구역통행중,안전운전불이행,건조,맑음,교차로 - 교차로부근,자전거,남,37세,상해없음,보행자,남,62세,경상
2015092300100738,2015년 9월 23일 21시,수요일,광주광역시 서구 치평동,중상사고,0,1,2,0,차대사람 - 보도통행중,보행자보호의무위반,습기,비,교차로 - 교차로안,승용,남,31세,상해없음,보행자,남,18세,경상
2015092300100740,2015년 9월 23일 21시,수요일,광주광역시 광산구 운남동,중상사고,0,1,4,0,차대차 - 추돌 - 진행중,안전운전불이행,습기,흐림,단일로 - 기타,승합,남,54세,상해없음,화물,남,53세,상해없음
2015092300100741,2015년 9월 23일 21시,수요일,광주광역시 광산구 월곡동,경상사고,0,0,1,0,차대차 - 기타,안전운전불이행,습기,비,단일로 - 기타,승용,여,55세,상해없음,이륜,남,24세,경상
2015092300100742,2015년 9월 23일 21시,수요일,광주광역시 광산구 쌍암동,경상사고,0,0,1,0,차대차 - 추돌 - 주정차중,불법유턴,습기,흐림,교차로 - 교차로부근,승용,남,50세,상해없음,승합,남,52세,경상
2015092300100816,2015년 9월 23일 23시,수요일,광주광역시 북구 용봉동,경상사고,0,0,1,0,차대사람 - 기타,안전운전불이행,건조,맑음,교차로 - 교차로안,승용,여,42세,상해없음,보행자,남,36세,경상
2015092400100028,2015년 9월 24일 00시,목요일,광주광역시 동구 학동,중상사고,0,2,1,0,차대차 - 측면직각충돌,중앙선침범,건조,맑음,단일로 - 기타,승용,남,22세,중상,승합,남,56세,중상
2015092400100042,2015년 9월 24일 01시,목요일,광주광역시 남구 노대동,경상사고,0,0,2,0,차대차 - 측면직각충돌,신호위반,건조,흐림,교차로 - 교차로안,승용,남,53세,상해없음,승용,남,32세,경상
2015092400100083,2015년 9월 24일 04시,목요일,광주광역시 광산구 신촌동,부상신고사고,0,0,0,1,차대차 - 추돌 - 주정차중,안전운전불이행,건조,맑음,단일로 - 기타,승용,남,25세,부상신고,화물,남,25세,기타불명
2015092400100092,2015년 9월 24일 05시,목요일,광주광역시 북구 용봉동,중상사고,0,2,0,0,차대차 - 측면직각충돌,안전운전불이행,건조,기타,단일로 - 기타,이륜,남,20세,기타불명,이륜,남,20세,중상
2015092400100135,2015년 9월 24일 07시,목요일,광주광역시 북구 용봉동,중상사고,0,1,0,0,차대사람 - 기타,안전운전불이행,습기,흐림,교차로 - 교차로부근,승용,여,29세,상해없음,보행자,여,82세,중상
2015092400100136,2015년 9월 24일 07시,목요일,광주광역시 북구 운암동,경상사고,0,0,1,0,차대사람 - 차도통행중,안전운전불이행,건조,맑음,단일로 - 기타,기타불명,기타불명,기타불명,기타불명,보행자,여,16세,경상
2015092400100175,2015년 9월 24일 08시,목요일,광주광역시 동구 산수동,경상사고,0,0,1,0,차대차 - 추돌 - 진행중,안전거리미확보,건조,맑음,단일로 - 기타,승용,남,40세,상해없음,승용,남,58세,상해없음
2015092400100176,2015년 9월 24일 08시,목요일,광주광역시 서구 금호동,중상사고,0,1,0,0,차대차 - 기타,안전운전불이행,건조,흐림,교차로 - 교차로안,승합,남,61세,상해없음,자전거,남,14세,중상
2015092400100177,2015년 9월 24일 08시,목요일,광주광역시 서구 쌍촌동,중상사고,0,1,0,0,차대차 - 기타,직진우회전진행방해,건조,맑음,교차로 - 교차로부근,승용,남,64세,상해없음,승용,여,48세,중상
2015092400100178,2015년 9월 24일 08시,목요일,광주광역시 북구 중흥동,경상사고,0,0,1,0,차대사람 - 기타,안전운전불이행,건조,맑음,단일로 - 기타,승용,남,66세,상해없음,보행자,남,11세,경상
2015092400100179,2015년 9월 24일 08시,목요일,광주광역시 광산구 장덕동,경상사고,0,0,1,0,차대사람 - 횡단중,보행자보호의무위반,건조,맑음,교차로 - 교차로부근,승합,남,41세,상해없음,보행자,남,9세,경상
2015092400100286,2015년 9월 24일 11시,목요일,광주광역시 광산구 도덕동,사망사고,1,0,0,0,차대차 - 측면직각충돌,안전운전불이행,건조,맑음,단일로 - 기타,화물,남,54세,상해없음,원동기,남,82세,사망
2015092400100314,2015년 9월 24일 12시,목요일,광주광역시 서구 치평동,경상사고,0,0,1,0,차대차 - 추돌 - 주정차중,안전운전불이행,건조,맑음,단일로 - 기타,승용,남,51세,상해없음,승용,여,46세,경상
2015092400100346,2015년 9월 24일 13시,목요일,광주광역시 서구 매월동,경상사고,0,0,1,0,차대차 - 기타,안전운전불이행,건조,맑음,단일로 - 기타,자전거,남,33세,경상,승합,남,35세,상해없음
2015092400100415,2015년 9월 24일 15시,목요일,광주광역시 남구 월산동,중상사고,0,1,2,0,차량단독 - 기타,안전운전불이행,건조,맑음,교차로 - 교차로부근,승합,남,57세,상해없음,,,,
2015092400100468,2015년 9월 24일 16시,목요일,광주광역시 광산구 쌍암동,경상사고,0,0,1,0,차대사람 - 길가장자리구역통행중,안전운전불이행,건조,맑음,교차로 - 교차로안,승용,남,58세,상해없음,보행자,남,56세,경상
2015092400100510,2015년 9월 24일 17시,목요일,광주광역시 서구 쌍촌동,경상사고,0,0,1,0,차대차 - 측면직각충돌,차로위반,건조,맑음,단일로 - 기타,승용,남,57세,상해없음,이륜,남,27세,경상
2015092400100563,2015년 9월 24일 18시,목요일,광주광역시 광산구 신가동,경상사고,0,0,1,0,차대사람 - 횡단중,보행자보호의무위반,건조,맑음,단일로 - 횡단보도상,승용,기타불명,기타불명,기타불명,보행자,남,10세,경상
2015092400100564,2015년 9월 24일 18시,목요일,광주광역시 광산구 운남동,경상사고,0,0,2,0,차대차 - 추돌 - 진행중,안전운전불이행,건조,맑음,단일로 - 기타,화물,남,40세,상해없음,승용,여,46세,경상
2015092400100620,2015년 9월 24일 19시,목요일,광주광역시 서구 금호동,중상사고,0,1,0,0,차대사람 - 횡단중,과속,건조,맑음,교차로 - 교차로안,승용,남,60세,상해없음,보행자,여,58세,중상
2015092400100621,2015년 9월 24일 19시,목요일,광주광역시 북구 두암동,경상사고,0,0,1,0,차대차 - 기타,안전거리미확보,건조,맑음,단일로 - 기타,승용,남,25세,기타불명,이륜,남,22세,경상
2015092400100622,2015년 9월 24일 19시,목요일,광주광역시 광산구 월곡동,경상사고,0,0,1,0,차대사람 - 차도통행중,교차로운행방법위반,건조,맑음,교차로 - 교차로안,승용,남,68세,상해없음,보행자,여,54세,경상
2015092400100623,2015년 9월 24일 19시,목요일,광주광역시 광산구 우산동,경상사고,0,0,1,0,차대차 - 측면직각충돌,안전거리미확보,건조,맑음,단일로 - 기타,승용,남,55세,상해없음,승용,남,39세,경상
2015092400100664,2015년 9월 24일 20시,목요일,광주광역시 서구 쌍촌동,경상사고,0,0,1,0,차대차 - 측면직각충돌,차로위반,건조,맑음,단일로 - 기타,승용,남,40세,상해없음,이륜,남,33세,경상
2015092400100665,2015년 9월 24일 20시,목요일,광주광역시 북구 우산동,경상사고,0,0,1,0,차대차 - 기타,교차로운행방법위반,건조,맑음,교차로 - 교차로안,승용,남,50세,상해없음,승용,남,35세,경상
2015092400100738,2015년 9월 24일 22시,목요일,광주광역시 광산구 신창동,경상사고,0,0,2,0,차대차 - 기타,차로위반,건조,맑음,단일로 - 기타,승용,남,55세,경상,화물,남,34세,경상
2015092500100025,2015년 9월 25일 00시,금요일,광주광역시 서구 치평동,경상사고,0,0,6,0,차대차 - 측면직각충돌,차로위반,건조,맑음,단일로 - 기타,승용,남,31세,상해없음,승용,남,57세,경상
2015092500100048,2015년 9월 25일 01시,금요일,광주광역시 광산구 월계동,부상신고사고,0,0,0,1,차대사람 - 차도통행중,안전운전불이행,건조,맑음,기타 - 기타,기타불명,기타불명,기타불명,기타불명,보행자,남,35세,부상신고
2015092500100058,2015년 9월 25일 02시,금요일,광주광역시 북구 각화동,경상사고,0,0,2,0,차대차 - 측면직각충돌,신호위반,건조,맑음,교차로 - 교차로안,화물,남,50세,상해없음,승용,남,54세,경상
2015092500100068,2015년 9월 25일 03시,금요일,광주광역시 남구 월산동,경상사고,0,0,1,0,차대차 - 기타,교차로운행방법위반,건조,맑음,교차로 - 교차로안,승용,남,24세,기타불명,자전거,남,64세,경상
2015092500100139,2015년 9월 25일 07시,금요일,광주광역시 광산구 오선동,경상사고,0,0,1,0,차대차 - 추돌 - 진행중,안전운전불이행,건조,흐림,단일로 - 기타,승용,남,45세,상해없음,승용,여,44세,경상
2015092500100215,2015년 9월 25일 09시,금요일,광주광역시 남구 봉선동,경상사고,0,0,1,0,차대사람 - 차도통행중,안전운전불이행,건조,맑음,교차로 - 교차로부근,승용,여,52세,상해없음,보행자,여,53세,경상
2015092500100250,2015년 9월 25일 10시,금요일,광주광역시 남구 송하동,경상사고,0,0,1,0,차대차 - 추돌 - 주정차중,안전운전불이행,건조,맑음,단일로 - 기타,승합,남,28세,상해없음,승용,남,42세,경상
2015092500100251,2015년 9월 25일 10시,금요일,광주광역시 광산구 신가동,경상사고,0,0,1,0,차대차 - 측면직각충돌,교차로운행방법위반,건조,흐림,교차로 - 교차로안,자전거,여,48세,경상,승용,남,57세,상해없음
2015092500100340,2015년 9월 25일 12시,금요일,광주광역시 서구 광천동,경상사고,0,0,1,0,차대차 - 기타,차로위반,건조,맑음,단일로 - 기타,승용,남,57세,상해없음,이륜,남,49세,경상
2015092500100341,2015년 9월 25일 12시,금요일,광주광역시 광산구 수완동,경상사고,0,0,1,0,차대차 - 측면직각충돌,안전운전불이행,건조,맑음,단일로 - 기타,승용,남,34세,상해없음,승용,남,24세,경상
2015092500100342,2015년 9월 25일 12시,금요일,광주광역시 광산구 송정동,경상사고,0,0,1,0,차대사람 - 기타,안전운전불이행,건조,맑음,단일로 - 기타,승용,남,75세,상해없음,보행자,여,46세,경상
2015092500100388,2015년 9월 25일 13시,금요일,광주광역시 서구 농성동,경상사고,0,0,3,0,차대차 - 추돌 - 주정차중,안전운전불이행,건조,맑음,교차로 - 교차로부근,승용,남,50세,상해없음,승용,여,31세,경상
2015092500100389,2015년 9월 25일 13시,금요일,광주광역시 서구 화정동,부상신고사고,0,0,0,1,차대사람 - 기타,안전운전불이행,건조,맑음,교차로 - 교차로부근,승용,여,46세,상해없음,보행자,여,64세,부상신고
2015092500100390,2015년 9월 25일 13시,금요일,광주광역시 북구 운암동,경상사고,0,0,1,0,차대차 - 측면직각충돌,차로위반,건조,맑음,단일로 - 기타,화물,남,45세,상해없음,승합,남,43세,경상
2015092500100485,2015년 9월 25일 15시,금요일,광주광역시 서구 광천동,경상사고,0,0,1,0,차대차 - 측면직각충돌,안전거리미확보,건조,맑음,단일로 - 기타,승용,남,31세,상해없음,이륜,남,29세,경상
2015092500100486,2015년 9월 25일 15시,금요일,광주광역시 북구 우산동,경상사고,0,0,1,0,차대차 - 추돌 - 주정차중,안전운전불이행,건조,맑음,단일로 - 기타,승용,남,68세,상해없음,승용,남,61세,경상
2015092500100538,2015년 9월 25일 16시,금요일,광주광역시 북구 각화동,경상사고,0,0,1,0,차대차 - 기타,안전운전불이행,건조,맑음,단일로 - 기타,승용,남,34세,상해없음,승합,남,54세,상해없음
2015092500100598,2015년 9월 25일 17시,금요일,광주광역시 서구 금호동,경상사고,0,0,1,0,차대차 - 기타,안전거리미확보,건조,맑음,단일로 - 기타,승용,남,41세,상해없음,승용,남,56세,경상
2015092500100599,2015년 9월 25일 17시,금요일,광주광역시 서구 쌍촌동,중상사고,0,1,0,0,차대차 - 측면직각충돌,교차로운행방법위반,건조,맑음,교차로 - 교차로안,승용,남,36세,상해없음,이륜,남,26세,중상
2015092500100666,2015년 9월 25일 18시,금요일,광주광역시 동구 학동,중상사고,0,1,0,0,차대차 - 정면충돌,신호위반,건조,맑음,단일로 - 기타,승용,남,68세,상해없음,이륜,남,57세,중상
2015092500100667,2015년 9월 25일 18시,금요일,광주광역시 남구 방림동,경상사고,0,0,2,0,차대차 - 측면직각충돌,안전운전불이행,건조,맑음,단일로 - 기타,승용,여,46세,경상,승용,여,38세,경상
2015092500100668,2015년 9월 25일 18시,금요일,광주광역시 북구 일곡동,경상사고,0,0,2,0,차대차 - 측면직각충돌,차로위반,건조,맑음,단일로 - 기타,승용,여,47세,경상,승용,남,52세,경상
2015092500100669,2015년 9월 25일 18시,금요일,광주광역시 북구 신안동,경상사고,0,0,4,0,차대차 - 측면직각충돌,교차로운행방법위반,건조,맑음,교차로 - 교차로안,승용,여,26세,경상,승용,남,26세,상해없음
2015092500100670,2015년 9월 25일 18시,금요일,광주광역시 광산구 오선동,경상사고,0,0,4,0,차대차 - 측면직각충돌,안전운전불이행,건조,맑음,교차로 - 교차로안,승용,여,55세,경상,승용,남,35세,경상
2015092500100729,2015년 9월 25일 19시,금요일,광주광역시 동구 궁동,중상사고,0,1,0,0,차대사람 - 기타,안전운전불이행,건조,맑음,단일로 - 기타,승용,남,46세,상해없음,보행자,남,55세,중상
2015092500100730,2015년 9월 25일 19시,금요일,광주광역시 서구 유촌동,중상사고,0,1,0,0,차대차 - 추돌 - 진행중,안전운전불이행,건조,맑음,교차로 - 교차로부근,승용,여,54세,상해없음,승용,남,54세,중상
2015092500100731,2015년 9월 25일 19시,금요일,광주광역시 서구 치평동,경상사고,0,0,1,0,차대차 - 측면직각충돌,교차로운행방법위반,건조,맑음,교차로 - 교차로안,승용,여,54세,상해없음,승용,여,28세,경상
2015092500100773,2015년 9월 25일 20시,금요일,광주광역시 북구 중흥동,경상사고,0,0,1,0,차대차 - 측면직각충돌,차로위반,건조,맑음,교차로 - 교차로안,승용,남,28세,상해없음,이륜,남,17세,경상
2015092500100774,2015년 9월 25일 20시,금요일,광주광역시 광산구 우산동,경상사고,0,0,1,0,차대사람 - 차도통행중,안전운전불이행,건조,맑음,단일로 - 기타,승용,남,53세,상해없음,보행자,여,43세,경상
2015092500100815,2015년 9월 25일 21시,금요일,광주광역시 북구 월출동,경상사고,0,0,1,0,차량단독 - 공작물충돌,안전운전불이행,건조,맑음,단일로 - 기타,승용,남,43세,상해없음,,,,
2015092500100816,2015년 9월 25일 21시,금요일,광주광역시 북구 운암동,경상사고,0,0,2,0,차대사람 - 보도통행중,신호위반,건조,맑음,교차로 - 교차로부근,이륜,남,23세,경상,보행자,남,62세,경상
2015092500100854,2015년 9월 25일 22시,금요일,광주광역시 동구 학동,경상사고,0,0,2,0,차대차 - 추돌 - 주정차중,안전거리미확보,건조,맑음,기타 - 기타,승용,남,57세,상해없음,승용,남,32세,경상
2015092500100855,2015년 9월 25일 22시,금요일,광주광역시 북구 운암동,사망사고,1,0,0,0,차대사람 - 횡단중,안전운전불이행,건조,맑음,단일로 - 기타,승용,여,36세,상해없음,보행자,여,76세,사망
2015092500100873,2015년 9월 25일 23시,금요일,광주광역시 서구 쌍촌동,경상사고,0,0,1,0,차대사람 - 기타,안전운전불이행,건조,맑음,단일로 - 기타,승용,남,21세,상해없음,보행자,남,38세,경상
2015092500100874,2015년 9월 25일 23시,금요일,광주광역시 남구 백운동,경상사고,0,0,1,0,차대차 - 측면직각충돌,중앙선침범,건조,맑음,단일로 - 기타,승용,남,59세,상해없음,승용,여,48세,상해없음
2015092500100875,2015년 9월 25일 23시,금요일,광주광역시 북구 우산동,중상사고,0,1,0,0,차대차 - 기타,차로위반,건조,기타,단일로 - 기타,자전거,남,55세,중상,승용,남,41세,상해없음
2015092500100876,2015년 9월 25일 23시,금요일,광주광역시 북구 신안동,경상사고,0,0,2,0,차대차 - 기타,불법유턴,건조,맑음,단일로 - 기타,승용,남,28세,상해없음,승용,남,27세,경상
2015092500100877,2015년 9월 25일 23시,금요일,광주광역시 광산구 수완동,경상사고,0,0,1,0,차대사람 - 차도통행중,안전운전불이행,건조,맑음,단일로 - 기타,승용,여,42세,상해없음,보행자,남,42세,경상
2015092600100025,2015년 9월 26일 00시,토요일,광주광역시 서구 치평동,경상사고,0,0,1,0,차대차 - 측면직각충돌,안전운전불이행,건조,맑음,단일로 - 기타,승용,남,18세,상해없음,이륜,남,21세,경상
2015092600100026,2015년 9월 26일 00시,토요일,광주광역시 남구 주월동,경상사고,0,0,1,0,차대차 - 측면직각충돌,신호위반,건조,맑음,교차로 - 교차로안,승용,남,59세,상해없음,승용,남,34세,경상
2015092600100027,2015년 9월 26일 00시,토요일,광주광역시 북구 매곡동,경상사고,0,0,1,0,차대차 - 정면충돌,교차로운행방법위반,건조,맑음,교차로 - 교차로안,승용,남,68세,상해없음,이륜,남,43세,경상
2015092600100047,2015년 9월 26일 01시,토요일,광주광역시 서구 금호동,경상사고,0,0,2,0,차대차 - 정면충돌,안전운전불이행,건조,맑음,단일로 - 기타,승용,남,32세,상해없음,승용,남,36세,경상
2015092600100064,2015년 9월 26일 02시,토요일,광주광역시 동구 대인동,경상사고,0,0,1,1,차대차 - 측면직각충돌,안전거리미확보,건조,맑음,교차로 - 교차로안,승용,남,24세,상해없음,승용,남,50세,경상
2015092600100065,2015년 9월 26일 02시,토요일,광주광역시 광산구 운수동,경상사고,0,0,1,0,차대차 - 추돌 - 진행중,안전운전불이행,건조,맑음,단일로 - 기타,승용,남,29세,경상,화물,남,50세,기타불명
2015092600100088,2015년 9월 26일 03시,토요일,광주광역시 서구 치평동,경상사고,0,0,1,0,차대사람 - 차도통행중,안전운전불이행,건조,맑음,단일로 - 기타,승용,남,39세,상해없음,보행자,여,30세,경상
2015092600100107,2015년 9월 26일 04시,토요일,광주광역시 서구 양동,경상사고,0,0,2,0,차대차 - 측면직각충돌,신호위반,건조,맑음,교차로 - 교차로안,승용,여,49세,기타불명,승용,남,31세,경상
2015092600100108,2015년 9월 26일 04시,토요일,광주광역시 광산구 월곡동,경상사고,0,0,1,0,차대차 - 기타,불법유턴,건조,맑음,교차로 - 교차로안,승용,남,51세,상해없음,승용,남,63세,경상
2015092600100150,2015년 9월 26일 07시,토요일,광주광역시 남구 양림동,사망사고,1,0,1,0,차대차 - 측면직각충돌,신호위반,건조,맑음,교차로 - 교차로안,승용,여,47세,사망,승용,남,60세,경상
2015092600100196,2015년 9월 26일 09시,토요일,광주광역시 광산구 신촌동,경상사고,0,0,1,0,차대차 - 추돌 - 진행중,안전운전불이행,건조,맑음,교차로 - 교차로안,승용,남,42세,상해없음,승용,남,46세,경상
2015092600100258,2015년 9월 26일 11시,토요일,광주광역시 서구 양동,중상사고,0,1,0,0,차대차 - 기타,안전운전불이행,건조,맑음,단일로 - 기타,승용,여,62세,상해없음,자전거,남,74세,중상
2015092600100259,2015년 9월 26일 11시,토요일,광주광역시 북구 연제동,경상사고,0,0,1,0,차대차 - 정면충돌,안전운전불이행,건조,맑음,교차로 - 교차로안,승용,여,41세,상해없음,승용,남,53세,경상
2015092600100371,2015년 9월 26일 15시,토요일,광주광역시 동구 서석동,중상사고,0,1,0,0,차대차 - 측면직각충돌,신호위반,건조,맑음,교차로 - 교차로안,승용,남,45세,상해없음,승용,여,34세,중상
2015092600100372,2015년 9월 26일 15시,토요일,광주광역시 남구 주월동,경상사고,0,0,1,0,차대차 - 기타,안전거리미확보,건조,맑음,교차로 - 교차로부근,승용,남,53세,상해없음,승용,남,55세,상해없음
2015092600100405,2015년 9월 26일 16시,토요일,광주광역시 광산구 수완동,사망사고,1,0,1,0,차대차 - 정면충돌,신호위반,건조,맑음,교차로 - 교차로안,이륜,남,23세,사망,승용,남,53세,경상
2015092600100455,2015년 9월 26일 18시,토요일,광주광역시 서구 매월동,경상사고,0,0,2,0,차대차 - 측면직각충돌,안전운전불이행,건조,맑음,단일로 - 기타,승용,남,56세,상해없음,승용,여,46세,경상
2015092600100479,2015년 9월 26일 19시,토요일,광주광역시 광산구 송정동,경상사고,0,0,1,0,차대차 - 측면직각충돌,안전거리미확보,건조,맑음,교차로 - 교차로부근,승용,남,42세,상해없음,승용,남,56세,경상
2015092600100500,2015년 9월 26일 20시,토요일,광주광역시 남구 진월동,경상사고,0,0,2,0,차대차 - 기타,불법유턴,건조,맑음,교차로 - 교차로부근,승용,남,31세,상해없음,이륜,남,20세,경상
2015092600100517,2015년 9월 26일 21시,토요일,광주광역시 서구 광천동,경상사고,0,0,2,0,차대차 - 측면직각충돌,안전운전불이행,건조,맑음,교차로 - 교차로부근,기타불명,기타불명,기타불명,기타불명,승용,남,60세,경상
2015092600100518,2015년 9월 26일 21시,토요일,광주광역시 북구 매곡동,경상사고,0,0,2,0,차대차 - 기타,불법유턴,건조,맑음,단일로 - 기타,승용,남,53세,경상,승용,남,33세,경상
2015092600100519,2015년 9월 26일 21시,토요일,광주광역시 광산구 도산동,경상사고,0,0,1,0,차대차 - 측면직각충돌,안전운전불이행,건조,맑음,교차로 - 교차로안,승합,남,44세,상해없음,원동기,남,16세,경상
2015092600100549,2015년 9월 26일 23시,토요일,광주광역시 서구 치평동,경상사고,0,0,3,0,차대차 - 추돌 - 진행중,교차로운행방법위반,건조,기타,교차로 - 교차로안,기타불명,기타불명,기타불명,기타불명,승용,여,42세,경상
2015092600100550,2015년 9월 26일 23시,토요일,광주광역시 광산구 도산동,중상사고,0,1,1,0,차대차 - 정면충돌,중앙선침범,건조,맑음,단일로 - 기타,승용,남,65세,중상,승합,남,46세,경상
2015092700100028,2015년 9월 27일 01시,일요일,광주광역시 남구 주월동,경상사고,0,0,1,0,차대사람 - 기타,신호위반,건조,맑음,교차로 - 교차로부근,승용,남,33세,상해없음,보행자,남,33세,경상
2015092700100047,2015년 9월 27일 03시,일요일,광주광역시 서구 치평동,중상사고,0,1,0,0,차대차 - 추돌 - 진행중,안전운전불이행,건조,맑음,교차로 - 교차로부근,승용,여,37세,상해없음,승용,남,36세,중상
2015092700100126,2015년 9월 27일 09시,일요일,광주광역시 남구 송하동,경상사고,0,0,3,0,차대차 - 기타,안전거리미확보,건조,맑음,단일로 - 기타,승용,남,40세,상해없음,승용,여,43세,상해없음
2015092700100127,2015년 9월 27일 09시,일요일,광주광역시 광산구 우산동,경상사고,0,0,1,0,차대차 - 측면직각충돌,교차로운행방법위반,건조,맑음,교차로 - 교차로안,화물,남,70세,상해없음,승용,남,65세,상해없음
2015092700100144,2015년 9월 27일 10시,일요일,광주광역시 북구 운정동,경상사고,0,0,5,0,차대차 - 추돌 - 진행중,안전운전불이행,건조,맑음,단일로 - 기타,승용,남,53세,상해없음,승용,남,28세,경상
2015092700100171,2015년 9월 27일 11시,일요일,광주광역시 남구 송하동,경상사고,0,0,2,0,차대차 - 추돌 - 진행중,안전거리미확보,건조,맑음,단일로 - 기타,승용,남,61세,경상,승용,남,59세,상해없음
2015092700100300,2015년 9월 27일 15시,일요일,광주광역시 서구 풍암동,중상사고,0,1,0,0,차대차 - 측면직각충돌,안전운전불이행,건조,맑음,교차로 - 교차로안,승용,남,57세,상해없음,원동기,여,32세,중상