사고번호,사고일시,요일,시군구,사고내용,사망자수,중상자수,경상자수,부상신고자수,사고유형,법규위반,노면상태,기상상태,도로형태,가해운전자 차종,가해운전자 성별,가해운전자 연령,가해운전자 상해정도,피해운전자 차종,피해운전자 성별,피해운전자 연령,피해운전자 상해정도
2015092700100430,2015년 9월 27일 20시,일요일,광주광역시 동구 용산동,경상사고,0,0,1,0,차대차 - 기타,차로위반,건조,맑음,기타 - 기타,승용,남,56세,상해없음,화물,남,56세,경상
2015092700100450,2015년 9월 27일 21시,일요일,광주광역시 동구 계림동,경상사고,0,0,3,0,차대차 - 측면직각충돌,차로위반,건조,맑음,기타 - 기타,승용,남,27세,상해없음,승용,남,41세,경상
2015092800100068,2015년 9월 28일 05시,월요일,광주광역시 서구 광천동,경상사고,0,0,1,0,차대차 - 측면직각충돌,신호위반,건조,맑음,교차로 - 교차로안,승용,여,18세,상해없음,승용,남,59세,경상
2015092800100079,2015년 9월 28일 06시,월요일,광주광역시 북구 운암동,경상사고,0,0,1,0,차대차 - 정면충돌,중앙선침범,건조,맑음,단일로 - 기타,승용,남,73세,상해없음,승용,남,71세,경상
2015092800100087,2015년 9월 28일 07시,월요일,광주광역시 동구 서석동,경상사고,0,0,1,0,차대차 - 기타,차로위반,건조,맑음,기타 - 기타,이륜,남,40세,경상,승합,남,56세,상해없음
2015092800100088,2015년 9월 28일 07시,월요일,광주광역시 북구 임동,경상사고,0,0,1,0,차대차 - 측면직각충돌,신호위반,건조,맑음,교차로 - 교차로안,승합,남,71세,상해없음,승용,남,52세,상해없음
2015092800100095,2015년 9월 28일 08시,월요일,광주광역시 서구 치평동,경상사고,0,0,2,0,차대차 - 기타,신호위반,건조,맑음,교차로 - 교차로안,승용,여,23세,기타불명,승용,남,61세,상해없음
2015092800100143,2015년 9월 28일 11시,월요일,광주광역시 북구 운정동,경상사고,0,0,4,0,차대차 - 측면직각충돌,안전운전불이행,건조,맑음,교차로 - 교차로안,승용,남,76세,기타불명,승용,남,32세,경상
2015092800100168,2015년 9월 28일 12시,월요일,광주광역시 광산구 선암동,경상사고,0,0,1,0,차대차 - 추돌 - 주정차중,안전운전불이행,건조,맑음,단일로 - 기타,화물,남,65세,상해없음,승용,남,45세,경상
2015092800100217,2015년 9월 28일 14시,월요일,광주광역시 서구 화정동,경상사고,0,0,1,0,차대차 - 기타,안전운전불이행,건조,맑음,단일로 - 기타,승용,여,42세,상해없음,자전거,남,11세,경상
2015092800100218,2015년 9월 28일 14시,월요일,광주광역시 서구 동천동,중상사고,0,1,7,0,차대차 - 추돌 - 진행중,신호위반,건조,맑음,교차로 - 교차로안,승용,남,64세,경상,승용,남,45세,경상
2015092800100315,2015년 9월 28일 17시,월요일,광주광역시 남구 진월동,경상사고,0,0,1,0,차대차 - 측면직각충돌,안전거리미확보,건조,맑음,교차로 - 교차로부근,이륜,남,17세,상해없음,이륜,남,16세,경상
2015092800100344,2015년 9월 28일 18시,월요일,광주광역시 동구 호남동,경상사고,0,0,1,0,차대사람 - 기타,기타,건조,맑음,단일로 - 기타,화물,남,21세,상해없음,보행자,여,68세,경상
2015092800100345,2015년 9월 28일 18시,월요일,광주광역시 남구 양림동,경상사고,0,0,1,0,차대차 - 측면직각충돌,교차로운행방법위반,건조,맑음,교차로 - 교차로안,승용,남,35세,상해없음,승용,남,68세,상해없음
2015092800100346,2015년 9월 28일 18시,월요일,광주광역시 북구 두암동,경상사고,0,0,2,0,차대차 - 추돌 - 주정차중,교차로운행방법위반,건조,맑음,교차로 - 교차로부근,승용,남,54세,상해없음,승용,남,46세,경상
2015092800100413,2015년 9월 28일 20시,월요일,광주광역시 서구 쌍촌동,경상사고,0,0,4,0,차대차 - 추돌 - 주정차중,안전운전불이행,건조,맑음,단일로 - 기타,승합,남,52세,상해없음,승용,남,47세,경상
2015092800100440,2015년 9월 28일 21시,월요일,광주광역시 서구 쌍촌동,경상사고,0,0,1,0,차대차 - 기타,안전운전불이행,건조,맑음,단일로 - 기타,승용,여,57세,상해없음,이륜,남,16세,경상
2015092800100467,2015년 9월 28일 22시,월요일,광주광역시 광산구 신창동,경상사고,0,0,1,0,차대차 - 기타,신호위반,건조,맑음,교차로 - 교차로안,승용,남,36세,기타불명,이륜,남,29세,경상
2015092800100492,2015년 9월 28일 23시,월요일,광주광역시 광산구 황룡동,경상사고,0,0,1,0,차대차 - 추돌 - 진행중,안전운전불이행,건조,맑음,교차로 - 교차로안,승용,남,37세,상해없음,승용,남,38세,경상
2015092900100020,2015년 9월 29일 00시,화요일,광주광역시 남구 진월동,경상사고,0,0,5,0,차대차 - 측면직각충돌,교차로운행방법위반,건조,맑음,교차로 - 교차로안,승용,남,39세,경상,승용,남,37세,경상
2015092900100032,2015년 9월 29일 01시,화요일,광주광역시 광산구 월계동,경상사고,0,0,1,0,차대사람 - 차도통행중,안전운전불이행,건조,맑음,단일로 - 기타,승용,남,26세,상해없음,보행자,남,22세,경상
2015092900100045,2015년 9월 29일 02시,화요일,광주광역시 남구 주월동,경상사고,0,0,1,0,차대사람 - 길가장자리구역통행중,안전운전불이행,건조,맑음,단일로 - 기타,승용,기타불명,기타불명,기타불명,보행자,남,57세,경상
2015092900100072,2015년 9월 29일 04시,화요일,광주광역시 북구 유동,경상사고,0,0,3,0,차대차 - 측면직각충돌,신호위반,건조,맑음,교차로 - 교차로안,승용,남,38세,경상,승용,남,47세,경상
2015092900100077,2015년 9월 29일 05시,화요일,광주광역시 남구 주월동,중상사고,0,1,1,0,차대차 - 측면직각충돌,차로위반,건조,맑음,단일로 - 기타,승용,여,48세,상해없음,승용,남,62세,경상
2015092900100119,2015년 9월 29일 09시,화요일,광주광역시 북구 중흥동,경상사고,0,0,1,0,차대차 - 측면직각충돌,안전운전불이행,건조,맑음,교차로 - 교차로부근,승용,여,54세,상해없음,승용,여,22세,경상
2015092900100167,2015년 9월 29일 11시,화요일,광주광역시 동구 소태동,경상사고,0,0,2,2,차대차 - 추돌 - 진행중,안전거리미확보,건조,맑음,단일로 - 기타,승용,남,54세,상해없음,승용,남,44세,경상
2015092900100168,2015년 9월 29일 11시,화요일,광주광역시 동구 소태동,경상사고,0,0,1,0,차대차 - 추돌 - 진행중,안전거리미확보,건조,맑음,단일로 - 기타,승용,여,43세,경상,승용,남,54세,상해없음
2015092900100169,2015년 9월 29일 11시,화요일,광주광역시 동구 소태동,경상사고,0,0,5,0,차대차 - 추돌 - 진행중,안전거리미확보,건조,맑음,단일로 - 기타,승용,남,52세,경상,승용,여,43세,경상
2015092900100170,2015년 9월 29일 11시,화요일,광주광역시 동구 소태동,경상사고,0,0,2,0,차대차 - 추돌 - 진행중,안전거리미확보,건조,맑음,단일로 - 기타,화물,남,74세,경상,승용,남,52세,경상
2015092900100225,2015년 9월 29일 13시,화요일,광주광역시 남구 주월동,경상사고,0,0,1,0,차대차 - 측면직각충돌,중앙선침범,건조,맑음,단일로 - 기타,승용,여,56세,기타불명,원동기,남,27세,경상
2015092900100226,2015년 9월 29일 13시,화요일,광주광역시 광산구 쌍암동,경상사고,0,0,1,0,차대차 - 추돌 - 주정차중,안전운전불이행,건조,맑음,교차로 - 교차로안,승용,남,45세,기타불명,승용,여,54세,경상
2015092900100302,2015년 9월 29일 15시,화요일,광주광역시 서구 풍암동,경상사고,0,0,1,0,차대차 - 측면직각충돌,안전운전불이행,건조,맑음,교차로 - 교차로안,화물,남,27세,상해없음,승용,남,52세,경상
2015092900100303,2015년 9월 29일 15시,화요일,광주광역시 남구 봉선동,부상신고사고,0,0,0,1,차대사람 - 횡단중,기타,건조,맑음,단일로 - 기타,기타불명,기타불명,기타불명,기타불명,보행자,남,18세,부상신고
2015092900100364,2015년 9월 29일 17시,화요일,광주광역시 서구 광천동,경상사고,0,0,1,0,차대사람 - 길가장자리구역통행중,안전운전불이행,건조,맑음,단일로 - 기타,승용,남,50세,상해없음,보행자,여,31세,경상
2015092900100365,2015년 9월 29일 17시,화요일,광주광역시 북구 중흥동,중상사고,0,1,0,0,차대사람 - 보도통행중,보행자보호의무위반,건조,맑음,단일로 - 횡단보도상,승용,남,55세,상해없음,보행자,여,60세,중상
2015092900100405,2015년 9월 29일 18시,화요일,광주광역시 남구 월산동,경상사고,0,0,1,0,차량단독 - 기타,기타,건조,맑음,단일로 - 기타,승합,남,55세,기타불명,,,,
2015092900100406,2015년 9월 29일 18시,화요일,광주광역시 북구 신용동,경상사고,0,0,1,0,차대차 - 기타,안전운전불이행,건조,맑음,단일로 - 횡단보도상,승용,남,47세,상해없음,자전거,남,11세,경상
2015092900100407,2015년 9월 29일 18시,화요일,광주광역시 북구 중흥동,경상사고,0,0,2,0,차대차 - 추돌 - 진행중,차로위반,건조,맑음,단일로 - 기타,승용,남,18세,경상,승용,남,25세,경상
2015092900100444,2015년 9월 29일 19시,화요일,광주광역시 남구 백운동,경상사고,0,0,1,1,차대차 - 측면직각충돌,교차로운행방법위반,건조,맑음,교차로 - 교차로안,승용,남,54세,부상신고,원동기,남,16세,경상
2015092900100471,2015년 9월 29일 20시,화요일,광주광역시 북구 임동,중상사고,0,1,0,0,차대사람 - 횡단중,안전운전불이행,건조,맑음,단일로 - 교량,승용,남,63세,상해없음,보행자,여,76세,중상
2015092900100472,2015년 9월 29일 20시,화요일,광주광역시 북구 신용동,경상사고,0,0,1,0,차대차 - 추돌 - 진행중,안전운전불이행,건조,맑음,단일로 - 기타,승용,남,44세,상해없음,승용,남,41세,경상
2015092900100473,2015년 9월 29일 20시,화요일,광주광역시 광산구 쌍암동,경상사고,0,0,1,0,차대차 - 측면직각충돌,안전거리미확보,건조,맑음,단일로 - 기타,승용,남,30세,상해없음,원동기,남,19세,경상
2015092900100537,2015년 9월 29일 22시,화요일,광주광역시 광산구 운남동,중상사고,0,1,1,0,차대차 - 측면직각충돌,신호위반,건조,맑음,교차로 - 교차로안,승용,남,47세,상해없음,승용,남,32세,경상
2015092900100550,2015년 9월 29일 23시,화요일,광주광역시 북구 풍향동,경상사고,0,0,1,0,차대사람 - 기타,안전운전불이행,건조,맑음,단일로 - 기타,승용,남,31세,상해없음,보행자,남,50세,경상
2015092900100551,2015년 9월 29일 23시,화요일,광주광역시 광산구 신가동,경상사고,0,0,1,0,차대차 - 측면직각충돌,안전거리미확보,건조,맑음,단일로 - 기타,승용,남,63세,상해없음,원동기,남,24세,경상
2015093000100020,2015년 9월 30일 00시,수요일,광주광역시 서구 금호동,경상사고,0,0,1,0,차대차 - 추돌 - 주정차중,안전운전불이행,건조,맑음,단일로 - 기타,승용,남,24세,상해없음,승용,남,38세,경상
2015093000100021,2015년 9월 30일 00시,수요일,광주광역시 광산구 수완동,경상사고,0,0,1,0,차대차 - 측면직각충돌,안전운전불이행,건조,맑음,교차로 - 교차로부근,승용,여,23세,상해없음,승용,여,34세,경상
2015093000100046,2015년 9월 30일 03시,수요일,광주광역시 북구 운암동,경상사고,0,0,2,0,차대차 - 측면직각충돌,안전거리미확보,건조,맑음,단일로 - 기타,승용,남,35세,상해없음,승용,남,49세,경상
2015093000100106,2015년 9월 30일 07시,수요일,광주광역시 서구 풍암동,경상사고,0,0,1,0,차대차 - 추돌 - 주정차중,안전운전불이행,건조,흐림,교차로 - 교차로부근,승용,남,23세,상해없음,승용,남,43세,경상
2015093000100107,2015년 9월 30일 07시,수요일,광주광역시 북구 운암동,경상사고,0,0,1,0,차대차 - 추돌 - 진행중,안전운전불이행,건조,맑음,단일로 - 기타,승용,남,45세,상해없음,승용,남,56세,경상
2015093000100150,2015년 9월 30일 08시,수요일,광주광역시 서구 치평동,경상사고,0,0,1,0,차대차 - 추돌 - 진행중,안전운전불이행,습기,비,단일로 - 기타,승용,남,48세,상해없음,승용,남,31세,경상
2015093000100151,2015년 9월 30일 08시,수요일,광주광역시 북구 연제동,경상사고,0,0,2,0,차대차 - 측면직각충돌,직진우회전진행방해,습기,비,교차로 - 교차로안,승용,여,49세,상해없음,승용,여,45세,경상
2015093000100152,2015년 9월 30일 08시,수요일,광주광역시 광산구 신창동,경상사고,0,0,1,0,차대차 - 추돌 - 진행중,안전운전불이행,건조,흐림,교차로 - 교차로부근,승용,남,55세,상해없음,승용,남,47세,경상
2015093000100153,2015년 9월 30일 08시,수요일,광주광역시 광산구 비아동,경상사고,0,0,1,0,차대차 - 측면직각충돌,교차로운행방법위반,건조,흐림,교차로 - 교차로안,승합,남,69세,상해없음,승용,남,31세,경상
2015093000100193,2015년 9월 30일 09시,수요일,광주광역시 서구 쌍촌동,경상사고,0,0,1,0,차대차 - 측면직각충돌,안전운전불이행,습기,비,단일로 - 기타,승합,여,42세,상해없음,승용,남,35세,경상
2015093000100224,2015년 9월 30일 10시,수요일,광주광역시 동구 학동,경상사고,0,0,1,0,차대차 - 측면직각충돌,안전거리미확보,습기,비,단일로 - 기타,화물,남,72세,상해없음,승용,여,36세,경상
2015093000100225,2015년 9월 30일 10시,수요일,광주광역시 동구 동명동,중상사고,0,1,0,0,차대사람 - 차도통행중,안전운전불이행,습기,비,교차로 - 교차로안,승용,남,69세,상해없음,보행자,여,81세,중상
2015093000100355,2015년 9월 30일 14시,수요일,광주광역시 서구 동천동,경상사고,0,0,1,0,차대사람 - 횡단중,보행자보호의무위반,습기,비,교차로 - 교차로부근,승용,여,29세,상해없음,보행자,남,8세,경상
2015093000100356,2015년 9월 30일 14시,수요일,광주광역시 북구 임동,경상사고,0,0,1,0,차대차 - 추돌 - 주정차중,안전운전불이행,건조,흐림,교차로 - 교차로부근,승용,남,52세,기타불명,화물,남,58세,경상
2015093000100433,2015년 9월 30일 16시,수요일,광주광역시 남구 주월동,경상사고,0,0,1,0,차대사람 - 횡단중,중앙선침범,습기,비,단일로 - 기타,승용,남,20세,상해없음,보행자,여,16세,경상
2015093000100434,2015년 9월 30일 16시,수요일,광주광역시 광산구 복룡동,경상사고,0,0,1,0,차대차 - 추돌 - 주정차중,안전거리미확보,건조,맑음,교차로 - 교차로부근,승용,여,44세,상해없음,승용,여,31세,경상
2015093000100558,2015년 9월 30일 19시,수요일,광주광역시 동구 학동,경상사고,0,0,2,0,차대차 - 정면충돌,안전운전불이행,습기,비,교차로 - 교차로부근,승용,남,27세,상해없음,승용,여,27세,경상
2015093000100559,2015년 9월 30일 19시,수요일,광주광역시 서구 광천동,중상사고,0,1,0,0,차대사람 - 횡단중,안전운전불이행,습기,비,교차로 - 교차로부근,승합,남,23세,상해없음,보행자,여,63세,중상
2015093000100560,2015년 9월 30일 19시,수요일,광주광역시 남구 주월동,경상사고,0,0,1,0,차대차 - 기타,교차로운행방법위반,건조,흐림,교차로 - 교차로안,승용,남,52세,상해없음,승용,남,45세,경상
2015093000100561,2015년 9월 30일 19시,수요일,광주광역시 북구 운암동,경상사고,0,0,2,0,차대차 - 추돌 - 진행중,안전운전불이행,건조,맑음,단일로 - 기타,화물,남,51세,상해없음,승용,남,39세,경상
2015093000100677,2015년 9월 30일 23시,수요일,광주광역시 북구 중흥동,경상사고,0,0,1,0,차대사람 - 차도통행중,안전운전불이행,습기,비,단일로 - 기타,승용,남,51세,상해없음,보행자,여,21세,경상
2015100100100028,2015년 10월 1일 00시,목요일,광주광역시 서구 쌍촌동,경상사고,0,0,2,0,차대차 - 정면충돌,중앙선침범,습기,비,단일로 - 기타,승용,남,32세,상해없음,승용,남,31세,경상
2015100100100029,2015년 10월 1일 00시,목요일,광주광역시 서구 쌍촌동,중상사고,0,1,0,0,차대차 - 측면직각충돌,안전운전불이행,습기,비,단일로 - 기타,승용,남,53세,상해없음,승용,남,52세,중상
2015100100100030,2015년 10월 1일 00시,목요일,광주광역시 광산구 수완동,경상사고,0,0,3,0,차대차 - 기타,안전거리미확보,습기,비,교차로 - 교차로안,승용,남,46세,경상,승용,남,53세,경상
2015100100100045,2015년 10월 1일 01시,목요일,광주광역시 북구 동림동,경상사고,0,0,2,0,차량단독 - 전도전복,안전운전불이행,습기,비,단일로 - 기타,승용,남,65세,경상,,,,
2015100100100046,2015년 10월 1일 01시,목요일,광주광역시 광산구 장덕동,경상사고,0,0,1,0,차대사람 - 횡단중,신호위반,습기,비,교차로 - 교차로부근,승용,남,49세,기타불명,보행자,남,20세,경상
2015100100100065,2015년 10월 1일 02시,목요일,광주광역시 동구 지산동,중상사고,0,1,0,0,차대차 - 측면직각충돌,안전운전불이행,습기,비,교차로 - 교차로안,승용,남,27세,상해없음,승용,남,23세,중상
2015100100100174,2015년 10월 1일 08시,목요일,광주광역시 서구 농성동,경상사고,0,0,1,0,차대차 - 측면직각충돌,교차로운행방법위반,습기,비,교차로 - 교차로안,승용,여,42세,상해없음,승용,여,59세,경상
2015100100100175,2015년 10월 1일 08시,목요일,광주광역시 남구 백운동,중상사고,0,1,0,0,차대사람 - 보도통행중,기타,습기,비,단일로 - 기타,승용,남,30세,상해없음,보행자,여,53세,중상
2015100100100267,2015년 10월 1일 11시,목요일,광주광역시 동구 장동,경상사고,0,0,2,0,차대차 - 기타,차로위반,습기,비,기타 - 기타,승용,남,57세,상해없음,승용,여,56세,경상
2015100100100268,2015년 10월 1일 11시,목요일,광주광역시 북구 매곡동,경상사고,0,0,1,0,차대차 - 기타,안전운전불이행,습기,비,교차로 - 교차로부근,승용,남,35세,기타불명,승용,남,41세,상해없음
2015100100100269,2015년 10월 1일 11시,목요일,광주광역시 광산구 산정동,경상사고,0,0,1,0,차대차 - 측면직각충돌,안전거리미확보,건조,맑음,교차로 - 교차로부근,승용,여,49세,상해없음,승용,남,60세,경상
2015100100100334,2015년 10월 1일 13시,목요일,광주광역시 광산구 우산동,경상사고,0,0,3,0,차대차 - 기타,안전운전불이행,습기,비,단일로 - 기타,승용,남,23세,상해없음,승용,남,36세,경상
2015100100100504,2015년 10월 1일 18시,목요일,광주광역시 동구 금남로5가,중상사고,0,1,1,0,차대차 - 측면직각충돌,차로위반,건조,기타,기타 - 기타,승용,여,29세,상해없음,승합,남,53세,상해없음
2015100100100505,2015년 10월 1일 18시,목요일,광주광역시 북구 중흥동,경상사고,0,0,2,0,차대차 - 추돌 - 진행중,안전운전불이행,습기,비,단일로 - 기타,승용,남,66세,상해없음,승용,여,29세,경상
2015100100100540,2015년 10월 1일 19시,목요일,광주광역시 서구 유촌동,경상사고,0,0,4,0,차대차 - 측면직각충돌,안전운전불이행,습기,비,교차로 - 교차로안,승용,남,65세,상해없음,승용,남,65세,경상
2015100100100571,2015년 10월 1일 20시,목요일,광주광역시 남구 봉선동,경상사고,0,0,1,0,차대차 - 기타,안전운전불이행,습기,비,교차로 - 교차로안,승용,여,58세,상해없음,이륜,남,44세,경상
2015100100100594,2015년 10월 1일 21시,목요일,광주광역시 서구 쌍촌동,경상사고,0,0,1,0,차대차 - 기타,차로위반,습기,비,단일로 - 기타,화물,남,41세,기타불명,이륜,남,25세,경상
2015100100100595,2015년 10월 1일 21시,목요일,광주광역시 남구 주월동,중상사고,0,1,0,0,차대사람 - 횡단중,안전운전불이행,건조,흐림,단일로 - 횡단보도부근,이륜,남,20세,상해없음,보행자,남,55세,중상
2015100100100624,2015년 10월 1일 22시,목요일,광주광역시 북구 운암동,경상사고,0,0,3,0,차대차 - 추돌 - 진행중,안전운전불이행,건조,흐림,교차로 - 교차로부근,승용,남,35세,상해없음,승용,남,51세,경상
2015100100100625,2015년 10월 1일 22시,목요일,광주광역시 광산구 수완동,중상사고,0,1,2,0,차대차 - 측면직각충돌,신호위반,습기,흐림,교차로 - 교차로안,승용,남,69세,상해없음,승용,남,26세,경상
2015100100100626,2015년 10월 1일 22시,목요일,광주광역시 광산구 월계동,경상사고,0,0,2,0,차대차 - 추돌 - 주정차중,안전운전불이행,습기,흐림,단일로 - 기타,승용,남,55세,상해없음,승용,여,44세,경상
2015100100100644,2015년 10월 1일 23시,목요일,광주광역시 광산구 도천동,경상사고,0,0,2,0,차대차 - 측면직각충돌,안전운전불이행,건조,흐림,교차로 - 교차로안,화물,남,27세,상해없음,승용,남,66세,경상
2015100200100012,2015년 10월 2일 00시,금요일,광주광역시 서구 화정동,경상사고,0,0,5,0,차대차 - 측면직각충돌,교차로운행방법위반,건조,맑음,교차로 - 교차로안,승용,남,24세,기타불명,승용,남,19세,경상
2015100200100036,2015년 10월 2일 02시,금요일,광주광역시 서구 풍암동,경상사고,0,0,1,0,차대사람 - 횡단중,안전운전불이행,건조,맑음,교차로 - 교차로부근,승용,남,55세,상해없음,보행자,남,22세,경상
2015100200100049,2015년 10월 2일 03시,금요일,광주광역시 서구 치평동,경상사고,0,0,4,0,차대차 - 측면직각충돌,안전운전불이행,건조,기타,단일로 - 기타,승용,남,25세,상해없음,승용,남,23세,경상
2015100200100105,2015년 10월 2일 07시,금요일,광주광역시 광산구 장록동,경상사고,0,0,2,0,차대차 - 정면충돌,신호위반,건조,맑음,교차로 - 교차로안,승용,남,62세,경상,승용,남,26세,경상
2015100200100158,2015년 10월 2일 08시,금요일,광주광역시 동구 동명동,경상사고,0,0,1,0,차대차 - 추돌 - 진행중,안전거리미확보,건조,맑음,교차로 - 교차로안,승용,여,44세,상해없음,승용,여,51세,경상
2015100200100159,2015년 10월 2일 08시,금요일,광주광역시 광산구 우산동,경상사고,0,0,1,0,차량단독 - 공작물충돌,안전운전불이행,건조,맑음,단일로 - 기타,화물,남,37세,경상,,,,
2015100200100200,2015년 10월 2일 09시,금요일,광주광역시 북구 중흥동,경상사고,0,0,2,0,차대차 - 측면직각충돌,안전거리미확보,건조,맑음,단일로 - 기타,승용,남,58세,상해없음,승용,여,52세,경상
2015100200100238,2015년 10월 2일 10시,금요일,광주광역시 북구 유동,경상사고,0,0,1,0,차대사람 - 횡단중,안전운전불이행,건조,맑음,단일로 - 기타,이륜,기타불명,기타불명,기타불명,보행자,여,60세,경상
2015100200100265,2015년 10월 2일 11시,금요일,광주광역시 서구 매월동,경상사고,0,0,1,1,차대차 - 추돌 - 진행중,과속,건조,맑음,단일로 - 기타,승용,남,56세,부상신고,승용,남,57세,경상
2015100200100299,2015년 10월 2일 12시,금요일,광주광역시 서구 치평동,경상사고,0,0,1,0,차대차 - 측면직각충돌,신호위반,건조,맑음,교차로 - 교차로안,승용,여,43세,상해없음,승용,여,43세,경상
2015100200100384,2015년 10월 2일 14시,금요일,광주광역시 광산구 도산동,경상사고,0,0,1,0,차대차 - 측면직각충돌,안전운전불이행,건조,맑음,교차로 - 교차로부근,승용,남,73세,상해없음,자전거,남,79세,경상
2015100200100572,2015년 10월 2일 18시,금요일,광주광역시 동구 대의동,경상사고,0,0,1,0,차대차 - 기타,교차로운행방법위반,건조,맑음,교차로 - 교차로안,이륜,남,82세,경상,승용,여,41세,상해없음
2015100200100573,2015년 10월 2일 18시,금요일,광주광역시 북구 용두동,경상사고,0,0,3,0,차대차 - 기타,안전운전불이행,건조,맑음,단일로 - 기타,승용,남,70세,경상,승용,남,55세,경상
2015100200100574,2015년 10월 2일 18시,금요일,광주광역시 북구 운암동,경상사고,0,0,1,0,차대차 - 추돌 - 진행중,안전운전불이행,건조,맑음,단일로 - 기타,승용,남,68세,상해없음,승용,남,33세,경상
2015100200100628,2015년 10월 2일 19시,금요일,광주광역시 북구 오치동,경상사고,0,0,1,0,차대차 - 추돌 - 주정차중,안전운전불이행,건조,맑음,단일로 - 기타,승용,남,59세,상해없음,승용,여,40세,경상
2015100200100629,2015년 10월 2일 19시,금요일,광주광역시 광산구 도산동,경상사고,0,0,1,0,차대차 - 추돌 - 주정차중,안전운전불이행,건조,맑음,단일로 - 기타,승용,남,55세,기타불명,화물,남,37세,경상
2015100200100630,2015년 10월 2일 19시,금요일,광주광역시 광산구 신창동,경상사고,0,0,1,0,차대차 - 기타,중앙선침범,건조,맑음,교차로 - 교차로부근,승용,남,22세,상해없음,원동기,남,17세,경상
2015100200100708,2015년 10월 2일 21시,금요일,광주광역시 서구 광천동,경상사고,0,0,1,0,차대차 - 추돌 - 진행중,안전운전불이행,건조,맑음,교차로 - 교차로안,승용,남,30세,상해없음,승용,여,32세,경상
2015100200100709,2015년 10월 2일 21시,금요일,광주광역시 남구 주월동,중상사고,0,1,0,0,차대사람 - 횡단중,안전운전불이행,건조,맑음,단일로 - 횡단보도부근,승용,여,45세,상해없음,보행자,여,58세,중상
2015100200100710,2015년 10월 2일 21시,금요일,광주광역시 광산구 하남동,경상사고,0,0,1,0,차대사람 - 기타,안전운전불이행,건조,맑음,단일로 - 기타,승합,남,46세,상해없음,보행자,여,49세,경상
2015100200100767,2015년 10월 2일 23시,금요일,광주광역시 서구 마륵동,경상사고,0,0,2,0,차대차 - 추돌 - 주정차중,안전운전불이행,건조,맑음,교차로 - 교차로부근,승용,여,50세,상해없음,승용,남,50세,경상
2015100200100768,2015년 10월 2일 23시,금요일,광주광역시 북구 용봉동,경상사고,0,0,5,0,차대차 - 추돌 - 진행중,안전운전불이행,건조,맑음,단일로 - 기타,승용,남,23세,상해없음,승용,남,51세,경상
2015100200100769,2015년 10월 2일 23시,금요일,광주광역시 북구 중흥동,경상사고,0,0,1,0,차대차 - 추돌 - 진행중,안전운전불이행,건조,맑음,교차로 - 교차로안,승용,남,43세,상해없음,승용,여,46세,경상
2015100300100030,2015년 10월 3일 00시,토요일,광주광역시 서구 동천동,경상사고,0,0,2,0,차대차 - 기타,중앙선침범,건조,맑음,단일로 - 기타,승용,남,37세,기타불명,승용,남,59세,경상
2015100300100093,2015년 10월 3일 04시,토요일,광주광역시 서구 광천동,중상사고,0,3,2,0,차대차 - 측면직각충돌,신호위반,건조,맑음,교차로 - 교차로안,승용,여,49세,상해없음,승합,여,49세,경상
2015100300100107,2015년 10월 3일 05시,토요일,광주광역시 남구 주월동,중상사고,0,1,0,0,차대사람 - 횡단중,안전운전불이행,건조,맑음,단일로 - 기타,승용,남,22세,상해없음,보행자,여,20세,중상
2015100300100124,2015년 10월 3일 06시,토요일,광주광역시 서구 쌍촌동,경상사고,0,0,2,0,차대차 - 기타,직진우회전진행방해,건조,맑음,교차로 - 교차로안,승용,남,66세,기타불명,승용,남,63세,상해없음
2015100300100136,2015년 10월 3일 07시,토요일,광주광역시 서구 광천동,경상사고,0,0,1,0,차대차 - 측면직각충돌,안전운전불이행,건조,맑음,교차로 - 교차로부근,승용,남,32세,상해없음,자전거,남,54세,경상
2015100300100204,2015년 10월 3일 10시,토요일,광주광역시 북구 장등동,경상사고,0,0,3,0,차대차 - 추돌 - 진행중,안전거리미확보,건조,맑음,단일로 - 기타,승합,남,52세,상해없음,승용,남,33세,경상
2015100300100205,2015년 10월 3일 10시,토요일,광주광역시 북구 장등동,경상사고,0,0,3,0,차대차 - 추돌 - 주정차중,안전거리미확보,건조,맑음,단일로 - 기타,화물,남,43세,상해없음,승용,남,28세,경상
2015100300100214,2015년 10월 3일 10시,토요일,광주광역시 남구 방림동,중상사고,0,1,0,0,차대사람 - 기타,안전운전불이행,건조,맑음,단일로 - 기타,화물,남,67세,상해없음,보행자,여,84세,중상
2015100300100275,2015년 10월 3일 12시,토요일,광주광역시 서구 서창동,경상사고,0,0,5,0,차대차 - 측면직각충돌,신호위반,건조,흐림,교차로 - 교차로안,승용,남,71세,경상,승용,남,45세,경상
2015100300100276,2015년 10월 3일 12시,토요일,광주광역시 북구 풍향동,경상사고,0,0,1,0,차대사람 - 횡단중,안전운전불이행,건조,맑음,단일로 - 기타,승용,여,43세,상해없음,보행자,여,71세,경상