사고번호,사고일시,요일,시군구,사고내용,사망자수,중상자수,경상자수,부상신고자수,사고유형,법규위반,노면상태,기상상태,도로형태,가해운전자 차종,가해운전자 성별,가해운전자 연령,가해운전자 상해정도,피해운전자 차종,피해운전자 성별,피해운전자 연령,피해운전자 상해정도
2015102000100103,2015년 10월 20일 07시,화요일,광주광역시 북구 용두동,경상사고,0,0,1,0,차대차 - 측면직각충돌,신호위반,건조,맑음,교차로 - 교차로안,승용,남,32세,상해없음,승용,남,32세,경상
2015102000100233,2015년 10월 20일 10시,화요일,광주광역시 서구 금호동,경상사고,0,0,2,0,차대차 - 추돌 - 진행중,안전운전불이행,건조,맑음,교차로 - 교차로부근,승용,남,31세,기타불명,승용,남,65세,경상
2015102000100342,2015년 10월 20일 13시,화요일,광주광역시 서구 농성동,경상사고,0,0,1,0,차대차 - 측면직각충돌,교차로운행방법위반,건조,맑음,교차로 - 교차로안,승용,여,63세,상해없음,이륜,남,59세,경상
2015102000100411,2015년 10월 20일 15시,화요일,광주광역시 북구 신안동,경상사고,0,0,1,0,차대차 - 추돌 - 진행중,안전운전불이행,건조,맑음,교차로 - 교차로부근,승용,남,44세,상해없음,승용,남,33세,경상
2015102000100412,2015년 10월 20일 15시,화요일,광주광역시 광산구 하산동,경상사고,0,0,1,0,차대차 - 추돌 - 주정차중,안전운전불이행,건조,맑음,교차로 - 교차로안,화물,남,64세,상해없음,승용,여,37세,경상
2015102000100456,2015년 10월 20일 16시,화요일,광주광역시 광산구 도천동,경상사고,0,0,1,0,차대차 - 측면직각충돌,안전운전불이행,건조,맑음,단일로 - 기타,승용,남,41세,상해없음,승용,여,54세,경상
2015102000100560,2015년 10월 20일 18시,화요일,광주광역시 서구 동천동,경상사고,0,0,1,0,차대차 - 추돌 - 진행중,안전운전불이행,건조,맑음,교차로 - 교차로부근,승용,남,66세,상해없음,승용,여,40세,경상
2015102000100597,2015년 10월 20일 19시,화요일,광주광역시 남구 주월동,경상사고,0,0,1,0,차대사람 - 기타,안전운전불이행,건조,맑음,단일로 - 기타,승용,남,67세,상해없음,보행자,남,41세,경상
2015102000100598,2015년 10월 20일 19시,화요일,광주광역시 남구 백운동,경상사고,0,0,1,0,차대차 - 추돌 - 진행중,안전운전불이행,건조,맑음,미분류 - 미분류,이륜,남,55세,상해없음,승용,여,35세,경상
2015102000100599,2015년 10월 20일 19시,화요일,광주광역시 광산구 선암동,경상사고,0,0,1,0,차대차 - 측면직각충돌,중앙선침범,건조,맑음,단일로 - 기타,승용,남,29세,상해없음,이륜,남,18세,경상
2015102000100600,2015년 10월 20일 19시,화요일,광주광역시 광산구 소촌동,경상사고,0,0,6,0,차대차 - 측면직각충돌,안전거리미확보,건조,맑음,단일로 - 기타,승용,남,35세,상해없음,승용,남,50세,경상
2015102000100601,2015년 10월 20일 19시,화요일,광주광역시 광산구 도천동,사망사고,1,0,0,0,차대차 - 측면직각충돌,신호위반,건조,맑음,교차로 - 교차로안,승용,남,31세,상해없음,원동기,남,34세,사망
2015102000100638,2015년 10월 20일 20시,화요일,광주광역시 광산구 산월동,경상사고,0,0,2,0,차대차 - 측면직각충돌,안전운전불이행,건조,맑음,교차로 - 교차로안,승용,여,27세,경상,승용,남,36세,경상
2015102100100034,2015년 10월 21일 01시,수요일,광주광역시 서구 광천동,경상사고,0,0,1,0,차대차 - 추돌 - 주정차중,안전운전불이행,건조,맑음,단일로 - 기타,승용,남,49세,상해없음,승용,남,63세,경상
2015102100100111,2015년 10월 21일 07시,수요일,광주광역시 동구 계림동,부상신고사고,0,0,0,1,차대차 - 측면직각충돌,교차로운행방법위반,건조,맑음,교차로 - 교차로안,승용,여,36세,부상신고,승용,남,48세,상해없음
2015102100100112,2015년 10월 21일 07시,수요일,광주광역시 서구 내방동,경상사고,0,0,1,0,차대차 - 추돌 - 주정차중,안전운전불이행,건조,맑음,단일로 - 기타,승용,여,34세,상해없음,승용,남,56세,경상
2015102100100149,2015년 10월 21일 08시,수요일,광주광역시 서구 농성동,경상사고,0,0,2,1,차대차 - 측면직각충돌,안전운전불이행,건조,맑음,교차로 - 교차로안,승용,남,64세,상해없음,승용,남,43세,상해없음
2015102100100150,2015년 10월 21일 08시,수요일,광주광역시 남구 주월동,경상사고,0,0,2,0,차대차 - 기타,안전거리미확보,건조,맑음,단일로 - 기타,화물,남,55세,상해없음,승용,여,54세,경상
2015102100100151,2015년 10월 21일 08시,수요일,광주광역시 남구 월산동,경상사고,0,0,3,0,차대차 - 기타,안전운전불이행,건조,맑음,단일로 - 기타,승용,남,57세,상해없음,승합,남,49세,상해없음
2015102100100152,2015년 10월 21일 08시,수요일,광주광역시 북구 월출동,경상사고,0,0,1,0,차대차 - 측면직각충돌,안전운전불이행,건조,맑음,단일로 - 기타,화물,남,55세,상해없음,화물,남,29세,경상
2015102100100153,2015년 10월 21일 08시,수요일,광주광역시 광산구 월계동,경상사고,0,0,2,0,차대차 - 측면직각충돌,신호위반,건조,맑음,교차로 - 교차로안,승합,남,26세,상해없음,승용,남,57세,경상
2015102100100182,2015년 10월 21일 09시,수요일,광주광역시 북구 신안동,경상사고,0,0,1,0,차대사람 - 횡단중,보행자보호의무위반,건조,맑음,단일로 - 기타,승용,남,26세,상해없음,보행자,여,30세,경상
2015102100100233,2015년 10월 21일 11시,수요일,광주광역시 남구 지석동,중상사고,0,2,1,0,차대차 - 측면직각충돌,신호위반,건조,맑음,교차로 - 교차로안,승용,남,24세,상해없음,승합,남,75세,중상
2015102100100537,2015년 10월 21일 20시,수요일,광주광역시 서구 쌍촌동,경상사고,0,0,1,0,차대차 - 추돌 - 주정차중,안전운전불이행,건조,맑음,교차로 - 교차로부근,승용,남,22세,상해없음,승용,남,38세,경상
2015102100100538,2015년 10월 21일 20시,수요일,광주광역시 광산구 도산동,경상사고,0,0,2,0,차대차 - 기타,중앙선침범,건조,맑음,단일로 - 기타,승용,남,51세,상해없음,이륜,남,20세,경상
2015102100100565,2015년 10월 21일 21시,수요일,광주광역시 서구 풍암동,경상사고,0,0,3,0,차대차 - 측면직각충돌,교차로운행방법위반,건조,맑음,교차로 - 교차로안,승용,여,31세,상해없음,승용,여,35세,경상
2015102100100566,2015년 10월 21일 21시,수요일,광주광역시 남구 사동,경상사고,0,0,1,0,차대차 - 측면직각충돌,안전운전불이행,건조,맑음,단일로 - 기타,승용,남,31세,상해없음,원동기,남,17세,경상
2015102100100567,2015년 10월 21일 21시,수요일,광주광역시 광산구 산월동,중상사고,0,1,0,0,차대차 - 측면직각충돌,안전거리미확보,건조,맑음,교차로 - 교차로부근,승용,남,55세,상해없음,이륜,남,35세,중상
2015102100100592,2015년 10월 21일 22시,수요일,광주광역시 남구 월산동,경상사고,0,0,1,0,차대차 - 기타,교차로운행방법위반,건조,맑음,교차로 - 교차로안,승합,남,59세,상해없음,원동기,남,17세,경상
2015102100100593,2015년 10월 21일 22시,수요일,광주광역시 북구 양산동,중상사고,0,1,0,0,차대사람 - 횡단중,안전운전불이행,건조,맑음,단일로 - 기타,승용,남,36세,상해없음,보행자,남,55세,중상
2015102100100594,2015년 10월 21일 22시,수요일,광주광역시 광산구 장덕동,경상사고,0,0,1,0,차대차 - 측면직각충돌,안전거리미확보,건조,맑음,교차로 - 교차로부근,승용,여,42세,상해없음,이륜,남,19세,경상
2015102100100623,2015년 10월 21일 23시,수요일,광주광역시 북구 오치동,경상사고,0,0,1,0,차대차 - 측면직각충돌,중앙선침범,건조,맑음,단일로 - 기타,승용,남,58세,상해없음,원동기,여,22세,경상
2015102200100024,2015년 10월 22일 00시,목요일,광주광역시 남구 월산동,경상사고,0,0,2,0,차대차 - 기타,신호위반,건조,맑음,교차로 - 교차로안,승용,남,53세,상해없음,승용,남,46세,경상
2015102200100033,2015년 10월 22일 01시,목요일,광주광역시 광산구 용봉동,중상사고,0,1,1,0,차대차 - 추돌 - 주정차중,안전운전불이행,습기,안개,단일로 - 기타,승용,남,43세,중상,화물,남,37세,경상
2015102200100044,2015년 10월 22일 02시,목요일,광주광역시 서구 치평동,경상사고,0,0,7,0,차대차 - 측면직각충돌,안전운전불이행,건조,맑음,교차로 - 교차로부근,승용,남,19세,경상,승용,여,59세,경상
2015102200100060,2015년 10월 22일 04시,목요일,광주광역시 북구 신용동,경상사고,0,0,2,0,차대차 - 정면충돌,안전운전불이행,건조,맑음,단일로 - 교량,승용,남,32세,상해없음,승용,남,21세,경상
2015102200100153,2015년 10월 22일 08시,목요일,광주광역시 북구 용봉동,경상사고,0,0,2,0,차대차 - 기타,차로위반,건조,맑음,단일로 - 기타,승용,여,32세,상해없음,승용,남,65세,경상
2015102200100154,2015년 10월 22일 08시,목요일,광주광역시 북구 운암동,경상사고,0,0,1,0,차대사람 - 길가장자리구역통행중,안전운전불이행,건조,맑음,단일로 - 기타,승용,여,36세,상해없음,보행자,여,36세,경상
2015102200100155,2015년 10월 22일 08시,목요일,광주광역시 광산구 오선동,중상사고,0,1,0,0,차대차 - 측면직각충돌,차로위반,건조,맑음,단일로 - 기타,이륜,남,56세,중상,화물,남,51세,상해없음
2015102200100199,2015년 10월 22일 09시,목요일,광주광역시 동구 계림동,경상사고,0,0,1,0,차대차 - 기타,안전운전불이행,건조,맑음,교차로 - 교차로안,승용,여,71세,상해없음,자전거,남,38세,경상
2015102200100200,2015년 10월 22일 09시,목요일,광주광역시 광산구 장덕동,경상사고,0,0,4,0,차대차 - 추돌 - 진행중,안전운전불이행,건조,맑음,단일로 - 기타,승용,남,25세,상해없음,승용,남,42세,경상
2015102200100236,2015년 10월 22일 10시,목요일,광주광역시 서구 쌍촌동,경상사고,0,0,3,0,차대차 - 측면직각충돌,안전운전불이행,건조,맑음,단일로 - 기타,자전거,남,69세,경상,이륜,여,20세,경상
2015102200100237,2015년 10월 22일 10시,목요일,광주광역시 서구 화정동,경상사고,0,0,1,0,차대차 - 추돌 - 진행중,안전운전불이행,건조,맑음,단일로 - 기타,승용,남,54세,상해없음,승용,남,60세,상해없음
2015102200100289,2015년 10월 22일 12시,목요일,광주광역시 서구 화정동,중상사고,0,1,0,0,차대사람 - 횡단중,신호위반,건조,맑음,단일로 - 기타,이륜,남,45세,상해없음,보행자,남,64세,중상
2015102200100290,2015년 10월 22일 12시,목요일,광주광역시 북구 일곡동,경상사고,0,0,2,0,차대차 - 측면직각충돌,직진우회전진행방해,건조,맑음,교차로 - 교차로안,승용,여,37세,상해없음,승용,여,54세,경상
2015102200100328,2015년 10월 22일 13시,목요일,광주광역시 서구 광천동,경상사고,0,0,1,0,차대차 - 추돌 - 진행중,안전운전불이행,건조,맑음,단일로 - 기타,승용,여,27세,상해없음,화물,남,58세,경상
2015102200100358,2015년 10월 22일 14시,목요일,광주광역시 광산구 송촌동,경상사고,0,0,1,0,차대차 - 기타,신호위반,건조,맑음,교차로 - 교차로안,승용,여,46세,상해없음,이륜,남,84세,경상
2015102200100397,2015년 10월 22일 15시,목요일,광주광역시 광산구 신가동,경상사고,0,0,2,0,차대차 - 기타,신호위반,건조,맑음,단일로 - 횡단보도상,승용,남,49세,경상,자전거,여,40세,경상
2015102200100431,2015년 10월 22일 16시,목요일,광주광역시 동구 대인동,경상사고,0,0,1,0,차대차 - 기타,중앙선침범,건조,맑음,단일로 - 기타,승용,남,76세,상해없음,승용,남,29세,상해없음
2015102200100467,2015년 10월 22일 17시,목요일,광주광역시 북구 문흥동,경상사고,0,0,1,0,차대사람 - 횡단중,신호위반,건조,맑음,단일로 - 횡단보도상,승용,남,71세,상해없음,보행자,여,7세,경상
2015102200100504,2015년 10월 22일 18시,목요일,광주광역시 광산구 신창동,경상사고,0,0,4,0,차대차 - 추돌 - 진행중,안전운전불이행,건조,맑음,단일로 - 기타,승용,남,47세,상해없음,승용,여,54세,경상
2015102200100527,2015년 10월 22일 18시,목요일,광주광역시 서구 벽진동,경상사고,0,0,4,0,차대차 - 추돌 - 주정차중,안전운전불이행,건조,맑음,단일로 - 교량,승용,남,45세,상해없음,승용,남,47세,경상
2015102200100528,2015년 10월 22일 18시,목요일,광주광역시 북구 문흥동,경상사고,0,0,1,0,차대차 - 추돌 - 진행중,안전운전불이행,건조,맑음,교차로 - 교차로부근,승용,남,51세,상해없음,승용,남,67세,경상
2015102200100588,2015년 10월 22일 19시,목요일,광주광역시 서구 덕흥동,경상사고,0,0,1,0,차대차 - 추돌 - 주정차중,안전운전불이행,건조,맑음,단일로 - 기타,승용,남,54세,상해없음,승용,여,35세,경상
2015102200100589,2015년 10월 22일 19시,목요일,광주광역시 북구 오치동,경상사고,0,0,1,0,차대차 - 정면충돌,안전운전불이행,건조,맑음,기타 - 기타,승용,여,55세,상해없음,이륜,남,47세,경상
2015102200100627,2015년 10월 22일 20시,목요일,광주광역시 남구 백운동,중상사고,0,1,0,0,차대사람 - 횡단중,안전운전불이행,건조,맑음,단일로 - 기타,승용,여,57세,상해없음,보행자,여,46세,중상
2015102200100628,2015년 10월 22일 20시,목요일,광주광역시 광산구 흑석동,경상사고,0,0,4,0,차대차 - 측면직각충돌,안전운전불이행,건조,맑음,단일로 - 기타,승용,남,66세,경상,화물,남,43세,경상
2015102200100666,2015년 10월 22일 21시,목요일,광주광역시 서구 화정동,부상신고사고,0,0,0,1,차대차 - 측면직각충돌,안전운전불이행,건조,맑음,교차로 - 교차로안,승용,여,57세,상해없음,원동기,남,18세,부상신고
2015102200100667,2015년 10월 22일 21시,목요일,광주광역시 서구 치평동,경상사고,0,0,6,0,차대차 - 측면직각충돌,안전운전불이행,건조,맑음,교차로 - 교차로안,승용,남,43세,경상,승용,남,47세,경상
2015102200100668,2015년 10월 22일 21시,목요일,광주광역시 광산구 신가동,경상사고,0,0,3,0,차대차 - 추돌 - 진행중,안전운전불이행,건조,맑음,교차로 - 교차로부근,승용,남,44세,상해없음,승용,남,26세,경상
2015102200100690,2015년 10월 22일 22시,목요일,광주광역시 북구 두암동,경상사고,0,0,4,0,차대차 - 기타,안전거리미확보,건조,흐림,단일로 - 기타,승용,남,52세,상해없음,승용,남,33세,경상
2015102300100031,2015년 10월 23일 00시,금요일,광주광역시 서구 화정동,경상사고,0,0,1,0,차대차 - 측면직각충돌,신호위반,건조,맑음,교차로 - 교차로안,승용,남,30세,상해없음,승용,여,55세,경상
2015102300100041,2015년 10월 23일 01시,금요일,광주광역시 북구 두암동,경상사고,0,0,1,0,차대차 - 측면직각충돌,안전운전불이행,건조,맑음,단일로 - 기타,승합,남,41세,기타불명,승용,남,24세,경상
2015102300100092,2015년 10월 23일 06시,금요일,광주광역시 남구 봉선동,부상신고사고,0,0,0,1,차대사람 - 기타,보행자보호의무위반,건조,흐림,단일로 - 횡단보도상,기타불명,기타불명,기타불명,기타불명,보행자,남,55세,부상신고
2015102300100114,2015년 10월 23일 07시,금요일,광주광역시 광산구 월계동,경상사고,0,0,2,0,차대차 - 기타,차로위반,건조,맑음,교차로 - 교차로부근,승용,여,45세,상해없음,승합,남,46세,상해없음
2015102300100369,2015년 10월 23일 14시,금요일,광주광역시 북구 문흥동,부상신고사고,0,0,0,1,차대차 - 추돌 - 진행중,교차로운행방법위반,건조,맑음,교차로 - 교차로안,이륜,남,23세,부상신고,화물,남,51세,상해없음
2015102300100402,2015년 10월 23일 15시,금요일,광주광역시 광산구 도천동,경상사고,0,0,1,0,차대차 - 측면직각충돌,교차로운행방법위반,건조,맑음,교차로 - 교차로부근,승용,여,48세,상해없음,승용,여,45세,경상
2015102300100403,2015년 10월 23일 15시,금요일,광주광역시 광산구 월계동,경상사고,0,0,1,0,차대사람 - 기타,안전운전불이행,건조,맑음,단일로 - 기타,자전거,기타불명,기타불명,기타불명,보행자,여,1세,경상
2015102300100447,2015년 10월 23일 16시,금요일,광주광역시 남구 백운동,경상사고,0,0,1,0,차량단독 - 기타,기타,건조,맑음,단일로 - 기타,승합,남,53세,기타불명,,,,
2015102300100497,2015년 10월 23일 17시,금요일,광주광역시 서구 내방동,경상사고,0,0,2,0,차대차 - 측면직각충돌,차로위반,건조,맑음,단일로 - 기타,승용,여,24세,상해없음,승용,남,27세,경상
2015102300100498,2015년 10월 23일 17시,금요일,광주광역시 북구 운암동,경상사고,0,0,1,0,차대차 - 측면직각충돌,안전거리미확보,건조,맑음,교차로 - 교차로부근,승용,여,47세,상해없음,승용,남,42세,경상
2015102300100570,2015년 10월 23일 18시,금요일,광주광역시 동구 용산동,경상사고,0,0,3,0,차대차 - 측면직각충돌,중앙선침범,건조,맑음,단일로 - 기타,승용,남,58세,상해없음,승용,남,55세,경상
2015102300100571,2015년 10월 23일 18시,금요일,광주광역시 동구 동명동,경상사고,0,0,1,0,차대차 - 추돌 - 진행중,안전거리미확보,건조,맑음,교차로 - 교차로부근,이륜,남,62세,상해없음,승용,여,30세,경상
2015102300100572,2015년 10월 23일 18시,금요일,광주광역시 남구 주월동,경상사고,0,0,2,0,차대차 - 측면직각충돌,안전운전불이행,건조,맑음,교차로 - 교차로부근,화물,남,42세,상해없음,화물,남,53세,경상
2015102300100573,2015년 10월 23일 18시,금요일,광주광역시 광산구 우산동,경상사고,0,0,1,0,차대차 - 측면직각충돌,교차로운행방법위반,건조,맑음,교차로 - 교차로안,이륜,여,46세,경상,승용,남,57세,상해없음
2015102300100636,2015년 10월 23일 19시,금요일,광주광역시 서구 풍암동,경상사고,0,0,1,0,차대차 - 측면직각충돌,교차로운행방법위반,건조,맑음,단일로 - 기타,승용,남,53세,상해없음,승용,여,41세,경상
2015102300100675,2015년 10월 23일 20시,금요일,광주광역시 남구 송하동,경상사고,0,0,1,0,차대사람 - 횡단중,안전운전불이행,건조,맑음,단일로 - 기타,승용,여,26세,상해없음,보행자,여,59세,경상
2015102300100676,2015년 10월 23일 20시,금요일,광주광역시 북구 신용동,중상사고,0,1,2,0,차대차 - 측면직각충돌,안전운전불이행,건조,맑음,교차로 - 교차로안,승용,남,35세,상해없음,승용,남,34세,경상
2015102300100711,2015년 10월 23일 21시,금요일,광주광역시 동구 학동,부상신고사고,0,0,0,1,차대차 - 추돌 - 주정차중,안전운전불이행,건조,맑음,단일로 - 기타,승용,남,35세,부상신고,화물,남,58세,기타불명
2015102300100712,2015년 10월 23일 21시,금요일,광주광역시 서구 치평동,경상사고,0,0,1,0,차대차 - 추돌 - 주정차중,안전운전불이행,건조,맑음,단일로 - 기타,승용,남,32세,상해없음,승용,여,34세,경상
2015102300100713,2015년 10월 23일 21시,금요일,광주광역시 서구 치평동,경상사고,0,0,1,0,차대사람 - 횡단중,보행자보호의무위반,건조,맑음,교차로 - 교차로부근,승용,남,38세,상해없음,보행자,남,52세,경상
2015102300100714,2015년 10월 23일 21시,금요일,광주광역시 광산구 운남동,경상사고,0,0,1,0,차대차 - 기타,신호위반,건조,맑음,교차로 - 교차로부근,승용,남,43세,상해없음,자전거,남,25세,경상
2015102300100749,2015년 10월 23일 22시,금요일,광주광역시 남구 봉선동,중상사고,0,1,0,0,차대사람 - 횡단중,보행자보호의무위반,건조,맑음,단일로 - 횡단보도상,승용,여,71세,상해없음,보행자,여,22세,중상
2015102300100780,2015년 10월 23일 23시,금요일,광주광역시 동구 산수동,중상사고,0,1,0,0,차대차 - 기타,안전운전불이행,건조,맑음,기타 - 기타,승용,기타불명,기타불명,기타불명,자전거,남,55세,중상
2015102400100020,2015년 10월 24일 00시,토요일,광주광역시 서구 치평동,경상사고,0,0,1,0,차대차 - 추돌 - 주정차중,안전운전불이행,건조,맑음,단일로 - 기타,승용,남,25세,상해없음,승용,여,50세,경상
2015102400100041,2015년 10월 24일 01시,토요일,광주광역시 광산구 쌍암동,중상사고,0,1,0,0,차대사람 - 횡단중,안전운전불이행,건조,맑음,교차로 - 교차로안,승용,남,27세,상해없음,보행자,남,40세,중상
2015102400100056,2015년 10월 24일 02시,토요일,광주광역시 동구 계림동,경상사고,0,0,1,0,차대차 - 측면직각충돌,안전운전불이행,건조,맑음,교차로 - 교차로안,승용,남,23세,상해없음,승용,남,43세,상해없음
2015102400100072,2015년 10월 24일 03시,토요일,광주광역시 북구 운암동,경상사고,0,0,2,0,차대차 - 추돌 - 주정차중,안전운전불이행,건조,맑음,단일로 - 기타,승용,남,47세,상해없음,승용,여,41세,경상
2015102400100088,2015년 10월 24일 04시,토요일,광주광역시 남구 백운동,사망사고,1,0,2,0,차대차 - 정면충돌,중앙선침범,건조,맑음,단일로 - 교량,승용,남,23세,사망,화물,남,49세,경상
2015102400100131,2015년 10월 24일 06시,토요일,광주광역시 서구 유촌동,경상사고,0,0,2,0,차대차 - 측면직각충돌,안전운전불이행,습기,안개,교차로 - 교차로부근,화물,남,44세,경상,승합,남,67세,경상
2015102400100132,2015년 10월 24일 06시,토요일,광주광역시 북구 임동,경상사고,0,0,1,0,차대차 - 측면직각충돌,신호위반,건조,맑음,교차로 - 교차로안,승용,여,25세,상해없음,승용,남,64세,경상
2015102400100249,2015년 10월 24일 10시,토요일,광주광역시 동구 학동,경상사고,0,0,2,1,차대차 - 기타,안전운전불이행,건조,맑음,교차로 - 교차로안,승용,남,66세,상해없음,승용,남,33세,경상
2015102400100280,2015년 10월 24일 11시,토요일,광주광역시 북구 임동,경상사고,0,0,3,0,차대차 - 측면직각충돌,교차로운행방법위반,건조,맑음,교차로 - 교차로안,원동기,남,28세,경상,승용,남,44세,상해없음
2015102400100281,2015년 10월 24일 11시,토요일,광주광역시 광산구 소촌동,경상사고,0,0,4,0,차대차 - 기타,기타,건조,맑음,단일로 - 기타,화물,남,68세,상해없음,승용,남,35세,경상
2015102400100282,2015년 10월 24일 11시,토요일,광주광역시 광산구 송정동,경상사고,0,0,1,0,차대차 - 측면직각충돌,교차로운행방법위반,건조,맑음,교차로 - 교차로안,화물,남,32세,상해없음,승용,여,45세,경상
2015102400100356,2015년 10월 24일 13시,토요일,광주광역시 동구 산수동,경상사고,0,0,1,0,차대차 - 측면직각충돌,안전운전불이행,건조,맑음,단일로 - 기타,승용,여,57세,상해없음,이륜,남,37세,경상
2015102400100357,2015년 10월 24일 13시,토요일,광주광역시 광산구 송정동,경상사고,0,0,1,0,차대차 - 추돌 - 주정차중,안전운전불이행,건조,흐림,단일로 - 기타,승용,남,46세,상해없음,승용,남,38세,경상
2015102400100394,2015년 10월 24일 14시,토요일,광주광역시 남구 월산동,중상사고,0,1,0,0,차대사람 - 횡단중,보행자보호의무위반,습기,흐림,교차로 - 교차로부근,승용,남,36세,상해없음,보행자,여,12세,중상
2015102400100437,2015년 10월 24일 15시,토요일,광주광역시 북구 우산동,경상사고,0,0,2,0,차대차 - 정면충돌,신호위반,습기,비,교차로 - 교차로안,화물,남,61세,상해없음,승용,남,62세,경상
2015102400100438,2015년 10월 24일 15시,토요일,광주광역시 광산구 월전동,부상신고사고,0,0,0,1,차대차 - 추돌 - 진행중,안전운전불이행,건조,흐림,교차로 - 교차로안,화물,남,45세,상해없음,화물,남,30세,부상신고
2015102400100496,2015년 10월 24일 16시,토요일,광주광역시 서구 마륵동,경상사고,0,0,5,0,차대차 - 추돌 - 주정차중,안전운전불이행,건조,맑음,단일로 - 기타,승용,남,58세,상해없음,승용,남,43세,경상
2015102400100552,2015년 10월 24일 17시,토요일,광주광역시 서구 매월동,중상사고,0,1,0,0,차대사람 - 횡단중,안전운전불이행,건조,흐림,교차로 - 교차로부근,승용,남,38세,상해없음,보행자,남,11세,중상
2015102400100612,2015년 10월 24일 18시,토요일,광주광역시 남구 방림동,경상사고,0,0,1,0,차대차 - 기타,안전운전불이행,건조,맑음,단일로 - 기타,승용,남,61세,상해없음,승용,여,53세,경상
2015102400100658,2015년 10월 24일 19시,토요일,광주광역시 동구 지산동,경상사고,0,0,1,0,차대사람 - 횡단중,보행자보호의무위반,건조,흐림,단일로 - 횡단보도상,이륜,남,30세,상해없음,보행자,남,34세,경상
2015102400100659,2015년 10월 24일 19시,토요일,광주광역시 북구 각화동,경상사고,0,0,3,0,차대차 - 추돌 - 진행중,안전거리미확보,건조,맑음,단일로 - 기타,승용,여,57세,상해없음,승합,남,55세,상해없음
2015102400100660,2015년 10월 24일 19시,토요일,광주광역시 광산구 신창동,중상사고,0,1,0,0,차대차 - 측면직각충돌,신호위반,건조,맑음,교차로 - 교차로안,승용,남,29세,상해없음,이륜,남,36세,중상
2015102400100691,2015년 10월 24일 20시,토요일,광주광역시 서구 금호동,경상사고,0,0,1,0,차대사람 - 기타,안전운전불이행,건조,흐림,단일로 - 기타,승용,남,51세,상해없음,보행자,남,49세,경상
2015102400100764,2015년 10월 24일 22시,토요일,광주광역시 동구 소태동,경상사고,0,0,2,0,차대차 - 추돌 - 진행중,안전운전불이행,건조,맑음,단일로 - 터널,승용,남,30세,기타불명,승용,남,25세,경상
2015102400100788,2015년 10월 24일 23시,토요일,광주광역시 남구 송하동,경상사고,0,0,1,0,차대차 - 측면직각충돌,안전거리미확보,건조,맑음,단일로 - 기타,승합,남,58세,상해없음,승용,남,37세,경상
2015102500100045,2015년 10월 25일 01시,일요일,광주광역시 서구 마륵동,경상사고,0,0,1,0,차대차 - 추돌 - 주정차중,안전운전불이행,건조,흐림,교차로 - 교차로부근,승용,남,23세,상해없음,승합,남,24세,경상
2015102500100046,2015년 10월 25일 01시,일요일,광주광역시 북구 양산동,중상사고,0,1,0,0,차량단독 - 도로외이탈 - 기타,안전운전불이행,건조,맑음,단일로 - 기타,승용,남,36세,중상,,,,
2015102500100047,2015년 10월 25일 01시,일요일,광주광역시 광산구 우산동,사망사고,1,0,0,0,차대사람 - 횡단중,안전운전불이행,건조,맑음,단일로 - 기타,화물,남,48세,상해없음,보행자,남,31세,사망
2015102500100064,2015년 10월 25일 02시,일요일,광주광역시 서구 치평동,경상사고,0,0,3,0,차대차 - 측면직각충돌,교차로운행방법위반,건조,맑음,교차로 - 교차로안,승용,남,27세,상해없음,승용,여,25세,경상
2015102500100077,2015년 10월 25일 03시,일요일,광주광역시 서구 유촌동,중상사고,0,1,0,0,차대차 - 추돌 - 주정차중,안전운전불이행,건조,흐림,교차로 - 교차로부근,승용,남,34세,상해없음,승용,남,27세,중상
2015102500100078,2015년 10월 25일 03시,일요일,광주광역시 남구 월산동,경상사고,0,0,1,0,차대차 - 측면직각충돌,신호위반,건조,맑음,교차로 - 교차로안,승용,여,30세,상해없음,승용,여,43세,경상
2015102500100096,2015년 10월 25일 05시,일요일,광주광역시 서구 유촌동,경상사고,0,0,2,0,차대차 - 측면직각충돌,차로위반,건조,맑음,단일로 - 기타,승용,남,26세,상해없음,승용,남,62세,경상
2015102500100106,2015년 10월 25일 06시,일요일,광주광역시 서구 농성동,경상사고,0,0,1,0,차량단독 - 기타,안전운전불이행,건조,맑음,교차로 - 교차로안,승용,남,69세,기타불명,,,,
2015102500100107,2015년 10월 25일 06시,일요일,광주광역시 광산구 소촌동,경상사고,0,0,1,0,차대차 - 측면직각충돌,안전거리미확보,건조,맑음,단일로 - 기타,화물,남,57세,상해없음,승용,남,49세,경상
2015102500100229,2015년 10월 25일 11시,일요일,광주광역시 서구 치평동,경상사고,0,0,3,0,차대차 - 측면직각충돌,안전운전불이행,건조,맑음,교차로 - 교차로안,승용,여,22세,상해없음,승용,남,31세,경상
2015102500100250,2015년 10월 25일 12시,일요일,광주광역시 북구 문흥동,경상사고,0,0,1,0,차대사람 - 기타,안전운전불이행,건조,맑음,단일로 - 기타,승용,남,58세,상해없음,보행자,남,5세,경상