사고번호,사고일시,요일,시군구,사고내용,사망자수,중상자수,경상자수,부상신고자수,사고유형,법규위반,노면상태,기상상태,도로형태,가해운전자 차종,가해운전자 성별,가해운전자 연령,가해운전자 상해정도,피해운전자 차종,피해운전자 성별,피해운전자 연령,피해운전자 상해정도
2015110400100580,2015년 11월 4일 18시,수요일,광주광역시 동구 계림동,경상사고,0,0,1,0,차대차 - 측면직각충돌,중앙선침범,건조,흐림,단일로 - 기타,승용,남,71세,상해없음,이륜,남,31세,경상
2015110400100581,2015년 11월 4일 18시,수요일,광주광역시 북구 용두동,경상사고,0,0,5,0,차대차 - 추돌 - 진행중,안전거리미확보,건조,맑음,단일로 - 기타,승용,남,30세,상해없음,승용,남,28세,경상
2015110400100582,2015년 11월 4일 18시,수요일,광주광역시 북구 삼각동,경상사고,0,0,1,0,차대차 - 기타,안전운전불이행,건조,맑음,교차로 - 교차로안,승용,남,56세,상해없음,자전거,남,11세,경상
2015110400100583,2015년 11월 4일 18시,수요일,광주광역시 광산구 장덕동,경상사고,0,0,2,0,차대차 - 추돌 - 진행중,안전운전불이행,건조,맑음,교차로 - 교차로안,이륜,남,39세,경상,승용,여,34세,경상
2015110400100618,2015년 11월 4일 19시,수요일,광주광역시 북구 동림동,경상사고,0,0,1,0,차대차 - 측면직각충돌,안전운전불이행,건조,흐림,단일로 - 기타,화물,남,53세,상해없음,승용,여,41세,경상
2015110400100627,2015년 11월 4일 19시,수요일,광주광역시 남구 주월동,경상사고,0,0,1,0,차대차 - 추돌 - 진행중,안전거리미확보,건조,맑음,단일로 - 기타,승용,남,60세,상해없음,승용,남,35세,경상
2015110400100628,2015년 11월 4일 19시,수요일,광주광역시 북구 신안동,중상사고,0,1,2,0,차대차 - 측면직각충돌,안전운전불이행,건조,맑음,단일로 - 기타,이륜,남,62세,중상,승용,남,46세,상해없음
2015110400100629,2015년 11월 4일 19시,수요일,광주광역시 북구 각화동,경상사고,0,0,1,0,차대차 - 추돌 - 진행중,안전거리미확보,건조,맑음,교차로 - 교차로부근,화물,남,56세,상해없음,승용,여,34세,경상
2015110400100630,2015년 11월 4일 19시,수요일,광주광역시 북구 본촌동,경상사고,0,0,1,0,차대사람 - 횡단중,안전운전불이행,건조,맑음,교차로 - 교차로부근,기타불명,기타불명,기타불명,기타불명,보행자,여,14세,경상
2015110400100631,2015년 11월 4일 19시,수요일,광주광역시 북구 운암동,경상사고,0,0,1,0,차대차 - 기타,안전거리미확보,건조,맑음,단일로 - 기타,승용,남,62세,상해없음,승합,남,39세,상해없음
2015110400100632,2015년 11월 4일 19시,수요일,광주광역시 광산구 소촌동,경상사고,0,0,1,0,차대차 - 기타,안전운전불이행,건조,맑음,단일로 - 기타,화물,남,59세,상해없음,승용,여,40세,경상
2015110400100690,2015년 11월 4일 21시,수요일,광주광역시 서구 치평동,경상사고,0,0,2,0,차대차 - 추돌 - 진행중,교차로운행방법위반,건조,맑음,교차로 - 교차로안,승용,여,40세,상해없음,승용,남,50세,경상
2015110400100715,2015년 11월 4일 22시,수요일,광주광역시 광산구 우산동,경상사고,0,0,4,0,차대차 - 추돌 - 주정차중,안전운전불이행,건조,맑음,단일로 - 기타,화물,남,45세,상해없음,승합,남,51세,경상
2015110400100740,2015년 11월 4일 23시,수요일,광주광역시 남구 백운동,경상사고,0,0,2,0,차대차 - 추돌 - 주정차중,안전운전불이행,건조,맑음,단일로 - 기타,승용,여,35세,상해없음,승합,남,67세,경상
2015110500100098,2015년 11월 5일 07시,목요일,광주광역시 북구 연제동,경상사고,0,0,1,0,차대차 - 기타,교차로운행방법위반,건조,맑음,교차로 - 교차로부근,승용,여,35세,상해없음,승용,남,44세,경상
2015110500100133,2015년 11월 5일 08시,목요일,광주광역시 북구 중흥동,경상사고,0,0,3,0,차대차 - 측면직각충돌,안전운전불이행,건조,맑음,단일로 - 기타,화물,남,24세,경상,승합,남,42세,경상
2015110500100134,2015년 11월 5일 08시,목요일,광주광역시 광산구 수완동,부상신고사고,0,0,0,1,차대사람 - 기타,안전운전불이행,건조,맑음,단일로 - 기타,승용,여,35세,상해없음,보행자,남,60세,부상신고
2015110500100135,2015년 11월 5일 08시,목요일,광주광역시 광산구 하남동,경상사고,0,0,3,0,차대차 - 기타,교차로운행방법위반,건조,맑음,교차로 - 교차로부근,승용,남,33세,경상,승용,남,29세,경상
2015110500100203,2015년 11월 5일 10시,목요일,광주광역시 남구 송하동,경상사고,0,0,1,1,차대차 - 측면직각충돌,불법유턴,건조,맑음,교차로 - 교차로부근,승합,남,54세,부상신고,승용,남,34세,경상
2015110500100204,2015년 11월 5일 10시,목요일,광주광역시 북구 오치동,경상사고,0,0,1,0,차대차 - 추돌 - 진행중,안전운전불이행,건조,맑음,교차로 - 교차로안,승용,여,46세,상해없음,승용,남,63세,경상
2015110500100317,2015년 11월 5일 14시,목요일,광주광역시 서구 화정동,경상사고,0,0,2,0,차대차 - 기타,안전운전불이행,건조,맑음,교차로 - 교차로부근,승용,남,51세,상해없음,승용,여,59세,경상
2015110500100318,2015년 11월 5일 14시,목요일,광주광역시 광산구 월계동,경상사고,0,0,2,0,차대차 - 추돌 - 진행중,안전거리미확보,건조,맑음,단일로 - 기타,승용,여,44세,상해없음,이륜,남,17세,경상
2015110500100394,2015년 11월 5일 16시,목요일,광주광역시 서구 쌍촌동,경상사고,0,0,1,0,차대사람 - 길가장자리구역통행중,안전운전불이행,건조,맑음,단일로 - 기타,승합,여,45세,상해없음,보행자,여,40세,경상
2015110500100395,2015년 11월 5일 16시,목요일,광주광역시 남구 진월동,경상사고,0,0,1,0,차대차 - 기타,안전거리미확보,건조,맑음,단일로 - 기타,승용,남,46세,상해없음,승합,남,61세,상해없음
2015110500100396,2015년 11월 5일 16시,목요일,광주광역시 북구 신안동,경상사고,0,0,1,0,차대사람 - 기타,안전운전불이행,건조,맑음,단일로 - 기타,승용,남,39세,상해없음,보행자,남,26세,경상
2015110500100445,2015년 11월 5일 17시,목요일,광주광역시 동구 황금동,경상사고,0,0,1,0,차대사람 - 기타,안전운전불이행,건조,맑음,단일로 - 기타,화물,남,52세,상해없음,보행자,여,20세,경상
2015110500100497,2015년 11월 5일 18시,목요일,광주광역시 동구 동명동,경상사고,0,0,1,0,차대차 - 기타,안전거리미확보,건조,맑음,단일로 - 기타,승용,여,58세,상해없음,이륜,남,32세,경상
2015110500100498,2015년 11월 5일 18시,목요일,광주광역시 서구 금호동,경상사고,0,0,1,0,차대차 - 측면직각충돌,안전운전불이행,건조,흐림,단일로 - 기타,승용,여,63세,상해없음,승용,남,45세,경상
2015110500100499,2015년 11월 5일 18시,목요일,광주광역시 광산구 송촌동,경상사고,0,0,1,0,차대차 - 추돌 - 주정차중,안전운전불이행,건조,맑음,교차로 - 교차로부근,화물,남,29세,상해없음,승용,여,34세,경상
2015110500100500,2015년 11월 5일 18시,목요일,광주광역시 광산구 신촌동,경상사고,0,0,4,0,차대차 - 측면직각충돌,안전거리미확보,건조,맑음,단일로 - 기타,화물,남,45세,상해없음,승용,남,38세,경상
2015110500100544,2015년 11월 5일 19시,목요일,광주광역시 서구 치평동,경상사고,0,0,1,0,차대차 - 기타,안전운전불이행,건조,맑음,교차로 - 교차로안,승용,남,30세,상해없음,승용,남,52세,경상
2015110500100545,2015년 11월 5일 19시,목요일,광주광역시 남구 봉선동,경상사고,0,0,3,0,차대차 - 추돌 - 주정차중,안전운전불이행,건조,맑음,단일로 - 기타,승용,여,36세,상해없음,승용,남,37세,경상
2015110500100620,2015년 11월 5일 21시,목요일,광주광역시 서구 치평동,경상사고,0,0,1,0,차대차 - 측면직각충돌,신호위반,건조,맑음,단일로 - 기타,승용,남,32세,상해없음,자전거,남,17세,경상
2015110500100621,2015년 11월 5일 21시,목요일,광주광역시 서구 치평동,경상사고,0,0,1,0,차대차 - 추돌 - 진행중,안전운전불이행,건조,맑음,교차로 - 교차로부근,기타불명,기타불명,기타불명,기타불명,승용,남,33세,상해없음
2015110500100649,2015년 11월 5일 22시,목요일,광주광역시 남구 백운동,경상사고,0,0,2,0,차대차 - 추돌 - 진행중,안전운전불이행,건조,맑음,교차로 - 교차로안,승용,여,47세,상해없음,승용,남,35세,경상
2015110500100650,2015년 11월 5일 22시,목요일,광주광역시 광산구 수완동,중상사고,0,1,0,0,차대차 - 정면충돌,중앙선침범,건조,맑음,단일로 - 기타,승용,남,34세,상해없음,승용,남,54세,중상
2015110500100676,2015년 11월 5일 23시,목요일,광주광역시 북구 동림동,경상사고,0,0,1,0,차대차 - 측면직각충돌,안전운전불이행,건조,맑음,단일로 - 기타,승용,남,40세,상해없음,이륜,남,18세,경상
2015110600100015,2015년 11월 6일 00시,금요일,광주광역시 남구 송하동,경상사고,0,0,1,0,차대차 - 측면직각충돌,신호위반,건조,맑음,교차로 - 교차로안,승용,남,25세,상해없음,승용,남,27세,경상
2015110600100056,2015년 11월 6일 04시,금요일,광주광역시 광산구 오선동,경상사고,0,0,2,0,차대차 - 측면직각충돌,신호위반,건조,맑음,교차로 - 교차로안,화물,남,56세,경상,화물,남,48세,경상
2015110600100064,2015년 11월 6일 05시,금요일,광주광역시 남구 백운동,경상사고,0,0,1,0,차대차 - 측면직각충돌,신호위반,건조,맑음,교차로 - 교차로안,승용,남,49세,상해없음,승용,남,58세,경상
2015110600100065,2015년 11월 6일 05시,금요일,광주광역시 광산구 월곡동,경상사고,0,0,1,0,차대사람 - 횡단중,신호위반,건조,맑음,단일로 - 기타,승용,여,39세,상해없음,보행자,여,47세,경상
2015110600100111,2015년 11월 6일 07시,금요일,광주광역시 북구 양산동,경상사고,0,0,2,0,차대차 - 기타,안전운전불이행,건조,맑음,단일로 - 기타,승용,남,29세,상해없음,승용,남,27세,경상
2015110600100112,2015년 11월 6일 07시,금요일,광주광역시 북구 월출동,경상사고,0,0,2,0,차대차 - 추돌 - 진행중,안전거리미확보,건조,맑음,단일로 - 기타,승용,남,54세,경상,승용,남,30세,경상
2015110600100178,2015년 11월 6일 09시,금요일,광주광역시 동구 소태동,경상사고,0,0,1,0,차대사람 - 횡단중,안전운전불이행,건조,맑음,단일로 - 기타,승용,남,59세,상해없음,보행자,여,77세,경상
2015110600100179,2015년 11월 6일 09시,금요일,광주광역시 서구 쌍촌동,중상사고,0,1,0,0,차대차 - 추돌 - 진행중,안전거리미확보,건조,맑음,교차로 - 교차로안,자전거,여,37세,중상,승용,남,56세,상해없음
2015110600100180,2015년 11월 6일 09시,금요일,광주광역시 북구 운암동,경상사고,0,0,1,0,차대차 - 측면직각충돌,직진우회전진행방해,건조,맑음,교차로 - 교차로안,승용,여,47세,상해없음,승용,남,75세,경상
2015110600100181,2015년 11월 6일 09시,금요일,광주광역시 북구 두암동,경상사고,0,0,1,0,차량단독 - 기타,기타,건조,맑음,단일로 - 기타,승합,남,47세,상해없음,,,,
2015110600100238,2015년 11월 6일 11시,금요일,광주광역시 서구 치평동,경상사고,0,0,1,0,차대사람 - 차도통행중,안전운전불이행,건조,맑음,교차로 - 교차로부근,승용,남,70세,상해없음,보행자,남,21세,경상
2015110600100253,2015년 11월 6일 12시,금요일,광주광역시 서구 양동,경상사고,0,0,1,0,차대차 - 측면직각충돌,교차로운행방법위반,건조,맑음,단일로 - 기타,승용,남,53세,상해없음,승용,남,26세,경상
2015110600100313,2015년 11월 6일 14시,금요일,광주광역시 광산구 운남동,경상사고,0,0,1,0,차대차 - 추돌 - 진행중,안전운전불이행,건조,맑음,교차로 - 교차로부근,승용,여,37세,상해없음,승용,남,45세,경상
2015110600100347,2015년 11월 6일 15시,금요일,광주광역시 서구 쌍촌동,경상사고,0,0,1,0,차대차 - 측면직각충돌,교차로운행방법위반,습기,비,교차로 - 교차로안,승용,남,31세,상해없음,이륜,남,23세,경상
2015110600100384,2015년 11월 6일 16시,금요일,광주광역시 남구 월산동,경상사고,0,0,1,0,차대차 - 측면직각충돌,교차로운행방법위반,건조,맑음,교차로 - 교차로안,승용,여,38세,상해없음,승용,여,37세,경상
2015110600100439,2015년 11월 6일 17시,금요일,광주광역시 남구 서동,경상사고,0,0,1,0,차대차 - 추돌 - 주정차중,안전거리미확보,습기,비,교차로 - 교차로안,승용,남,31세,상해없음,승용,남,42세,경상
2015110600100440,2015년 11월 6일 17시,금요일,광주광역시 북구 임동,경상사고,0,0,1,0,차대차 - 측면직각충돌,안전운전불이행,습기,비,단일로 - 기타,이륜,남,70세,상해없음,승용,여,30세,경상
2015110600100532,2015년 11월 6일 18시,금요일,광주광역시 서구 유촌동,경상사고,0,0,1,0,차대차 - 추돌 - 주정차중,안전운전불이행,습기,비,단일로 - 기타,승용,남,27세,상해없음,승용,여,27세,경상
2015110600100533,2015년 11월 6일 18시,금요일,광주광역시 북구 용봉동,경상사고,0,0,3,0,차대차 - 추돌 - 진행중,안전운전불이행,습기,비,단일로 - 기타,승용,여,38세,경상,승용,여,32세,경상
2015110600100534,2015년 11월 6일 18시,금요일,광주광역시 광산구 도천동,경상사고,0,0,1,0,차대차 - 추돌 - 진행중,안전운전불이행,습기,비,단일로 - 기타,승용,남,56세,상해없음,화물,남,51세,경상
2015110600100612,2015년 11월 6일 19시,금요일,광주광역시 남구 백운동,경상사고,0,0,2,0,차대차 - 기타,교차로운행방법위반,습기,비,교차로 - 교차로안,승용,남,27세,상해없음,승용,여,40세,경상
2015110600100666,2015년 11월 6일 20시,금요일,광주광역시 북구 운암동,중상사고,0,2,0,0,차대차 - 추돌 - 주정차중,안전운전불이행,습기,비,교차로 - 교차로부근,승용,남,50세,상해없음,승합,남,73세,중상
2015110600100754,2015년 11월 6일 21시,금요일,광주광역시 서구 벽진동,경상사고,0,0,1,0,차대차 - 추돌 - 진행중,안전운전불이행,기타,기타,교차로 - 교차로부근,승용,남,52세,상해없음,승용,여,44세,경상
2015110600100825,2015년 11월 6일 22시,금요일,광주광역시 북구 용봉동,경상사고,0,0,1,0,차대차 - 측면직각충돌,안전거리미확보,습기,비,단일로 - 기타,승용,남,35세,기타불명,승용,남,51세,경상
2015110600100896,2015년 11월 6일 23시,금요일,광주광역시 북구 두암동,경상사고,0,0,1,0,차대사람 - 횡단중,안전운전불이행,습기,비,교차로 - 교차로부근,승용,남,56세,상해없음,보행자,남,45세,경상
2015110600100897,2015년 11월 6일 23시,금요일,광주광역시 광산구 신가동,경상사고,0,0,1,0,차대차 - 기타,안전운전불이행,습기,비,교차로 - 교차로안,원동기,남,37세,경상,승용,남,36세,상해없음
2015110700100050,2015년 11월 7일 00시,토요일,광주광역시 동구 학동,중상사고,0,1,0,0,차대사람 - 횡단중,신호위반,습기,비,교차로 - 교차로안,승용,남,40세,상해없음,보행자,남,29세,중상
2015110700100051,2015년 11월 7일 00시,토요일,광주광역시 서구 금호동,경상사고,0,0,1,0,차대차 - 추돌 - 주정차중,안전운전불이행,건조,맑음,교차로 - 교차로부근,승용,여,49세,상해없음,승용,남,49세,상해없음
2015110700100053,2015년 11월 7일 00시,토요일,광주광역시 서구 내방동,부상신고사고,0,0,0,1,차대차 - 측면직각충돌,신호위반,습기,비,교차로 - 교차로안,기타불명,기타불명,기타불명,기타불명,승용,남,45세,상해없음
2015110700100054,2015년 11월 7일 00시,토요일,광주광역시 서구 금호동,경상사고,0,0,1,0,차대차 - 측면직각충돌,안전거리미확보,습기,비,단일로 - 기타,승용,여,39세,상해없음,원동기,남,22세,경상
2015110700100086,2015년 11월 7일 01시,토요일,광주광역시 북구 운암동,경상사고,0,0,1,0,차대차 - 기타,안전운전불이행,건조,맑음,교차로 - 교차로안,승용,남,26세,상해없음,승용,남,29세,경상
2015110700100120,2015년 11월 7일 02시,토요일,광주광역시 광산구 월계동,경상사고,0,0,1,0,차대사람 - 횡단중,신호위반,습기,비,교차로 - 교차로안,승용,남,58세,상해없음,보행자,여,24세,경상
2015110700100144,2015년 11월 7일 03시,토요일,광주광역시 북구 중흥동,중상사고,0,1,1,0,차대사람 - 횡단중,신호위반,습기,비,교차로 - 교차로부근,승용,남,48세,상해없음,보행자,여,31세,중상
2015110700100187,2015년 11월 7일 05시,토요일,광주광역시 서구 화정동,경상사고,0,0,1,0,차대차 - 측면직각충돌,안전거리미확보,건조,맑음,단일로 - 기타,승용,남,69세,상해없음,승용,남,48세,경상
2015110700100244,2015년 11월 7일 08시,토요일,광주광역시 북구 양산동,경상사고,0,0,1,0,차대차 - 정면충돌,안전운전불이행,습기,비,단일로 - 기타,승용,여,26세,상해없음,승용,여,49세,경상
2015110700100283,2015년 11월 7일 09시,토요일,광주광역시 남구 방림동,중상사고,0,1,0,0,차대사람 - 횡단중,보행자보호의무위반,습기,비,단일로 - 기타,화물,남,58세,상해없음,보행자,여,19세,중상
2015110700100353,2015년 11월 7일 11시,토요일,광주광역시 서구 화정동,경상사고,0,0,1,0,차대차 - 기타,교차로운행방법위반,습기,비,교차로 - 교차로안,승용,남,44세,상해없음,이륜,남,37세,경상
2015110700100388,2015년 11월 7일 12시,토요일,광주광역시 동구 충장로5가,경상사고,0,0,1,0,차대사람 - 길가장자리구역통행중,안전운전불이행,습기,비,단일로 - 기타,화물,남,62세,상해없음,보행자,남,49세,경상
2015110700100389,2015년 11월 7일 12시,토요일,광주광역시 서구 쌍촌동,경상사고,0,0,3,0,차대차 - 기타,안전운전불이행,습기,비,교차로 - 교차로안,승용,여,34세,경상,승용,남,63세,경상
2015110700100390,2015년 11월 7일 12시,토요일,광주광역시 서구 농성동,중상사고,0,1,0,0,차대사람 - 기타,안전운전불이행,습기,비,교차로 - 교차로부근,승용,남,57세,상해없음,보행자,여,75세,중상
2015110700100391,2015년 11월 7일 12시,토요일,광주광역시 북구 용전동,경상사고,0,0,2,0,차대차 - 정면충돌,안전운전불이행,건조,맑음,교차로 - 교차로안,승용,남,50세,경상,화물,남,55세,경상
2015110700100392,2015년 11월 7일 12시,토요일,광주광역시 광산구 하남동,중상사고,0,1,0,0,차대차 - 측면직각충돌,안전거리미확보,습기,비,단일로 - 기타,승용,여,49세,중상,화물,남,50세,상해없음
2015110700100393,2015년 11월 7일 12시,토요일,광주광역시 광산구 소촌동,경상사고,0,0,1,0,차대차 - 추돌 - 진행중,안전운전불이행,습기,비,단일로 - 기타,이륜,남,78세,상해없음,승용,여,44세,상해없음
2015110700100438,2015년 11월 7일 13시,토요일,광주광역시 동구 동명동,중상사고,0,1,1,0,차대차 - 추돌 - 주정차중,안전거리미확보,습기,비,교차로 - 교차로부근,화물,남,56세,상해없음,승용,남,46세,경상
2015110700100439,2015년 11월 7일 13시,토요일,광주광역시 광산구 선암동,중상사고,0,1,0,0,차량단독 - 기타,안전운전불이행,습기,비,교차로 - 교차로부근,이륜,남,34세,중상,,,,
2015110700100482,2015년 11월 7일 14시,토요일,광주광역시 서구 매월동,경상사고,0,0,1,0,차대차 - 추돌 - 주정차중,안전운전불이행,건조,맑음,단일로 - 기타,승용,남,20세,상해없음,승용,여,38세,경상
2015110700100522,2015년 11월 7일 15시,토요일,광주광역시 서구 쌍촌동,경상사고,0,0,1,0,차대차 - 추돌 - 진행중,안전운전불이행,습기,비,교차로 - 교차로부근,승용,남,29세,상해없음,승용,여,35세,경상
2015110700100523,2015년 11월 7일 15시,토요일,광주광역시 광산구 우산동,경상사고,0,0,1,0,차대차 - 추돌 - 주정차중,안전운전불이행,습기,비,교차로 - 교차로부근,승용,남,40세,상해없음,승용,여,35세,경상
2015110700100524,2015년 11월 7일 15시,토요일,광주광역시 광산구 월계동,중상사고,0,1,0,0,차대차 - 측면직각충돌,교차로운행방법위반,습기,비,교차로 - 교차로안,승용,남,54세,상해없음,이륜,남,48세,중상
2015110700100525,2015년 11월 7일 15시,토요일,광주광역시 광산구 운남동,경상사고,0,0,1,0,차대차 - 추돌 - 진행중,안전거리미확보,습기,비,교차로 - 교차로부근,승용,남,37세,상해없음,승용,남,34세,경상
2015110700100561,2015년 11월 7일 16시,토요일,광주광역시 광산구 운남동,경상사고,0,0,1,0,차대차 - 기타,안전운전불이행,습기,비,교차로 - 교차로안,기타불명,기타불명,기타불명,기타불명,이륜,남,27세,경상
2015110700100619,2015년 11월 7일 17시,토요일,광주광역시 서구 풍암동,중상사고,0,1,11,2,차대차 - 추돌 - 주정차중,안전운전불이행,습기,비,교차로 - 교차로부근,승용,여,43세,상해없음,화물,남,59세,경상
2015110700100620,2015년 11월 7일 17시,토요일,광주광역시 서구 쌍촌동,경상사고,0,0,1,0,차대사람 - 횡단중,안전운전불이행,습기,비,교차로 - 교차로부근,승용,남,62세,상해없음,보행자,여,76세,경상
2015110700100621,2015년 11월 7일 17시,토요일,광주광역시 광산구 임곡동,경상사고,0,0,2,0,차대차 - 추돌 - 진행중,안전운전불이행,습기,비,교차로 - 교차로부근,승용,남,54세,상해없음,승용,남,41세,경상
2015110700100693,2015년 11월 7일 18시,토요일,광주광역시 서구 화정동,경상사고,0,0,1,0,차대사람 - 차도통행중,안전운전불이행,습기,비,단일로 - 기타,승용,남,28세,상해없음,보행자,남,47세,경상
2015110700100694,2015년 11월 7일 18시,토요일,광주광역시 북구 양산동,경상사고,0,0,2,0,차대차 - 추돌 - 주정차중,안전거리미확보,습기,비,단일로 - 기타,화물,남,25세,상해없음,승용,남,43세,경상
2015110700100695,2015년 11월 7일 18시,토요일,광주광역시 북구 오치동,경상사고,0,0,2,0,차대차 - 추돌 - 주정차중,안전운전불이행,건조,맑음,단일로 - 기타,승용,남,38세,상해없음,승용,남,27세,경상
2015110700100696,2015년 11월 7일 18시,토요일,광주광역시 북구 각화동,중상사고,0,1,0,0,차대사람 - 횡단중,안전운전불이행,습기,비,단일로 - 기타,승용,남,56세,상해없음,보행자,여,75세,중상
2015110700100766,2015년 11월 7일 19시,토요일,광주광역시 북구 풍향동,경상사고,0,0,1,0,차대사람 - 기타,안전운전불이행,습기,비,교차로 - 교차로부근,승용,남,50세,상해없음,보행자,남,62세,경상
2015110700100820,2015년 11월 7일 20시,토요일,광주광역시 동구 대인동,경상사고,0,0,1,0,차대차 - 측면직각충돌,안전운전불이행,습기,비,단일로 - 기타,승용,남,33세,상해없음,승용,남,56세,경상
2015110700100821,2015년 11월 7일 20시,토요일,광주광역시 광산구 우산동,경상사고,0,0,1,0,차대사람 - 기타,안전운전불이행,습기,흐림,교차로 - 교차로부근,승용,여,35세,상해없음,보행자,여,25세,경상
2015110700100885,2015년 11월 7일 21시,토요일,광주광역시 남구 주월동,경상사고,0,0,1,0,차대차 - 추돌 - 진행중,안전운전불이행,건조,맑음,단일로 - 기타,승용,여,45세,상해없음,승용,남,36세,경상
2015110700100947,2015년 11월 7일 22시,토요일,광주광역시 광산구 소촌동,경상사고,0,0,4,0,차대차 - 추돌 - 주정차중,안전운전불이행,습기,비,단일로 - 기타,승용,남,41세,상해없음,승용,남,52세,경상
2015110800100051,2015년 11월 8일 00시,일요일,광주광역시 광산구 우산동,경상사고,0,0,2,0,차대차 - 측면직각충돌,불법유턴,건조,맑음,교차로 - 교차로안,화물,남,50세,상해없음,승용,남,59세,경상
2015110800100089,2015년 11월 8일 01시,일요일,광주광역시 광산구 산월동,경상사고,0,0,1,0,차대차 - 추돌 - 진행중,신호위반,건조,맑음,교차로 - 교차로안,승용,남,23세,상해없음,승용,남,35세,경상
2015110800100130,2015년 11월 8일 03시,일요일,광주광역시 동구 광산동,경상사고,0,0,1,0,차대사람 - 횡단중,안전운전불이행,습기,비,단일로 - 기타,승용,남,47세,상해없음,보행자,여,20세,경상
2015110800100131,2015년 11월 8일 03시,일요일,광주광역시 남구 구동,경상사고,0,0,5,0,차대차 - 측면직각충돌,신호위반,습기,비,교차로 - 교차로안,승용,남,23세,상해없음,승용,남,26세,경상
2015110800100168,2015년 11월 8일 05시,일요일,광주광역시 서구 광천동,중상사고,0,1,1,0,차대차 - 측면직각충돌,신호위반,습기,비,교차로 - 교차로안,승용,남,54세,상해없음,승용,남,64세,경상
2015110800100169,2015년 11월 8일 05시,일요일,광주광역시 북구 두암동,경상사고,0,0,1,0,차대사람 - 횡단중,신호위반,습기,비,단일로 - 횡단보도상,화물,남,63세,상해없음,보행자,여,62세,경상
2015110800100185,2015년 11월 8일 06시,일요일,광주광역시 북구 중흥동,사망사고,1,0,0,0,차대사람 - 횡단중,보행자보호의무위반,습기,비,단일로 - 기타,승용,남,55세,상해없음,보행자,남,78세,사망
2015110800100186,2015년 11월 8일 06시,일요일,광주광역시 광산구 수완동,경상사고,0,0,1,0,차대차 - 측면직각충돌,신호위반,건조,맑음,교차로 - 교차로안,승용,남,71세,기타불명,승용,남,51세,경상
2015110800100292,2015년 11월 8일 11시,일요일,광주광역시 북구 화암동,경상사고,0,0,1,0,차대차 - 기타,중앙선침범,습기,비,단일로 - 기타,승용,남,60세,상해없음,승합,남,43세,경상
2015110800100383,2015년 11월 8일 14시,일요일,광주광역시 서구 농성동,중상사고,0,1,0,0,차대사람 - 횡단중,안전운전불이행,건조,맑음,단일로 - 기타,승용,남,29세,상해없음,보행자,남,64세,중상
2015110800100438,2015년 11월 8일 16시,일요일,광주광역시 동구 지산동,경상사고,0,0,4,0,차대차 - 측면직각충돌,중앙선침범,건조,맑음,단일로 - 기타,승용,여,36세,상해없음,승용,남,24세,경상
2015110800100439,2015년 11월 8일 16시,일요일,광주광역시 서구 농성동,경상사고,0,0,1,0,차대차 - 추돌 - 주정차중,안전운전불이행,건조,흐림,교차로 - 교차로부근,승용,남,62세,기타불명,승용,여,46세,경상
2015110800100484,2015년 11월 8일 17시,일요일,광주광역시 동구 계림동,경상사고,0,0,1,0,차대사람 - 횡단중,안전운전불이행,습기,흐림,단일로 - 기타,승용,남,48세,상해없음,보행자,남,20세,경상
2015110800100593,2015년 11월 8일 19시,일요일,광주광역시 남구 봉선동,경상사고,0,0,4,0,차대차 - 측면직각충돌,안전거리미확보,습기,흐림,단일로 - 기타,승용,남,57세,상해없음,승용,여,45세,경상
2015110800100594,2015년 11월 8일 19시,일요일,광주광역시 북구 운암동,중상사고,0,1,0,0,차대차 - 기타,안전거리미확보,습기,비,단일로 - 기타,승용,여,47세,상해없음,이륜,남,68세,중상
2015110800100678,2015년 11월 8일 21시,일요일,광주광역시 광산구 쌍암동,경상사고,0,0,7,0,차대차 - 측면직각충돌,신호위반,습기,흐림,교차로 - 교차로안,승용,남,43세,상해없음,승용,남,33세,경상
2015110800100714,2015년 11월 8일 22시,일요일,광주광역시 서구 유촌동,경상사고,0,0,2,0,차대차 - 추돌 - 주정차중,불법유턴,습기,비,교차로 - 교차로부근,승용,남,55세,상해없음,승용,남,32세,경상
2015110900100028,2015년 11월 9일 00시,월요일,광주광역시 서구 화정동,경상사고,0,0,1,0,차대차 - 추돌 - 주정차중,안전운전불이행,습기,흐림,교차로 - 교차로부근,승용,남,49세,상해없음,승용,남,43세,경상
2015110900100050,2015년 11월 9일 01시,월요일,광주광역시 광산구 신촌동,경상사고,0,0,1,0,차대차 - 측면직각충돌,안전운전불이행,습기,비,교차로 - 교차로안,승용,남,63세,상해없음,승용,남,23세,경상
2015110900100063,2015년 11월 9일 02시,월요일,광주광역시 서구 치평동,경상사고,0,0,2,0,차대사람 - 기타,안전운전불이행,건조,흐림,기타 - 기타,승용,남,32세,상해없음,보행자,여,25세,경상
2015110900100064,2015년 11월 9일 02시,월요일,광주광역시 북구 오치동,경상사고,0,0,1,0,차대차 - 추돌 - 진행중,안전운전불이행,건조,맑음,교차로 - 교차로안,승용,남,27세,상해없음,승용,남,66세,경상