사고번호,사고일시,요일,시군구,사고내용,사망자수,중상자수,경상자수,부상신고자수,사고유형,법규위반,노면상태,기상상태,도로형태,가해운전자 차종,가해운전자 성별,가해운전자 연령,가해운전자 상해정도,피해운전자 차종,피해운전자 성별,피해운전자 연령,피해운전자 상해정도
2015111400100036,2015년 11월 14일 00시,토요일,광주광역시 북구 용봉동,중상사고,0,1,1,0,차대사람 - 횡단중,안전운전불이행,습기,비,단일로 - 기타,승용,남,49세,상해없음,보행자,여,19세,중상
2015111400100037,2015년 11월 14일 00시,토요일,광주광역시 광산구 하남동,사망사고,1,0,0,0,차대사람 - 횡단중,과속,건조,맑음,단일로 - 기타,승용,여,40세,상해없음,보행자,여,45세,사망
2015111400100038,2015년 11월 14일 00시,토요일,광주광역시 광산구 운남동,경상사고,0,0,2,0,차대차 - 추돌 - 진행중,안전운전불이행,습기,비,단일로 - 기타,승용,남,41세,상해없음,승용,남,51세,경상
2015111400100079,2015년 11월 14일 01시,토요일,광주광역시 서구 치평동,경상사고,0,0,2,0,차대사람 - 차도통행중,안전운전불이행,습기,흐림,단일로 - 기타,승용,남,29세,상해없음,보행자,남,33세,경상
2015111400100138,2015년 11월 14일 03시,토요일,광주광역시 북구 신안동,경상사고,0,0,4,0,차대차 - 추돌 - 진행중,안전운전불이행,습기,비,교차로 - 교차로부근,승용,남,25세,상해없음,승용,여,47세,경상
2015111400100204,2015년 11월 14일 06시,토요일,광주광역시 서구 쌍촌동,중상사고,0,1,0,0,차대사람 - 횡단중,신호위반,습기,비,단일로 - 기타,승용,남,23세,상해없음,보행자,여,43세,중상
2015111400100224,2015년 11월 14일 07시,토요일,광주광역시 북구 두암동,경상사고,0,0,1,0,차대차 - 기타,교차로운행방법위반,습기,흐림,교차로 - 교차로안,원동기,남,37세,경상,승용,남,50세,상해없음
2015111400100225,2015년 11월 14일 07시,토요일,광주광역시 광산구 비아동,경상사고,0,0,1,0,차량단독 - 공작물충돌,안전운전불이행,습기,비,단일로 - 기타,승용,남,22세,경상,,,,
2015111400100256,2015년 11월 14일 08시,토요일,광주광역시 북구 운암동,중상사고,0,1,0,0,차량단독 - 공작물충돌,안전운전불이행,습기,비,교차로 - 교차로안,특수,남,56세,상해없음,,,,
2015111400100353,2015년 11월 14일 11시,토요일,광주광역시 서구 치평동,경상사고,0,0,1,0,차대차 - 추돌 - 주정차중,안전운전불이행,건조,맑음,단일로 - 기타,승용,여,51세,상해없음,승용,남,30세,경상
2015111400100354,2015년 11월 14일 11시,토요일,광주광역시 서구 마륵동,경상사고,0,0,3,0,차대차 - 측면직각충돌,안전거리미확보,건조,맑음,단일로 - 기타,승용,남,57세,상해없음,승용,남,46세,경상
2015111400100355,2015년 11월 14일 11시,토요일,광주광역시 남구 주월동,부상신고사고,0,0,0,1,차대차 - 측면직각충돌,신호위반,건조,맑음,교차로 - 교차로안,원동기,남,57세,부상신고,승용,남,34세,상해없음
2015111400100356,2015년 11월 14일 11시,토요일,광주광역시 북구 두암동,경상사고,0,0,1,0,차대사람 - 기타,안전운전불이행,건조,맑음,교차로 - 교차로안,승용,여,21세,상해없음,보행자,남,82세,경상
2015111400100384,2015년 11월 14일 12시,토요일,광주광역시 서구 치평동,경상사고,0,0,1,0,차대사람 - 차도통행중,안전운전불이행,습기,비,단일로 - 기타,승용,여,36세,상해없음,보행자,남,4세,경상
2015111400100415,2015년 11월 14일 13시,토요일,광주광역시 서구 치평동,경상사고,0,0,3,0,차대차 - 측면직각충돌,중앙선침범,건조,흐림,단일로 - 기타,승용,남,54세,상해없음,승용,여,38세,경상
2015111400100416,2015년 11월 14일 13시,토요일,광주광역시 서구 풍암동,중상사고,0,1,0,0,차대차 - 측면직각충돌,안전운전불이행,습기,흐림,교차로 - 교차로안,승용,남,22세,상해없음,이륜,남,35세,중상
2015111400100445,2015년 11월 14일 14시,토요일,광주광역시 광산구 오선동,경상사고,0,0,1,0,차대차 - 추돌 - 진행중,안전거리미확보,건조,맑음,단일로 - 기타,화물,남,45세,상해없음,화물,남,33세,경상
2015111400100485,2015년 11월 14일 15시,토요일,광주광역시 광산구 월전동,경상사고,0,0,1,0,차대차 - 추돌 - 진행중,안전거리미확보,건조,흐림,교차로 - 교차로부근,승용,남,71세,상해없음,승용,남,54세,경상
2015111400100522,2015년 11월 14일 16시,토요일,광주광역시 북구 신용동,경상사고,0,0,2,0,차대차 - 측면직각충돌,교차로운행방법위반,건조,흐림,교차로 - 교차로안,승용,남,35세,상해없음,승용,남,36세,상해없음
2015111400100681,2015년 11월 14일 19시,토요일,광주광역시 북구 삼각동,중상사고,0,1,1,0,차대차 - 측면직각충돌,신호위반,건조,맑음,교차로 - 교차로부근,원동기,남,17세,경상,원동기,남,44세,중상
2015111400100717,2015년 11월 14일 20시,토요일,광주광역시 서구 유촌동,경상사고,0,0,3,0,차대차 - 추돌 - 진행중,안전거리미확보,건조,맑음,단일로 - 기타,승용,남,55세,상해없음,승용,여,33세,경상
2015111400100746,2015년 11월 14일 21시,토요일,광주광역시 북구 용봉동,경상사고,0,0,1,0,차대차 - 기타,안전운전불이행,건조,맑음,단일로 - 기타,화물,남,49세,기타불명,승용,남,32세,경상
2015111400100806,2015년 11월 14일 23시,토요일,광주광역시 광산구 신가동,경상사고,0,0,1,0,차대차 - 기타,안전운전불이행,건조,맑음,단일로 - 기타,이륜,남,16세,경상,승용,남,40세,상해없음
2015111500100020,2015년 11월 15일 00시,일요일,광주광역시 서구 쌍촌동,경상사고,0,0,2,0,차대차 - 기타,안전운전불이행,건조,맑음,단일로 - 기타,승용,남,34세,상해없음,승용,남,29세,상해없음
2015111500100021,2015년 11월 15일 00시,일요일,광주광역시 북구 문흥동,경상사고,0,0,1,1,차대차 - 추돌 - 주정차중,안전운전불이행,건조,맑음,단일로 - 기타,승용,남,42세,상해없음,승용,남,68세,경상
2015111500100036,2015년 11월 15일 01시,일요일,광주광역시 서구 풍암동,사망사고,1,0,0,0,차대사람 - 차도통행중,신호위반,건조,흐림,교차로 - 교차로안,승용,남,38세,상해없음,보행자,남,42세,사망
2015111500100037,2015년 11월 15일 01시,일요일,광주광역시 서구 내방동,경상사고,0,0,3,0,차대차 - 정면충돌,신호위반,건조,맑음,교차로 - 교차로안,승용,남,41세,상해없음,승용,남,40세,상해없음
2015111500100038,2015년 11월 15일 01시,일요일,광주광역시 광산구 삼거동,경상사고,0,0,3,0,차대차 - 추돌 - 진행중,안전거리미확보,건조,맑음,단일로 - 기타,화물,남,34세,경상,승용,남,26세,경상
2015111500100051,2015년 11월 15일 02시,일요일,광주광역시 광산구 수완동,중상사고,0,1,0,0,차대사람 - 횡단중,안전운전불이행,건조,맑음,단일로 - 기타,승용,남,60세,상해없음,보행자,남,28세,중상
2015111500100063,2015년 11월 15일 03시,일요일,광주광역시 동구 학동,중상사고,0,1,3,0,차대차 - 측면직각충돌,신호위반,건조,맑음,교차로 - 교차로안,승용,여,47세,상해없음,승용,남,21세,중상
2015111500100077,2015년 11월 15일 04시,일요일,광주광역시 남구 주월동,경상사고,0,0,2,0,차대차 - 측면직각충돌,안전거리미확보,건조,맑음,단일로 - 기타,승용,남,63세,기타불명,원동기,남,18세,경상
2015111500100160,2015년 11월 15일 10시,일요일,광주광역시 동구 계림동,경상사고,0,0,1,0,차대사람 - 기타,안전운전불이행,건조,맑음,단일로 - 기타,승용,남,51세,상해없음,보행자,남,59세,경상
2015111500100161,2015년 11월 15일 10시,일요일,광주광역시 서구 마륵동,부상신고사고,0,0,0,1,차대차 - 추돌 - 주정차중,안전운전불이행,건조,맑음,단일로 - 기타,승합,남,45세,상해없음,승용,남,53세,부상신고
2015111500100162,2015년 11월 15일 10시,일요일,광주광역시 북구 두암동,경상사고,0,0,1,0,차대차 - 정면충돌,신호위반,건조,맑음,교차로 - 교차로안,이륜,남,70세,경상,승합,남,46세,상해없음
2015111500100185,2015년 11월 15일 11시,일요일,광주광역시 서구 치평동,경상사고,0,0,2,0,차대차 - 추돌 - 진행중,안전거리미확보,건조,맑음,단일로 - 기타,승용,남,64세,상해없음,승용,남,28세,경상
2015111500100186,2015년 11월 15일 11시,일요일,광주광역시 서구 쌍촌동,경상사고,0,0,8,0,차대차 - 측면직각충돌,신호위반,건조,맑음,교차로 - 교차로안,승용,여,28세,경상,승용,남,28세,경상
2015111500100187,2015년 11월 15일 11시,일요일,광주광역시 남구 월산동,경상사고,0,0,2,0,차대차 - 추돌 - 주정차중,안전거리미확보,건조,맑음,단일로 - 기타,승용,남,53세,상해없음,승용,여,42세,경상
2015111500100255,2015년 11월 15일 13시,일요일,광주광역시 남구 구동,경상사고,0,0,4,0,차대차 - 측면직각충돌,안전운전불이행,건조,맑음,단일로 - 기타,화물,남,65세,상해없음,승용,남,38세,경상
2015111500100289,2015년 11월 15일 14시,일요일,광주광역시 북구 양산동,경상사고,0,0,1,0,차대차 - 정면충돌,안전거리미확보,습기,비,단일로 - 기타,원동기,남,54세,상해없음,원동기,남,35세,경상
2015111500100338,2015년 11월 15일 16시,일요일,광주광역시 광산구 신가동,경상사고,0,0,4,0,차대차 - 추돌 - 진행중,신호위반,건조,맑음,단일로 - 기타,승용,남,65세,경상,승용,여,38세,경상
2015111500100428,2015년 11월 15일 18시,일요일,광주광역시 서구 금호동,중상사고,0,2,0,0,차대사람 - 차도통행중,안전운전불이행,건조,맑음,교차로 - 교차로안,승용,여,41세,상해없음,보행자,남,58세,중상
2015111500100429,2015년 11월 15일 18시,일요일,광주광역시 서구 치평동,경상사고,0,0,1,0,차대차 - 측면직각충돌,안전운전불이행,건조,맑음,단일로 - 기타,승용,남,20세,상해없음,승용,여,56세,경상
2015111600100018,2015년 11월 16일 01시,월요일,광주광역시 서구 금호동,경상사고,0,0,1,0,차대사람 - 횡단중,보행자보호의무위반,건조,흐림,단일로 - 기타,승용,남,29세,상해없음,보행자,남,19세,경상
2015111600100199,2015년 11월 16일 10시,월요일,광주광역시 북구 중흥동,중상사고,0,1,1,0,차대차 - 기타,중앙선침범,건조,맑음,단일로 - 기타,건설기계,남,53세,상해없음,승용,여,50세,경상
2015111600100200,2015년 11월 16일 10시,월요일,광주광역시 광산구 비아동,경상사고,0,0,1,0,차대차 - 추돌 - 진행중,신호위반,건조,맑음,교차로 - 교차로부근,승용,여,47세,상해없음,원동기,남,73세,경상
2015111600100264,2015년 11월 16일 12시,월요일,광주광역시 광산구 월계동,경상사고,0,0,1,0,차대차 - 측면직각충돌,안전운전불이행,습기,비,교차로 - 교차로안,승용,남,49세,상해없음,승용,여,40세,경상
2015111600100306,2015년 11월 16일 13시,월요일,광주광역시 동구 대인동,경상사고,0,0,2,0,차대차 - 기타,안전운전불이행,습기,비,교차로 - 교차로안,승용,남,37세,경상,승용,남,35세,경상
2015111600100330,2015년 11월 16일 14시,월요일,광주광역시 동구 소태동,경상사고,0,0,2,0,차대차 - 추돌 - 진행중,안전운전불이행,건조,맑음,단일로 - 기타,승용,남,59세,상해없음,승용,여,38세,경상
2015111600100331,2015년 11월 16일 14시,월요일,광주광역시 북구 두암동,중상사고,0,2,2,0,차대차 - 측면직각충돌,기타,습기,비,교차로 - 교차로안,승용,남,74세,중상,승용,여,41세,경상
2015111600100332,2015년 11월 16일 14시,월요일,광주광역시 광산구 월계동,경상사고,0,0,1,0,차대차 - 추돌 - 진행중,안전운전불이행,습기,비,단일로 - 기타,원동기,남,44세,상해없음,승용,여,43세,경상
2015111600100333,2015년 11월 16일 14시,월요일,광주광역시 광산구 장덕동,경상사고,0,0,3,0,차대차 - 정면충돌,중앙선침범,습기,비,단일로 - 기타,승용,남,58세,경상,승용,여,41세,경상
2015111600100334,2015년 11월 16일 14시,월요일,광주광역시 광산구 신가동,경상사고,0,0,3,0,차대차 - 정면충돌,차로위반,습기,비,교차로 - 교차로부근,승용,여,52세,상해없음,화물,남,36세,경상
2015111600100429,2015년 11월 16일 16시,월요일,광주광역시 서구 화정동,경상사고,0,0,3,0,차대차 - 기타,교차로운행방법위반,습기,비,교차로 - 교차로안,승용,남,51세,상해없음,승용,여,25세,경상
2015111600100490,2015년 11월 16일 17시,월요일,광주광역시 서구 유촌동,경상사고,0,0,1,0,차대차 - 측면직각충돌,교차로운행방법위반,건조,맑음,교차로 - 교차로안,승용,남,39세,상해없음,승용,남,24세,경상
2015111600100491,2015년 11월 16일 17시,월요일,광주광역시 서구 광천동,경상사고,0,0,1,0,차대차 - 측면직각충돌,차로위반,습기,비,교차로 - 교차로안,승용,여,36세,상해없음,승용,남,31세,경상
2015111600100492,2015년 11월 16일 17시,월요일,광주광역시 북구 각화동,경상사고,0,0,1,0,차대사람 - 차도통행중,안전운전불이행,습기,비,단일로 - 기타,승용,여,41세,상해없음,보행자,여,74세,경상
2015111600100493,2015년 11월 16일 17시,월요일,광주광역시 광산구 월계동,부상신고사고,0,0,0,1,차대차 - 기타,안전운전불이행,습기,비,교차로 - 교차로안,기타불명,기타불명,기타불명,기타불명,이륜,남,21세,부상신고
2015111600100578,2015년 11월 16일 18시,월요일,광주광역시 남구 진월동,경상사고,0,0,1,0,차대사람 - 횡단중,신호위반,습기,비,단일로 - 횡단보도상,승용,남,44세,상해없음,보행자,여,66세,경상
2015111600100579,2015년 11월 16일 18시,월요일,광주광역시 북구 일곡동,경상사고,0,0,1,0,차대사람 - 차도통행중,안전운전불이행,습기,비,교차로 - 교차로부근,승용,여,55세,기타불명,보행자,남,23세,경상
2015111600100580,2015년 11월 16일 18시,월요일,광주광역시 북구 오치동,경상사고,0,0,1,0,차대차 - 측면직각충돌,불법유턴,습기,비,교차로 - 교차로부근,승용,남,55세,상해없음,승용,여,52세,경상
2015111600100646,2015년 11월 16일 19시,월요일,광주광역시 서구 농성동,경상사고,0,0,1,0,차대차 - 추돌 - 주정차중,안전운전불이행,건조,맑음,단일로 - 기타,승용,남,24세,상해없음,승용,남,43세,경상
2015111600100647,2015년 11월 16일 19시,월요일,광주광역시 서구 치평동,경상사고,0,0,3,0,차대차 - 기타,안전운전불이행,습기,비,단일로 - 기타,승용,여,38세,상해없음,승용,남,26세,경상
2015111600100648,2015년 11월 16일 19시,월요일,광주광역시 북구 두암동,경상사고,0,0,1,0,차대차 - 추돌 - 진행중,안전운전불이행,습기,비,단일로 - 기타,화물,남,54세,상해없음,승용,남,47세,경상
2015111600100649,2015년 11월 16일 19시,월요일,광주광역시 광산구 신가동,경상사고,0,0,1,0,차대차 - 측면직각충돌,안전운전불이행,습기,비,단일로 - 기타,승용,남,38세,상해없음,승용,남,43세,상해없음
2015111600100685,2015년 11월 16일 20시,월요일,광주광역시 남구 월산동,경상사고,0,0,1,0,차대차 - 추돌 - 주정차중,안전운전불이행,습기,비,단일로 - 기타,승용,남,42세,기타불명,승용,남,35세,상해없음
2015111600100686,2015년 11월 16일 20시,월요일,광주광역시 북구 연제동,경상사고,0,0,3,0,차대차 - 기타,안전운전불이행,습기,비,단일로 - 기타,승용,남,30세,상해없음,승용,남,42세,경상
2015111600100687,2015년 11월 16일 20시,월요일,광주광역시 광산구 월전동,경상사고,0,0,1,0,차대차 - 추돌 - 진행중,안전운전불이행,습기,비,단일로 - 기타,화물,남,60세,상해없음,승용,남,31세,경상
2015111600100735,2015년 11월 16일 21시,월요일,광주광역시 동구 지산동,경상사고,0,0,1,0,차대차 - 추돌 - 진행중,중앙선침범,건조,맑음,단일로 - 기타,승용,남,40세,상해없음,이륜,남,18세,경상
2015111600100736,2015년 11월 16일 21시,월요일,광주광역시 서구 내방동,중상사고,0,1,2,0,차대차 - 기타,교차로운행방법위반,습기,비,교차로 - 교차로안,이륜,남,21세,중상,승용,남,26세,경상
2015111600100737,2015년 11월 16일 21시,월요일,광주광역시 북구 두암동,경상사고,0,0,1,0,차대차 - 기타,신호위반,습기,비,교차로 - 교차로안,승용,남,26세,상해없음,승합,남,42세,경상
2015111600100771,2015년 11월 16일 22시,월요일,광주광역시 서구 풍암동,경상사고,0,0,4,0,차대차 - 추돌 - 주정차중,안전운전불이행,습기,비,교차로 - 교차로부근,승용,남,25세,상해없음,승용,여,47세,경상
2015111600100803,2015년 11월 16일 23시,월요일,광주광역시 서구 금호동,중상사고,0,1,0,0,차대사람 - 횡단중,신호위반,습기,흐림,단일로 - 기타,승용,남,44세,상해없음,보행자,남,34세,중상
2015111600100804,2015년 11월 16일 23시,월요일,광주광역시 북구 두암동,경상사고,0,0,5,0,차대차 - 추돌 - 주정차중,안전운전불이행,습기,비,교차로 - 교차로부근,승용,남,34세,상해없음,승용,남,47세,경상
2015111700100019,2015년 11월 17일 00시,화요일,광주광역시 북구 삼각동,경상사고,0,0,3,0,차대차 - 정면충돌,안전운전불이행,습기,비,교차로 - 교차로안,승용,남,38세,상해없음,승용,여,37세,경상
2015111700100020,2015년 11월 17일 00시,화요일,광주광역시 북구 매곡동,경상사고,0,0,1,0,차대사람 - 횡단중,안전운전불이행,습기,비,단일로 - 기타,승용,남,52세,상해없음,보행자,남,25세,경상
2015111700100039,2015년 11월 17일 02시,화요일,광주광역시 서구 농성동,경상사고,0,0,2,0,차대사람 - 기타,안전운전불이행,건조,맑음,단일로 - 기타,승용,여,54세,상해없음,보행자,남,31세,경상
2015111700100053,2015년 11월 17일 04시,화요일,광주광역시 동구 선교동,경상사고,0,0,2,0,차대차 - 추돌 - 주정차중,안전운전불이행,건조,흐림,단일로 - 기타,승용,남,20세,경상,화물,남,52세,경상
2015111700100067,2015년 11월 17일 05시,화요일,광주광역시 광산구 오선동,경상사고,0,0,2,0,차대차 - 측면직각충돌,교차로운행방법위반,건조,맑음,교차로 - 교차로안,승용,남,24세,경상,승용,남,50세,경상
2015111700100173,2015년 11월 17일 09시,화요일,광주광역시 북구 두암동,경상사고,0,0,1,0,차대사람 - 차도통행중,안전운전불이행,건조,맑음,단일로 - 기타,승용,여,54세,상해없음,보행자,여,58세,경상
2015111700100203,2015년 11월 17일 10시,화요일,광주광역시 광산구 비아동,경상사고,0,0,3,0,차대차 - 추돌 - 진행중,안전운전불이행,건조,맑음,단일로 - 기타,화물,남,34세,상해없음,화물,남,48세,경상
2015111700100295,2015년 11월 17일 13시,화요일,광주광역시 남구 송하동,경상사고,0,0,1,0,차대차 - 추돌 - 진행중,안전거리미확보,건조,맑음,단일로 - 기타,건설기계,남,51세,기타불명,승용,여,54세,경상
2015111700100296,2015년 11월 17일 13시,화요일,광주광역시 광산구 도산동,경상사고,0,0,3,0,차대차 - 측면직각충돌,교차로운행방법위반,건조,맑음,교차로 - 교차로안,승용,남,35세,경상,승용,여,36세,경상
2015111700100325,2015년 11월 17일 14시,화요일,광주광역시 남구 행암동,경상사고,0,0,1,0,차대차 - 기타,안전운전불이행,건조,맑음,교차로 - 교차로안,승용,여,62세,기타불명,자전거,남,66세,경상
2015111700100352,2015년 11월 17일 15시,화요일,광주광역시 서구 광천동,경상사고,0,0,1,0,차대차 - 측면직각충돌,교차로운행방법위반,건조,맑음,교차로 - 교차로안,승용,남,32세,상해없음,승용,여,62세,경상
2015111700100353,2015년 11월 17일 15시,화요일,광주광역시 북구 중흥동,중상사고,0,1,0,0,차대차 - 측면직각충돌,신호위반,건조,맑음,교차로 - 교차로안,승합,남,39세,상해없음,이륜,남,41세,중상
2015111700100440,2015년 11월 17일 17시,화요일,광주광역시 동구 금남로1가,경상사고,0,0,2,0,차대차 - 측면직각충돌,신호위반,건조,맑음,교차로 - 교차로안,승용,남,53세,상해없음,승용,남,54세,경상
2015111700100441,2015년 11월 17일 17시,화요일,광주광역시 남구 백운동,경상사고,0,0,9,0,차대차 - 추돌 - 진행중,안전운전불이행,건조,맑음,단일로 - 기타,승용,여,54세,경상,승합,남,21세,경상
2015111700100442,2015년 11월 17일 17시,화요일,광주광역시 남구 봉선동,부상신고사고,0,0,0,1,차대차 - 측면직각충돌,교차로운행방법위반,습기,흐림,단일로 - 기타,자전거,남,11세,부상신고,승용,여,40세,상해없음
2015111700100443,2015년 11월 17일 17시,화요일,광주광역시 남구 주월동,중상사고,0,2,0,0,차대사람 - 횡단중,중앙선침범,습기,흐림,교차로 - 교차로부근,승용,남,42세,상해없음,보행자,남,67세,중상
2015111700100444,2015년 11월 17일 17시,화요일,광주광역시 광산구 신가동,경상사고,0,0,1,0,차대차 - 측면직각충돌,안전운전불이행,건조,맑음,교차로 - 교차로안,승용,남,38세,상해없음,승용,남,56세,경상
2015111700100500,2015년 11월 17일 18시,화요일,광주광역시 북구 연제동,경상사고,0,0,1,0,차대사람 - 횡단중,안전운전불이행,건조,맑음,교차로 - 교차로부근,승용,여,37세,상해없음,보행자,남,71세,경상
2015111700100501,2015년 11월 17일 18시,화요일,광주광역시 북구 우산동,경상사고,0,0,1,0,차대사람 - 횡단중,보행자보호의무위반,건조,맑음,단일로 - 횡단보도상,승합,남,53세,상해없음,보행자,여,14세,경상
2015111700100502,2015년 11월 17일 18시,화요일,광주광역시 광산구 수완동,경상사고,0,0,3,0,차대차 - 추돌 - 진행중,안전운전불이행,습기,비,교차로 - 교차로부근,승용,여,37세,상해없음,승용,남,53세,경상
2015111700100544,2015년 11월 17일 19시,화요일,광주광역시 북구 신용동,경상사고,0,0,3,0,차대차 - 추돌 - 진행중,안전운전불이행,건조,맑음,단일로 - 기타,승용,남,37세,상해없음,승용,여,40세,경상
2015111700100583,2015년 11월 17일 20시,화요일,광주광역시 남구 방림동,경상사고,0,0,2,0,차대차 - 추돌 - 진행중,안전거리미확보,건조,맑음,단일로 - 기타,승용,남,54세,상해없음,승용,남,36세,경상
2015111700100678,2015년 11월 17일 23시,화요일,광주광역시 광산구 흑석동,경상사고,0,0,3,0,차대차 - 추돌 - 주정차중,안전운전불이행,건조,흐림,단일로 - 기타,승용,여,33세,상해없음,승용,남,45세,경상
2015111800100029,2015년 11월 18일 01시,수요일,광주광역시 동구 대인동,경상사고,0,0,1,0,차대차 - 추돌 - 진행중,안전거리미확보,건조,흐림,교차로 - 교차로부근,승용,남,61세,상해없음,승용,남,54세,경상
2015111800100047,2015년 11월 18일 03시,수요일,광주광역시 남구 백운동,경상사고,0,0,2,0,차대차 - 추돌 - 주정차중,안전운전불이행,습기,비,단일로 - 기타,승용,남,47세,상해없음,화물,남,61세,경상
2015111800100068,2015년 11월 18일 05시,수요일,광주광역시 서구 매월동,중상사고,0,1,0,0,차대차 - 측면직각충돌,중앙선침범,습기,비,교차로 - 교차로안,자전거,남,77세,중상,화물,남,58세,상해없음
2015111800100096,2015년 11월 18일 06시,수요일,광주광역시 북구 용봉동,중상사고,0,1,0,0,차대사람 - 횡단중,안전운전불이행,습기,비,단일로 - 기타,화물,남,63세,상해없음,보행자,남,78세,중상
2015111800100156,2015년 11월 18일 08시,수요일,광주광역시 남구 백운동,경상사고,0,0,2,0,차대차 - 측면직각충돌,안전운전불이행,건조,맑음,교차로 - 교차로안,승용,남,54세,상해없음,승용,남,53세,경상
2015111800100157,2015년 11월 18일 08시,수요일,광주광역시 북구 동림동,경상사고,0,0,1,0,차대차 - 기타,안전거리미확보,습기,비,단일로 - 기타,화물,남,30세,상해없음,승용,여,42세,경상
2015111800100237,2015년 11월 18일 11시,수요일,광주광역시 동구 계림동,경상사고,0,0,1,0,차대차 - 측면직각충돌,안전운전불이행,건조,맑음,기타 - 기타,승용,남,40세,기타불명,자전거,남,75세,경상
2015111800100270,2015년 11월 18일 12시,수요일,광주광역시 북구 일곡동,경상사고,0,0,1,0,차대차 - 추돌 - 진행중,안전거리미확보,습기,비,단일로 - 기타,승용,남,51세,상해없음,승용,여,36세,경상
2015111800100271,2015년 11월 18일 12시,수요일,광주광역시 광산구 하남동,경상사고,0,0,1,0,차대차 - 추돌 - 진행중,안전거리미확보,건조,맑음,교차로 - 교차로안,승용,남,43세,상해없음,승용,남,25세,경상
2015111800100272,2015년 11월 18일 12시,수요일,광주광역시 광산구 신창동,중상사고,0,1,0,0,차대차 - 추돌 - 진행중,안전운전불이행,습기,비,교차로 - 교차로안,승용,남,42세,기타불명,승용,여,35세,중상
2015111800100297,2015년 11월 18일 13시,수요일,광주광역시 동구 동명동,중상사고,0,1,0,0,차대사람 - 기타,안전운전불이행,건조,맑음,기타 - 기타,화물,남,25세,상해없음,보행자,여,70세,중상
2015111800100298,2015년 11월 18일 13시,수요일,광주광역시 북구 망월동,경상사고,0,0,1,0,차대차 - 측면직각충돌,차로위반,습기,비,단일로 - 기타,승합,남,47세,상해없음,승용,남,54세,경상
2015111800100331,2015년 11월 18일 14시,수요일,광주광역시 서구 내방동,경상사고,0,0,3,0,차대차 - 측면직각충돌,안전거리미확보,건조,맑음,단일로 - 기타,승용,남,56세,상해없음,승용,남,44세,경상
2015111800100332,2015년 11월 18일 14시,수요일,광주광역시 광산구 월계동,경상사고,0,0,2,0,차대차 - 추돌 - 주정차중,안전운전불이행,건조,맑음,단일로 - 기타,승용,남,28세,상해없음,승용,여,33세,경상
2015111800100361,2015년 11월 18일 15시,수요일,광주광역시 서구 유촌동,경상사고,0,0,1,0,차대차 - 측면직각충돌,차로위반,습기,비,단일로 - 기타,승용,남,57세,상해없음,승용,여,49세,경상
2015111800100404,2015년 11월 18일 16시,수요일,광주광역시 서구 쌍촌동,경상사고,0,0,2,0,차대차 - 정면충돌,안전운전불이행,습기,비,단일로 - 기타,승용,여,41세,경상,승용,남,29세,경상
2015111800100405,2015년 11월 18일 16시,수요일,광주광역시 북구 양산동,경상사고,0,0,1,0,차대차 - 기타,교차로운행방법위반,건조,맑음,교차로 - 교차로안,화물,남,53세,상해없음,승합,남,32세,상해없음
2015111800100467,2015년 11월 18일 17시,수요일,광주광역시 동구 장동,경상사고,0,0,4,0,차대차 - 정면충돌,안전운전불이행,건조,맑음,교차로 - 교차로안,승용,남,32세,상해없음,승용,남,22세,경상
2015111800100468,2015년 11월 18일 17시,수요일,광주광역시 북구 오치동,중상사고,0,1,0,0,차대사람 - 횡단중,보행자보호의무위반,습기,비,단일로 - 횡단보도상,승용,남,55세,상해없음,보행자,여,74세,중상
2015111800100469,2015년 11월 18일 17시,수요일,광주광역시 광산구 송정동,중상사고,0,1,0,0,차대차 - 기타,직진우회전진행방해,습기,비,교차로 - 교차로안,자전거,남,13세,중상,화물,남,55세,상해없음
2015111800100538,2015년 11월 18일 18시,수요일,광주광역시 동구 학동,경상사고,0,0,1,0,차대차 - 추돌 - 진행중,교차로운행방법위반,습기,비,교차로 - 교차로안,승용,여,24세,경상,승용,남,56세,상해없음
2015111800100539,2015년 11월 18일 18시,수요일,광주광역시 서구 농성동,중상사고,0,1,0,0,차대차 - 측면직각충돌,안전운전불이행,습기,비,단일로 - 기타,이륜,남,16세,중상,승용,여,55세,상해없음
2015111800100540,2015년 11월 18일 18시,수요일,광주광역시 북구 임동,경상사고,0,0,1,0,차대사람 - 기타,안전운전불이행,건조,맑음,교차로 - 교차로안,승용,남,44세,상해없음,보행자,남,73세,경상
2015111800100541,2015년 11월 18일 18시,수요일,광주광역시 광산구 장덕동,경상사고,0,0,1,0,차대차 - 추돌 - 주정차중,안전운전불이행,습기,비,교차로 - 교차로부근,승용,남,47세,상해없음,승용,남,36세,경상
2015111800100604,2015년 11월 18일 19시,수요일,광주광역시 광산구 월곡동,경상사고,0,0,2,0,차대차 - 측면직각충돌,교차로운행방법위반,건조,맑음,교차로 - 교차로안,승합,남,55세,상해없음,승용,남,31세,경상