사고번호,사고일시,요일,시군구,사고내용,사망자수,중상자수,경상자수,부상신고자수,사고유형,법규위반,노면상태,기상상태,도로형태,가해운전자 차종,가해운전자 성별,가해운전자 연령,가해운전자 상해정도,피해운전자 차종,피해운전자 성별,피해운전자 연령,피해운전자 상해정도
2015111800100645,2015년 11월 18일 20시,수요일,광주광역시 북구 신용동,경상사고,0,0,1,0,차대차 - 추돌 - 주정차중,안전운전불이행,습기,비,교차로 - 교차로부근,승용,남,50세,상해없음,승용,여,26세,경상
2015111800100646,2015년 11월 18일 20시,수요일,광주광역시 북구 매곡동,경상사고,0,0,1,0,차대사람 - 길가장자리구역통행중,안전운전불이행,습기,비,단일로 - 기타,승용,여,31세,상해없음,보행자,남,44세,경상
2015111800100647,2015년 11월 18일 20시,수요일,광주광역시 북구 문흥동,중상사고,0,1,0,0,차대차 - 정면충돌,교차로운행방법위반,건조,맑음,교차로 - 교차로안,승용,남,32세,상해없음,자전거,남,57세,중상
2015111800100648,2015년 11월 18일 20시,수요일,광주광역시 광산구 산월동,사망사고,1,0,0,0,차대사람 - 횡단중,과속,습기,비,단일로 - 기타,승용,남,50세,상해없음,보행자,남,80세,사망
2015111800100696,2015년 11월 18일 21시,수요일,광주광역시 동구 금남로5가,경상사고,0,0,1,0,차대사람 - 기타,안전운전불이행,습기,흐림,단일로 - 횡단보도상,승용,남,41세,상해없음,보행자,남,39세,경상
2015111800100697,2015년 11월 18일 21시,수요일,광주광역시 서구 쌍촌동,경상사고,0,0,1,0,차대차 - 추돌 - 주정차중,안전운전불이행,습기,비,교차로 - 교차로부근,승용,남,51세,상해없음,승용,여,46세,경상
2015111800100698,2015년 11월 18일 21시,수요일,광주광역시 서구 치평동,경상사고,0,0,1,0,차대차 - 추돌 - 진행중,안전운전불이행,건조,맑음,교차로 - 교차로부근,승용,남,40세,상해없음,승용,남,34세,경상
2015111800100699,2015년 11월 18일 21시,수요일,광주광역시 북구 양산동,경상사고,0,0,2,0,차대차 - 기타,차로위반,건조,맑음,교차로 - 교차로부근,승용,남,37세,상해없음,승용,남,54세,경상
2015111800100700,2015년 11월 18일 21시,수요일,광주광역시 북구 두암동,경상사고,0,0,1,0,차대차 - 측면직각충돌,안전운전불이행,습기,비,교차로 - 교차로안,승용,남,33세,상해없음,원동기,남,17세,경상
2015111800100730,2015년 11월 18일 22시,수요일,광주광역시 남구 사동,중상사고,0,2,0,0,차대사람 - 횡단중,안전운전불이행,습기,비,교차로 - 교차로안,승용,남,23세,상해없음,보행자,남,62세,중상
2015111800100731,2015년 11월 18일 22시,수요일,광주광역시 광산구 소촌동,경상사고,0,0,2,0,차대차 - 추돌 - 진행중,안전운전불이행,습기,비,교차로 - 교차로부근,승용,남,48세,기타불명,승용,남,59세,상해없음
2015111800100763,2015년 11월 18일 23시,수요일,광주광역시 서구 쌍촌동,경상사고,0,0,1,0,차대차 - 추돌 - 주정차중,안전운전불이행,습기,비,단일로 - 기타,승용,남,28세,상해없음,승용,남,48세,상해없음
2015111800100764,2015년 11월 18일 23시,수요일,광주광역시 남구 주월동,중상사고,0,1,0,0,차대사람 - 횡단중,신호위반,습기,비,단일로 - 횡단보도상,승용,남,25세,상해없음,보행자,남,65세,중상
2015111800100765,2015년 11월 18일 23시,수요일,광주광역시 북구 문흥동,경상사고,0,0,1,0,차량단독 - 공작물충돌,안전운전불이행,습기,비,미분류 - 미분류,원동기,남,19세,경상,,,,
2015111800100766,2015년 11월 18일 23시,수요일,광주광역시 광산구 송정동,경상사고,0,0,1,0,차대차 - 측면직각충돌,신호위반,습기,비,교차로 - 교차로안,승용,남,49세,상해없음,승용,여,44세,경상
2015111900100017,2015년 11월 19일 00시,목요일,광주광역시 서구 금호동,경상사고,0,0,4,0,차대차 - 추돌 - 주정차중,안전운전불이행,습기,비,단일로 - 기타,승용,남,66세,상해없음,승용,남,58세,경상
2015111900100018,2015년 11월 19일 00시,목요일,광주광역시 서구 쌍촌동,중상사고,0,1,0,0,차대사람 - 횡단중,신호위반,습기,비,단일로 - 횡단보도상,승용,남,59세,상해없음,보행자,여,21세,중상
2015111900100034,2015년 11월 19일 01시,목요일,광주광역시 서구 치평동,경상사고,0,0,1,0,차대차 - 기타,안전운전불이행,습기,흐림,단일로 - 기타,승용,남,42세,상해없음,승용,남,30세,경상
2015111900100035,2015년 11월 19일 01시,목요일,광주광역시 북구 운암동,경상사고,0,0,3,0,차대차 - 정면충돌,신호위반,습기,흐림,교차로 - 교차로안,승용,남,26세,경상,승합,남,67세,경상
2015111900100059,2015년 11월 19일 04시,목요일,광주광역시 서구 치평동,경상사고,0,0,1,0,차대차 - 추돌 - 주정차중,안전운전불이행,습기,비,단일로 - 기타,승용,남,38세,상해없음,승용,남,58세,경상
2015111900100068,2015년 11월 19일 05시,목요일,광주광역시 서구 화정동,경상사고,0,0,2,0,차대차 - 추돌 - 주정차중,안전운전불이행,건조,맑음,교차로 - 교차로부근,승용,여,33세,경상,승용,남,36세,경상
2015111900100093,2015년 11월 19일 06시,목요일,광주광역시 서구 치평동,경상사고,0,0,1,0,차대차 - 측면직각충돌,안전거리미확보,건조,맑음,교차로 - 교차로안,승용,남,50세,상해없음,승용,남,22세,상해없음
2015111900100120,2015년 11월 19일 07시,목요일,광주광역시 서구 동천동,경상사고,0,0,1,0,차대차 - 측면직각충돌,교차로운행방법위반,습기,흐림,교차로 - 교차로안,승용,남,58세,상해없음,화물,남,46세,경상
2015111900100121,2015년 11월 19일 07시,목요일,광주광역시 남구 주월동,경상사고,0,0,4,0,차대차 - 정면충돌,안전운전불이행,건조,맑음,교차로 - 교차로부근,승용,남,46세,상해없음,승용,여,39세,경상
2015111900100294,2015년 11월 19일 13시,목요일,광주광역시 서구 치평동,중상사고,0,1,5,0,차대차 - 기타,중앙선침범,습기,비,교차로 - 교차로부근,승용,남,44세,중상,승용,남,39세,경상
2015111900100295,2015년 11월 19일 13시,목요일,광주광역시 서구 쌍촌동,경상사고,0,0,3,0,차대차 - 추돌 - 주정차중,안전운전불이행,건조,맑음,교차로 - 교차로부근,승용,기타불명,기타불명,기타불명,승용,남,45세,경상
2015111900100296,2015년 11월 19일 13시,목요일,광주광역시 남구 주월동,경상사고,0,0,1,0,차대차 - 기타,교차로운행방법위반,건조,맑음,교차로 - 교차로부근,승용,남,56세,상해없음,승용,남,41세,상해없음
2015111900100297,2015년 11월 19일 13시,목요일,광주광역시 북구 양산동,경상사고,0,0,2,0,차대차 - 기타,안전운전불이행,습기,비,단일로 - 기타,승용,여,48세,경상,승용,여,41세,경상
2015111900100329,2015년 11월 19일 14시,목요일,광주광역시 동구 지산동,경상사고,0,0,2,0,차대차 - 측면직각충돌,안전운전불이행,습기,비,단일로 - 기타,승용,여,64세,상해없음,승용,여,41세,경상
2015111900100330,2015년 11월 19일 14시,목요일,광주광역시 남구 주월동,경상사고,0,0,2,0,차대차 - 기타,교차로운행방법위반,습기,비,교차로 - 교차로안,승용,남,54세,경상,승용,여,50세,경상
2015111900100331,2015년 11월 19일 14시,목요일,광주광역시 북구 중흥동,중상사고,0,1,0,0,차대사람 - 횡단중,보행자보호의무위반,건조,맑음,단일로 - 기타,승용,여,51세,상해없음,보행자,여,75세,중상
2015111900100332,2015년 11월 19일 14시,목요일,광주광역시 광산구 월계동,경상사고,0,0,1,0,차대차 - 정면충돌,신호위반,습기,비,교차로 - 교차로안,승용,남,20세,상해없음,승용,여,21세,경상
2015111900100397,2015년 11월 19일 16시,목요일,광주광역시 남구 백운동,경상사고,0,0,1,0,차대차 - 측면직각충돌,안전운전불이행,습기,비,교차로 - 교차로안,승용,남,25세,상해없음,승용,여,47세,경상
2015111900100398,2015년 11월 19일 16시,목요일,광주광역시 북구 용봉동,경상사고,0,0,2,0,차대차 - 추돌 - 진행중,안전운전불이행,건조,맑음,교차로 - 교차로안,승용,남,44세,경상,화물,남,47세,경상
2015111900100454,2015년 11월 19일 17시,목요일,광주광역시 동구 계림동,경상사고,0,0,1,0,차대사람 - 보도통행중,안전운전불이행,습기,흐림,단일로 - 기타,이륜,남,60세,기타불명,보행자,여,58세,경상
2015111900100455,2015년 11월 19일 17시,목요일,광주광역시 북구 매곡동,경상사고,0,0,2,0,차대사람 - 횡단중,보행자보호의무위반,건조,맑음,교차로 - 교차로부근,승용,여,54세,상해없음,보행자,여,45세,경상
2015111900100456,2015년 11월 19일 17시,목요일,광주광역시 광산구 신가동,경상사고,0,0,1,0,차대사람 - 횡단중,신호위반,습기,흐림,교차로 - 교차로부근,승용,남,22세,상해없음,보행자,남,10세,경상
2015111900100532,2015년 11월 19일 18시,목요일,광주광역시 서구 치평동,경상사고,0,0,1,0,차대차 - 추돌 - 주정차중,안전거리미확보,건조,맑음,교차로 - 교차로안,승용,남,58세,상해없음,승용,여,48세,경상
2015111900100533,2015년 11월 19일 18시,목요일,광주광역시 남구 월산동,경상사고,0,0,1,0,차대차 - 측면직각충돌,차로위반,습기,비,교차로 - 교차로부근,화물,남,54세,상해없음,승용,남,52세,경상
2015111900100571,2015년 11월 19일 19시,목요일,광주광역시 서구 쌍촌동,중상사고,0,1,0,0,차대차 - 추돌 - 진행중,안전거리미확보,습기,비,단일로 - 기타,이륜,남,34세,중상,승용,남,21세,상해없음
2015111900100572,2015년 11월 19일 19시,목요일,광주광역시 남구 주월동,경상사고,0,0,1,0,차대차 - 정면충돌,직진우회전진행방해,건조,맑음,교차로 - 교차로안,승용,남,43세,상해없음,이륜,남,45세,경상
2015111900100573,2015년 11월 19일 19시,목요일,광주광역시 남구 진월동,경상사고,0,0,1,0,차대차 - 추돌 - 진행중,안전거리미확보,습기,비,기타 - 기타,승용,여,27세,상해없음,승용,여,38세,경상
2015111900100574,2015년 11월 19일 19시,목요일,광주광역시 북구 오치동,중상사고,0,1,0,0,차대차 - 정면충돌,차로위반,습기,비,단일로 - 기타,승용,여,44세,상해없음,이륜,남,59세,중상
2015111900100575,2015년 11월 19일 19시,목요일,광주광역시 광산구 신가동,경상사고,0,0,2,0,차대차 - 추돌 - 주정차중,안전거리미확보,건조,흐림,교차로 - 교차로부근,승용,기타불명,기타불명,기타불명,승용,남,41세,경상
2015111900100615,2015년 11월 19일 20시,목요일,광주광역시 북구 신용동,경상사고,0,0,1,0,차대사람 - 횡단중,안전운전불이행,건조,흐림,교차로 - 교차로안,승용,남,53세,상해없음,보행자,여,21세,경상
2015111900100658,2015년 11월 19일 21시,목요일,광주광역시 서구 쌍촌동,경상사고,0,0,1,0,차대차 - 측면직각충돌,안전운전불이행,건조,맑음,단일로 - 기타,기타불명,기타불명,기타불명,기타불명,승용,남,37세,경상
2015111900100659,2015년 11월 19일 21시,목요일,광주광역시 서구 쌍촌동,경상사고,0,0,3,0,차대차 - 측면직각충돌,안전거리미확보,건조,맑음,단일로 - 기타,승용,남,25세,경상,승용,남,39세,경상
2015111900100680,2015년 11월 19일 22시,목요일,광주광역시 남구 봉선동,경상사고,0,0,1,0,차대차 - 정면충돌,안전운전불이행,건조,흐림,단일로 - 기타,승용,여,60세,상해없음,승용,남,57세,경상
2015111900100681,2015년 11월 19일 22시,목요일,광주광역시 광산구 우산동,경상사고,0,0,3,0,차대차 - 추돌 - 주정차중,안전거리미확보,건조,흐림,단일로 - 기타,승용,남,48세,상해없음,승용,여,50세,경상
2015111900100713,2015년 11월 19일 23시,목요일,광주광역시 북구 중흥동,경상사고,0,0,3,0,차대차 - 정면충돌,교차로운행방법위반,습기,흐림,교차로 - 교차로안,승용,남,58세,상해없음,승용,남,33세,경상
2015112000100024,2015년 11월 20일 00시,금요일,광주광역시 광산구 하산동,경상사고,0,0,2,0,차대차 - 추돌 - 주정차중,안전운전불이행,건조,흐림,단일로 - 기타,승용,남,55세,상해없음,승용,남,34세,경상
2015112000100038,2015년 11월 20일 01시,금요일,광주광역시 서구 유촌동,경상사고,0,0,2,0,차대차 - 추돌 - 주정차중,안전운전불이행,건조,맑음,교차로 - 교차로부근,승용,남,33세,상해없음,승용,남,68세,경상
2015112000100092,2015년 11월 20일 06시,금요일,광주광역시 서구 내방동,경상사고,0,0,2,0,차대차 - 측면직각충돌,안전거리미확보,건조,흐림,교차로 - 교차로안,승용,남,79세,경상,승용,남,47세,경상
2015112000100128,2015년 11월 20일 07시,금요일,광주광역시 남구 주월동,경상사고,0,0,1,0,차대차 - 측면직각충돌,교차로운행방법위반,건조,맑음,교차로 - 교차로안,승용,남,59세,상해없음,승용,여,25세,경상
2015112000100129,2015년 11월 20일 07시,금요일,광주광역시 북구 두암동,경상사고,0,0,2,0,차대차 - 기타,직진우회전진행방해,건조,맑음,교차로 - 교차로안,승용,남,29세,상해없음,승용,남,66세,경상
2015112000100162,2015년 11월 20일 08시,금요일,광주광역시 서구 광천동,중상사고,0,1,0,0,차대사람 - 횡단중,안전운전불이행,건조,맑음,교차로 - 교차로부근,승합,남,66세,상해없음,보행자,남,28세,중상
2015112000100189,2015년 11월 20일 09시,금요일,광주광역시 북구 대촌동,경상사고,0,0,1,0,차대차 - 기타,교차로운행방법위반,건조,맑음,교차로 - 교차로안,화물,남,42세,상해없음,승용,남,68세,경상
2015112000100248,2015년 11월 20일 11시,금요일,광주광역시 북구 용봉동,중상사고,0,1,0,0,차대사람 - 차도통행중,안전운전불이행,건조,맑음,단일로 - 기타,승용,남,61세,상해없음,보행자,여,83세,중상
2015112000100249,2015년 11월 20일 11시,금요일,광주광역시 광산구 수완동,부상신고사고,0,0,0,1,차대차 - 추돌 - 주정차중,안전운전불이행,건조,맑음,단일로 - 기타,승용,남,50세,상해없음,승용,남,37세,기타불명
2015112000100281,2015년 11월 20일 12시,금요일,광주광역시 광산구 임곡동,중상사고,0,4,0,0,차대차 - 정면충돌,중앙선침범,건조,맑음,단일로 - 기타,승용,여,46세,중상,승용,남,59세,중상
2015112000100315,2015년 11월 20일 13시,금요일,광주광역시 북구 운암동,경상사고,0,0,1,0,차대차 - 추돌 - 주정차중,안전운전불이행,건조,맑음,단일로 - 기타,승용,남,56세,상해없음,화물,여,55세,경상
2015112000100316,2015년 11월 20일 13시,금요일,광주광역시 북구 운암동,경상사고,0,0,1,0,차대차 - 추돌 - 주정차중,안전운전불이행,건조,맑음,기타 - 기타,승용,남,86세,상해없음,승용,여,43세,경상
2015112000100417,2015년 11월 20일 16시,금요일,광주광역시 서구 풍암동,경상사고,0,0,1,0,차대차 - 측면직각충돌,안전운전불이행,건조,맑음,단일로 - 기타,승용,여,36세,기타불명,승용,남,44세,경상
2015112000100473,2015년 11월 20일 17시,금요일,광주광역시 남구 봉선동,중상사고,0,1,0,0,차대사람 - 횡단중,보행자보호의무위반,건조,맑음,단일로 - 기타,승용,여,39세,상해없음,보행자,남,10세,중상
2015112000100474,2015년 11월 20일 17시,금요일,광주광역시 북구 장등동,경상사고,0,0,1,0,차대차 - 추돌 - 진행중,안전거리미확보,건조,맑음,단일로 - 기타,승용,남,44세,상해없음,승합,남,45세,경상
2015112000100475,2015년 11월 20일 17시,금요일,광주광역시 북구 신용동,경상사고,0,0,1,0,차대차 - 기타,차로위반,건조,맑음,단일로 - 기타,승용,여,66세,기타불명,이륜,남,17세,경상
2015112000100548,2015년 11월 20일 18시,금요일,광주광역시 서구 농성동,경상사고,0,0,1,1,차대차 - 정면충돌,안전운전불이행,건조,맑음,교차로 - 교차로안,승용,남,60세,부상신고,승용,여,32세,경상
2015112000100549,2015년 11월 20일 18시,금요일,광주광역시 서구 풍암동,경상사고,0,0,1,0,차대차 - 측면직각충돌,교차로운행방법위반,건조,맑음,교차로 - 교차로안,승용,남,55세,상해없음,승용,남,58세,경상
2015112000100550,2015년 11월 20일 18시,금요일,광주광역시 북구 동림동,경상사고,0,0,2,0,차대차 - 추돌 - 진행중,안전거리미확보,건조,맑음,단일로 - 교량,승용,남,23세,기타불명,승용,남,34세,경상
2015112000100604,2015년 11월 20일 19시,금요일,광주광역시 서구 쌍촌동,중상사고,0,1,0,0,차대사람 - 횡단중,안전운전불이행,건조,맑음,교차로 - 교차로부근,화물,남,61세,상해없음,보행자,여,48세,중상
2015112000100605,2015년 11월 20일 19시,금요일,광주광역시 남구 노대동,경상사고,0,0,2,0,차대차 - 정면충돌,안전거리미확보,건조,맑음,단일로 - 기타,승용,남,54세,기타불명,승용,남,31세,경상
2015112000100606,2015년 11월 20일 19시,금요일,광주광역시 북구 연제동,중상사고,0,1,1,0,차대차 - 추돌 - 진행중,안전운전불이행,건조,맑음,단일로 - 기타,승용,남,39세,상해없음,승용,여,32세,중상
2015112000100640,2015년 11월 20일 20시,금요일,광주광역시 서구 광천동,경상사고,0,0,1,0,차대차 - 추돌 - 진행중,안전운전불이행,건조,맑음,단일로 - 기타,승용,남,49세,상해없음,승용,남,42세,경상
2015112000100681,2015년 11월 20일 21시,금요일,광주광역시 북구 오치동,경상사고,0,0,1,0,차량단독 - 기타,안전운전불이행,건조,맑음,단일로 - 기타,자전거,남,13세,경상,,,,
2015112000100701,2015년 11월 20일 22시,금요일,광주광역시 남구 주월동,경상사고,0,0,1,0,차대차 - 정면충돌,안전운전불이행,건조,맑음,단일로 - 기타,승용,남,57세,상해없음,승용,남,40세,경상
2015112000100737,2015년 11월 20일 23시,금요일,광주광역시 서구 치평동,경상사고,0,0,1,0,차대사람 - 횡단중,안전운전불이행,건조,맑음,단일로 - 기타,승용,남,35세,상해없음,보행자,남,36세,경상
2015112000100738,2015년 11월 20일 23시,금요일,광주광역시 북구 월출동,경상사고,0,0,1,0,차대차 - 측면직각충돌,신호위반,건조,맑음,교차로 - 교차로안,승용,남,54세,상해없음,승용,여,51세,경상
2015112100100046,2015년 11월 21일 01시,토요일,광주광역시 서구 내방동,경상사고,0,0,3,0,차대차 - 추돌 - 주정차중,안전거리미확보,건조,맑음,단일로 - 기타,승용,남,31세,상해없음,승용,여,18세,경상
2015112100100047,2015년 11월 21일 01시,토요일,광주광역시 남구 백운동,중상사고,0,1,0,0,차대차 - 측면직각충돌,중앙선침범,건조,맑음,미분류 - 미분류,이륜,남,28세,중상,화물,남,57세,상해없음
2015112100100085,2015년 11월 21일 03시,토요일,광주광역시 동구 불로동,중상사고,0,1,0,0,차대사람 - 기타,안전운전불이행,건조,맑음,단일로 - 기타,승용,여,18세,상해없음,보행자,남,22세,중상
2015112100100097,2015년 11월 21일 04시,토요일,광주광역시 남구 구동,중상사고,0,1,0,0,차대사람 - 횡단중,안전운전불이행,건조,맑음,단일로 - 기타,기타불명,기타불명,기타불명,기타불명,보행자,남,56세,중상
2015112100100141,2015년 11월 21일 06시,토요일,광주광역시 북구 연제동,중상사고,0,1,0,0,차대차 - 측면직각충돌,중앙선침범,건조,맑음,단일로 - 기타,화물,남,63세,상해없음,승용,여,24세,중상
2015112100100212,2015년 11월 21일 09시,토요일,광주광역시 북구 용봉동,경상사고,0,0,3,0,차대차 - 기타,안전운전불이행,건조,맑음,교차로 - 교차로안,승용,남,39세,상해없음,승용,남,35세,경상
2015112100100273,2015년 11월 21일 11시,토요일,광주광역시 광산구 소촌동,경상사고,0,0,2,0,차대차 - 정면충돌,중앙선침범,건조,맑음,교차로 - 교차로부근,승용,남,75세,상해없음,화물,남,50세,경상
2015112100100419,2015년 11월 21일 15시,토요일,광주광역시 남구 월산동,중상사고,0,1,0,0,차대사람 - 횡단중,안전운전불이행,건조,맑음,단일로 - 기타,승용,여,63세,기타불명,보행자,남,66세,중상
2015112100100516,2015년 11월 21일 17시,토요일,광주광역시 광산구 도천동,경상사고,0,0,1,0,차대차 - 정면충돌,교차로운행방법위반,건조,맑음,교차로 - 교차로안,화물,남,49세,상해없음,자전거,남,12세,경상
2015112100100571,2015년 11월 21일 18시,토요일,광주광역시 동구 금남로3가,경상사고,0,0,1,0,차대사람 - 기타,안전운전불이행,건조,맑음,단일로 - 기타,승합,남,49세,상해없음,보행자,여,49세,경상
2015112100100572,2015년 11월 21일 18시,토요일,광주광역시 광산구 신가동,중상사고,0,1,0,0,차대차 - 측면직각충돌,안전운전불이행,건조,맑음,단일로 - 기타,원동기,남,53세,중상,승용,여,35세,상해없음
2015112100100673,2015년 11월 21일 21시,토요일,광주광역시 광산구 오선동,중상사고,0,1,1,0,차대차 - 측면직각충돌,안전거리미확보,건조,맑음,교차로 - 교차로부근,승용,남,61세,상해없음,승합,남,53세,경상
2015112100100701,2015년 11월 21일 22시,토요일,광주광역시 동구 산수동,중상사고,0,1,0,0,차대차 - 기타,안전거리미확보,건조,맑음,단일로 - 기타,승용,남,19세,상해없음,이륜,남,23세,중상
2015112200100073,2015년 11월 22일 03시,일요일,광주광역시 서구 농성동,경상사고,0,0,2,0,차대차 - 측면직각충돌,안전운전불이행,건조,맑음,단일로 - 기타,화물,남,41세,상해없음,화물,남,56세,경상
2015112200100100,2015년 11월 22일 05시,일요일,광주광역시 북구 임동,중상사고,0,1,1,0,차대차 - 정면충돌,중앙선침범,건조,맑음,단일로 - 기타,승용,남,33세,경상,승용,남,60세,중상
2015112200100137,2015년 11월 22일 08시,일요일,광주광역시 남구 양림동,경상사고,0,0,1,0,차대차 - 측면직각충돌,안전운전불이행,건조,맑음,교차로 - 교차로안,승용,남,30세,상해없음,화물,남,49세,경상
2015112200100138,2015년 11월 22일 08시,일요일,광주광역시 광산구 신촌동,경상사고,0,0,1,0,차대차 - 추돌 - 진행중,안전거리미확보,건조,맑음,교차로 - 교차로부근,승용,남,51세,상해없음,승용,여,46세,경상
2015112200100152,2015년 11월 22일 09시,일요일,광주광역시 광산구 장덕동,경상사고,0,0,1,0,차대차 - 측면직각충돌,안전운전불이행,건조,맑음,교차로 - 교차로안,승용,남,37세,상해없음,승용,여,41세,경상
2015112200100169,2015년 11월 22일 10시,일요일,광주광역시 서구 쌍촌동,경상사고,0,0,1,0,차대차 - 측면직각충돌,교차로운행방법위반,건조,맑음,교차로 - 교차로안,화물,남,56세,상해없음,승용,남,20세,경상
2015112200100170,2015년 11월 22일 10시,일요일,광주광역시 서구 치평동,경상사고,0,0,1,0,차대사람 - 횡단중,신호위반,건조,맑음,단일로 - 횡단보도상,이륜,기타불명,기타불명,기타불명,보행자,여,12세,경상
2015112200100250,2015년 11월 22일 13시,일요일,광주광역시 동구 계림동,경상사고,0,0,1,0,차대차 - 측면직각충돌,교차로운행방법위반,건조,맑음,교차로 - 교차로안,이륜,남,25세,상해없음,승용,여,58세,경상
2015112200100251,2015년 11월 22일 13시,일요일,광주광역시 북구 동림동,경상사고,0,0,1,0,차대사람 - 횡단중,안전운전불이행,건조,맑음,단일로 - 기타,승합,기타불명,기타불명,기타불명,보행자,여,15세,경상
2015112200100252,2015년 11월 22일 13시,일요일,광주광역시 광산구 신창동,중상사고,0,1,0,0,차대차 - 측면직각충돌,신호위반,건조,맑음,교차로 - 교차로안,이륜,남,16세,중상,승용,남,35세,기타불명
2015112200100304,2015년 11월 22일 15시,일요일,광주광역시 서구 유촌동,경상사고,0,0,1,0,차대차 - 정면충돌,교차로운행방법위반,건조,맑음,교차로 - 교차로안,승용,남,31세,상해없음,승용,남,42세,경상
2015112200100384,2015년 11월 22일 17시,일요일,광주광역시 서구 화정동,중상사고,0,1,0,0,차대사람 - 횡단중,신호위반,건조,맑음,단일로 - 횡단보도상,승용,여,47세,상해없음,보행자,남,35세,중상
2015112200100385,2015년 11월 22일 17시,일요일,광주광역시 북구 양산동,경상사고,0,0,1,0,차대차 - 기타,안전운전불이행,건조,맑음,교차로 - 교차로안,기타불명,기타불명,기타불명,기타불명,승용,여,52세,경상
2015112200100386,2015년 11월 22일 17시,일요일,광주광역시 광산구 우산동,경상사고,0,0,3,0,차대차 - 정면충돌,안전운전불이행,습기,비,단일로 - 기타,승용,남,49세,상해없음,승용,남,48세,경상
2015112200100470,2015년 11월 22일 19시,일요일,광주광역시 서구 치평동,경상사고,0,0,2,0,차대차 - 추돌 - 진행중,안전운전불이행,건조,맑음,교차로 - 교차로부근,승용,남,49세,상해없음,승용,남,52세,경상
2015112200100471,2015년 11월 22일 19시,일요일,광주광역시 광산구 흑석동,경상사고,0,0,1,0,차량단독 - 기타,안전운전불이행,건조,맑음,단일로 - 기타,승용,남,59세,경상,,,,
2015112200100595,2015년 11월 22일 22시,일요일,광주광역시 광산구 수완동,경상사고,0,0,1,0,차대차 - 추돌 - 진행중,안전운전불이행,건조,맑음,단일로 - 기타,이륜,남,18세,경상,승용,남,43세,상해없음
2015112200100632,2015년 11월 22일 23시,일요일,광주광역시 북구 매곡동,부상신고사고,0,0,0,1,차량단독 - 기타,안전운전불이행,건조,맑음,교차로 - 교차로부근,승용,남,24세,부상신고,,,,
2015112300100137,2015년 11월 23일 07시,월요일,광주광역시 광산구 우산동,경상사고,0,0,1,1,차대차 - 정면충돌,신호위반,습기,비,교차로 - 교차로안,승용,남,44세,상해없음,승용,남,57세,경상
2015112300100138,2015년 11월 23일 07시,월요일,광주광역시 광산구 하남동,경상사고,0,0,1,0,차대차 - 측면직각충돌,안전운전불이행,건조,맑음,교차로 - 교차로안,승용,기타불명,기타불명,기타불명,승용,남,44세,경상
2015112300100182,2015년 11월 23일 08시,월요일,광주광역시 서구 화정동,경상사고,0,0,1,0,차대차 - 정면충돌,신호위반,습기,비,교차로 - 교차로안,승용,남,57세,상해없음,승용,여,29세,경상
2015112300100208,2015년 11월 23일 09시,월요일,광주광역시 동구 산수동,사망사고,1,0,1,0,차대차 - 정면충돌,중앙선침범,건조,흐림,교차로 - 교차로부근,이륜,남,73세,사망,승용,남,31세,경상
2015112300100209,2015년 11월 23일 09시,월요일,광주광역시 북구 신안동,경상사고,0,0,2,0,차대차 - 측면직각충돌,교차로운행방법위반,건조,맑음,교차로 - 교차로안,승용,남,74세,경상,승용,여,65세,경상
2015112300100318,2015년 11월 23일 13시,월요일,광주광역시 북구 유동,경상사고,0,0,1,0,차대사람 - 횡단중,안전운전불이행,건조,맑음,단일로 - 기타,승용,남,43세,상해없음,보행자,남,22세,경상
2015112300100374,2015년 11월 23일 15시,월요일,광주광역시 서구 양동,경상사고,0,0,3,0,차대차 - 측면직각충돌,안전거리미확보,건조,흐림,교차로 - 교차로부근,승용,남,71세,경상,승용,남,36세,경상
2015112300100375,2015년 11월 23일 15시,월요일,광주광역시 서구 금호동,중상사고,0,1,0,0,차량단독 - 기타,안전운전불이행,습기,기타,단일로 - 기타,승합,남,49세,상해없음,,,,
2015112300100405,2015년 11월 23일 16시,월요일,광주광역시 북구 오치동,경상사고,0,0,1,0,차대차 - 정면충돌,차로위반,건조,맑음,교차로 - 교차로부근,화물,남,61세,기타불명,이륜,남,80세,경상
2015112300100406,2015년 11월 23일 16시,월요일,광주광역시 광산구 황룡동,중상사고,0,1,0,0,차대차 - 기타,안전운전불이행,건조,맑음,교차로 - 교차로안,원동기,남,82세,중상,승합,남,62세,상해없음
2015112300100441,2015년 11월 23일 17시,월요일,광주광역시 북구 풍향동,중상사고,0,1,2,0,차대차 - 기타,안전거리미확보,습기,비,단일로 - 기타,승용,남,53세,경상,승용,여,32세,경상
2015112300100442,2015년 11월 23일 17시,월요일,광주광역시 북구 두암동,중상사고,0,1,0,0,차대차 - 추돌 - 주정차중,안전운전불이행,건조,맑음,단일로 - 기타,화물,남,42세,상해없음,승용,남,63세,중상