사고번호,사고일시,요일,시군구,사고내용,사망자수,중상자수,경상자수,부상신고자수,사고유형,법규위반,노면상태,기상상태,도로형태,가해운전자 차종,가해운전자 성별,가해운전자 연령,가해운전자 상해정도,피해운전자 차종,피해운전자 성별,피해운전자 연령,피해운전자 상해정도
2015120300100361,2015년 12월 3일 15시,목요일,광주광역시 광산구 하남동,경상사고,0,0,1,0,차대차 - 측면직각충돌,안전운전불이행,건조,맑음,단일로 - 기타,자전거,남,15세,경상,승용,남,49세,상해없음
2015120300100440,2015년 12월 3일 17시,목요일,광주광역시 광산구 운남동,경상사고,0,0,3,0,차량단독 - 전도전복,안전운전불이행,건조,맑음,교차로 - 교차로부근,승용,남,18세,상해없음,,,,
2015120300100441,2015년 12월 3일 17시,목요일,광주광역시 광산구 옥동,중상사고,0,1,0,0,차대차 - 정면충돌,안전운전불이행,습기,비,교차로 - 교차로안,화물,남,54세,상해없음,원동기,남,48세,중상
2015120300100480,2015년 12월 3일 18시,목요일,광주광역시 서구 내방동,사망사고,1,0,0,0,차대사람 - 횡단중,중앙선침범,습기,비,단일로 - 기타,승합,남,59세,상해없음,보행자,남,43세,사망
2015120300100523,2015년 12월 3일 19시,목요일,광주광역시 서구 치평동,경상사고,0,0,1,0,차대차 - 측면직각충돌,신호위반,습기,눈,교차로 - 교차로안,승용,여,50세,상해없음,승용,여,24세,경상
2015120300100524,2015년 12월 3일 19시,목요일,광주광역시 서구 금호동,경상사고,0,0,2,0,차대차 - 측면직각충돌,안전운전불이행,건조,맑음,단일로 - 기타,승용,여,68세,기타불명,승용,남,40세,경상
2015120300100552,2015년 12월 3일 20시,목요일,광주광역시 북구 오치동,경상사고,0,0,2,0,차대차 - 정면충돌,교차로운행방법위반,습기,눈,교차로 - 교차로안,이륜,남,24세,경상,이륜,남,39세,경상
2015120300100580,2015년 12월 3일 21시,목요일,광주광역시 남구 월산동,경상사고,0,0,1,0,차대차 - 정면충돌,교차로운행방법위반,습기,눈,교차로 - 교차로안,승용,남,62세,상해없음,승용,남,64세,경상
2015120300100605,2015년 12월 3일 22시,목요일,광주광역시 서구 금호동,경상사고,0,0,1,0,차대사람 - 횡단중,신호위반,습기,비,교차로 - 교차로부근,이륜,남,50세,기타불명,보행자,남,25세,경상
2015120300100606,2015년 12월 3일 22시,목요일,광주광역시 서구 쌍촌동,경상사고,0,0,2,0,차대차 - 추돌 - 주정차중,안전운전불이행,건조,맑음,단일로 - 기타,승용,남,30세,상해없음,승용,남,29세,경상
2015120300100641,2015년 12월 3일 23시,목요일,광주광역시 서구 쌍촌동,경상사고,0,0,1,0,차대차 - 정면충돌,차로위반,습기,비,단일로 - 기타,승용,남,24세,상해없음,승용,남,45세,경상
2015120300100642,2015년 12월 3일 23시,목요일,광주광역시 북구 신안동,중상사고,0,2,0,0,차대차 - 정면충돌,신호위반,습기,비,교차로 - 교차로안,원동기,남,19세,중상,원동기,남,18세,중상
2015120400100019,2015년 12월 4일 00시,금요일,광주광역시 남구 진월동,경상사고,0,0,1,0,차대차 - 정면충돌,안전운전불이행,습기,흐림,단일로 - 기타,승용,남,51세,상해없음,승용,남,49세,경상
2015120400100020,2015년 12월 4일 00시,금요일,광주광역시 북구 양산동,경상사고,0,0,2,0,차대차 - 정면충돌,중앙선침범,습기,눈,단일로 - 기타,승용,남,36세,기타불명,화물,여,59세,경상
2015120400100033,2015년 12월 4일 01시,금요일,광주광역시 서구 쌍촌동,경상사고,0,0,6,0,차대차 - 정면충돌,차로위반,습기,비,단일로 - 기타,승용,남,32세,경상,승용,남,19세,경상
2015120400100046,2015년 12월 4일 02시,금요일,광주광역시 광산구 월계동,경상사고,0,0,1,0,차대차 - 정면충돌,안전운전불이행,습기,비,교차로 - 교차로부근,승용,여,39세,상해없음,승용,여,36세,경상
2015120400100053,2015년 12월 4일 03시,금요일,광주광역시 서구 농성동,경상사고,0,0,1,0,차대사람 - 횡단중,안전운전불이행,습기,흐림,단일로 - 횡단보도상,기타불명,기타불명,기타불명,기타불명,보행자,남,44세,경상
2015120400100056,2015년 12월 4일 04시,금요일,광주광역시 광산구 오선동,경상사고,0,0,1,0,차대차 - 정면충돌,신호위반,건조,맑음,교차로 - 교차로안,화물,남,57세,상해없음,화물,남,50세,경상
2015120400100135,2015년 12월 4일 08시,금요일,광주광역시 서구 치평동,경상사고,0,0,1,0,차대차 - 기타,안전운전불이행,습기,비,교차로 - 교차로부근,승용,남,32세,상해없음,승합,남,53세,상해없음
2015120400100136,2015년 12월 4일 08시,금요일,광주광역시 남구 진월동,경상사고,0,0,1,0,차대차 - 정면충돌,교차로운행방법위반,건조,흐림,교차로 - 교차로안,승용,남,58세,기타불명,승용,여,49세,경상
2015120400100137,2015년 12월 4일 08시,금요일,광주광역시 광산구 장덕동,중상사고,0,1,3,0,차대차 - 정면충돌,안전운전불이행,건조,맑음,교차로 - 교차로안,승용,여,25세,상해없음,승용,남,37세,경상
2015120400100218,2015년 12월 4일 11시,금요일,광주광역시 남구 월산동,경상사고,0,0,2,0,차대차 - 정면충돌,신호위반,건조,맑음,교차로 - 교차로안,승용,여,50세,경상,승용,여,45세,경상
2015120400100367,2015년 12월 4일 16시,금요일,광주광역시 서구 매월동,경상사고,0,0,2,0,차대차 - 추돌 - 진행중,교차로운행방법위반,건조,맑음,교차로 - 교차로안,화물,남,47세,상해없음,승용,남,34세,경상
2015120400100368,2015년 12월 4일 16시,금요일,광주광역시 남구 진월동,경상사고,0,0,1,0,차량단독 - 기타,기타,건조,맑음,단일로 - 기타,승합,남,34세,상해없음,,,,
2015120400100369,2015년 12월 4일 16시,금요일,광주광역시 북구 북동,경상사고,0,0,1,0,차량단독 - 기타,기타,습기,비,단일로 - 기타,승합,남,66세,상해없음,,,,
2015120400100422,2015년 12월 4일 17시,금요일,광주광역시 북구 운암동,부상신고사고,0,0,0,1,차대사람 - 횡단중,안전운전불이행,건조,맑음,단일로 - 기타,기타불명,기타불명,기타불명,기타불명,보행자,남,36세,부상신고
2015120400100423,2015년 12월 4일 17시,금요일,광주광역시 북구 삼각동,중상사고,0,1,0,0,차대차 - 기타,안전운전불이행,습기,흐림,교차로 - 교차로안,승용,여,45세,상해없음,승합,남,43세,상해없음
2015120400100424,2015년 12월 4일 17시,금요일,광주광역시 광산구 월계동,경상사고,0,0,2,0,차대차 - 정면충돌,신호위반,건조,맑음,교차로 - 교차로안,승용,남,51세,경상,승용,여,55세,경상
2015120400100472,2015년 12월 4일 18시,금요일,광주광역시 서구 치평동,중상사고,0,1,0,0,차대차 - 정면충돌,중앙선침범,건조,맑음,단일로 - 기타,승용,남,41세,상해없음,승용,남,55세,중상
2015120400100473,2015년 12월 4일 18시,금요일,광주광역시 광산구 송정동,경상사고,0,0,3,1,차대차 - 추돌 - 주정차중,안전운전불이행,건조,맑음,단일로 - 기타,승합,남,50세,상해없음,승용,남,38세,부상신고
2015120400100474,2015년 12월 4일 18시,금요일,광주광역시 광산구 월계동,경상사고,0,0,1,0,차대차 - 측면직각충돌,안전거리미확보,건조,맑음,단일로 - 기타,화물,남,44세,상해없음,승용,남,32세,경상
2015120400100528,2015년 12월 4일 19시,금요일,광주광역시 서구 마륵동,경상사고,0,0,1,0,차대사람 - 횡단중,안전운전불이행,건조,맑음,교차로 - 교차로부근,승용,남,48세,상해없음,보행자,여,23세,경상
2015120400100529,2015년 12월 4일 19시,금요일,광주광역시 서구 동천동,경상사고,0,0,2,0,차대차 - 측면직각충돌,교차로운행방법위반,건조,맑음,교차로 - 교차로안,승합,남,22세,상해없음,승용,남,54세,상해없음
2015120400100567,2015년 12월 4일 20시,금요일,광주광역시 북구 풍향동,경상사고,0,0,1,0,차대차 - 정면충돌,차로위반,습기,맑음,교차로 - 교차로부근,승용,남,67세,상해없음,이륜,남,24세,경상
2015120400100601,2015년 12월 4일 21시,금요일,광주광역시 광산구 월곡동,경상사고,0,0,2,0,차대차 - 측면직각충돌,안전운전불이행,건조,맑음,교차로 - 교차로안,승합,남,55세,상해없음,승용,남,55세,경상
2015120400100602,2015년 12월 4일 21시,금요일,광주광역시 광산구 월계동,경상사고,0,0,2,0,차대차 - 추돌 - 주정차중,안전운전불이행,건조,맑음,교차로 - 교차로부근,승용,남,43세,상해없음,승용,남,47세,경상
2015120400100631,2015년 12월 4일 22시,금요일,광주광역시 북구 운암동,경상사고,0,0,3,0,차대차 - 정면충돌,안전운전불이행,건조,맑음,단일로 - 기타,승용,기타불명,기타불명,기타불명,승용,여,51세,경상
2015120500100077,2015년 12월 5일 03시,토요일,광주광역시 서구 유촌동,경상사고,0,0,2,0,차대차 - 추돌 - 주정차중,안전운전불이행,건조,흐림,교차로 - 교차로부근,승용,남,37세,상해없음,승용,남,58세,경상
2015120500100089,2015년 12월 5일 04시,토요일,광주광역시 광산구 운남동,경상사고,0,0,3,0,차대차 - 정면충돌,안전운전불이행,건조,맑음,단일로 - 기타,승용,남,25세,경상,화물,남,36세,경상
2015120500100117,2015년 12월 5일 06시,토요일,광주광역시 광산구 도천동,경상사고,0,0,1,0,차대차 - 측면직각충돌,신호위반,건조,맑음,교차로 - 교차로안,화물,남,56세,상해없음,승용,남,35세,경상
2015120500100186,2015년 12월 5일 09시,토요일,광주광역시 북구 풍향동,경상사고,0,0,1,0,차대사람 - 기타,기타,건조,맑음,단일로 - 기타,승용,남,32세,상해없음,보행자,여,61세,경상
2015120500100249,2015년 12월 5일 11시,토요일,광주광역시 서구 치평동,경상사고,0,0,1,0,차대차 - 정면충돌,안전거리미확보,건조,맑음,단일로 - 기타,승용,남,63세,상해없음,승용,여,28세,경상
2015120500100355,2015년 12월 5일 14시,토요일,광주광역시 광산구 송정동,경상사고,0,0,1,0,차대차 - 정면충돌,신호위반,습기,흐림,교차로 - 교차로부근,자전거,남,66세,경상,승용,남,36세,상해없음
2015120500100464,2015년 12월 5일 17시,토요일,광주광역시 광산구 소촌동,경상사고,0,0,4,0,차대차 - 정면충돌,안전거리미확보,건조,맑음,단일로 - 기타,승용,남,53세,상해없음,승용,남,37세,경상
2015120500100522,2015년 12월 5일 18시,토요일,광주광역시 남구 주월동,경상사고,0,0,1,0,차대사람 - 기타,안전운전불이행,건조,맑음,교차로 - 교차로부근,승용,남,44세,상해없음,보행자,남,64세,경상
2015120500100523,2015년 12월 5일 18시,토요일,광주광역시 광산구 산월동,경상사고,0,0,1,0,차대사람 - 횡단중,신호위반,건조,맑음,교차로 - 교차로안,승용,남,55세,상해없음,보행자,남,65세,경상
2015120500100564,2015년 12월 5일 19시,토요일,광주광역시 남구 송하동,경상사고,0,0,1,0,차량단독 - 기타,기타,건조,맑음,단일로 - 기타,승합,남,52세,기타불명,,,,
2015120500100565,2015년 12월 5일 19시,토요일,광주광역시 광산구 월계동,경상사고,0,0,1,0,차대차 - 측면직각충돌,안전거리미확보,건조,맑음,단일로 - 기타,승용,남,18세,상해없음,이륜,남,38세,경상
2015120500100601,2015년 12월 5일 20시,토요일,광주광역시 북구 동림동,경상사고,0,0,1,0,차대차 - 측면직각충돌,안전운전불이행,건조,맑음,단일로 - 기타,승용,여,57세,상해없음,화물,남,48세,상해없음
2015120500100602,2015년 12월 5일 20시,토요일,광주광역시 북구 운암동,경상사고,0,0,1,0,차대차 - 정면충돌,안전운전불이행,건조,맑음,교차로 - 교차로부근,이륜,남,21세,경상,승용,남,51세,상해없음
2015120500100603,2015년 12월 5일 20시,토요일,광주광역시 북구 용봉동,경상사고,0,0,1,0,차대차 - 정면충돌,중앙선침범,건조,맑음,단일로 - 기타,원동기,남,45세,경상,승용,남,23세,상해없음
2015120500100656,2015년 12월 5일 22시,토요일,광주광역시 광산구 흑석동,경상사고,0,0,2,0,차대차 - 기타,안전운전불이행,건조,맑음,교차로 - 교차로안,승용,남,45세,상해없음,승용,남,29세,경상
2015120500100677,2015년 12월 5일 23시,토요일,광주광역시 서구 화정동,경상사고,0,0,1,0,차대차 - 측면직각충돌,교차로운행방법위반,건조,맑음,단일로 - 기타,승용,여,46세,상해없음,승용,남,38세,경상
2015120500100678,2015년 12월 5일 23시,토요일,광주광역시 광산구 하산동,경상사고,0,0,1,0,차대차 - 정면충돌,안전운전불이행,건조,맑음,교차로 - 교차로안,화물,남,49세,상해없음,승용,남,39세,경상
2015120600100023,2015년 12월 6일 00시,일요일,광주광역시 서구 치평동,경상사고,0,0,2,0,차대차 - 측면직각충돌,중앙선침범,건조,맑음,단일로 - 기타,승용,남,18세,상해없음,승용,남,19세,경상
2015120600100050,2015년 12월 6일 01시,일요일,광주광역시 북구 두암동,경상사고,0,0,1,0,차대차 - 측면직각충돌,안전운전불이행,건조,맑음,단일로 - 기타,승용,여,43세,기타불명,이륜,남,31세,경상
2015120600100051,2015년 12월 6일 01시,일요일,광주광역시 북구 신안동,경상사고,0,0,2,0,차대차 - 정면충돌,신호위반,건조,맑음,교차로 - 교차로안,승용,남,53세,상해없음,승용,남,56세,경상
2015120600100088,2015년 12월 6일 03시,일요일,광주광역시 북구 두암동,경상사고,0,0,4,0,차대차 - 정면충돌,신호위반,습기,흐림,교차로 - 교차로안,승용,남,19세,상해없음,승용,남,41세,경상
2015120600100106,2015년 12월 6일 05시,일요일,광주광역시 동구 수기동,경상사고,0,0,2,0,차대차 - 측면직각충돌,안전거리미확보,건조,맑음,단일로 - 기타,승용,남,29세,상해없음,승용,남,27세,경상
2015120600100125,2015년 12월 6일 07시,일요일,광주광역시 북구 운암동,중상사고,0,1,0,0,차대사람 - 횡단중,안전운전불이행,건조,맑음,단일로 - 횡단보도상,승용,남,77세,상해없음,보행자,여,55세,중상
2015120600100126,2015년 12월 6일 07시,일요일,광주광역시 광산구 신가동,중상사고,0,1,0,0,차대차 - 추돌 - 진행중,안전운전불이행,건조,맑음,단일로 - 기타,승용,남,55세,상해없음,자전거,남,52세,중상
2015120600100154,2015년 12월 6일 09시,일요일,광주광역시 동구 학동,경상사고,0,0,1,0,차대차 - 기타,안전운전불이행,건조,맑음,단일로 - 기타,승용,여,36세,상해없음,승합,남,58세,상해없음
2015120600100173,2015년 12월 6일 10시,일요일,광주광역시 서구 쌍촌동,경상사고,0,0,1,0,차대사람 - 횡단중,신호위반,건조,맑음,교차로 - 교차로안,승용,남,60세,상해없음,보행자,남,21세,경상
2015120600100174,2015년 12월 6일 10시,일요일,광주광역시 북구 신용동,경상사고,0,0,2,0,차대차 - 측면직각충돌,교차로운행방법위반,건조,맑음,교차로 - 교차로안,승용,여,48세,상해없음,화물,남,50세,경상
2015120600100244,2015년 12월 6일 13시,일요일,광주광역시 서구 화정동,경상사고,0,0,5,0,차대차 - 기타,안전운전불이행,건조,맑음,단일로 - 기타,승용,남,37세,기타불명,승용,남,36세,경상
2015120600100265,2015년 12월 6일 14시,일요일,광주광역시 광산구 신창동,부상신고사고,0,0,0,1,차대사람 - 횡단중,안전운전불이행,건조,맑음,단일로 - 기타,화물,남,27세,상해없음,보행자,남,50세,부상신고
2015120600100351,2015년 12월 6일 17시,일요일,광주광역시 서구 양동,경상사고,0,0,1,0,차대사람 - 길가장자리구역통행중,보행자보호의무위반,건조,맑음,단일로 - 기타,승용,여,37세,상해없음,보행자,남,65세,경상
2015120600100352,2015년 12월 6일 17시,일요일,광주광역시 광산구 운남동,경상사고,0,0,2,0,차대차 - 정면충돌,안전거리미확보,건조,맑음,단일로 - 기타,승용,여,60세,경상,승용,남,51세,경상
2015120600100413,2015년 12월 6일 19시,일요일,광주광역시 남구 주월동,경상사고,0,0,1,0,차대차 - 정면충돌,신호위반,건조,맑음,교차로 - 교차로안,승용,남,42세,상해없음,승용,남,37세,경상
2015120600100414,2015년 12월 6일 19시,일요일,광주광역시 북구 각화동,경상사고,0,0,2,0,차대차 - 기타,안전운전불이행,건조,맑음,단일로 - 기타,승용,여,46세,상해없음,승합,남,27세,경상
2015120600100436,2015년 12월 6일 20시,일요일,광주광역시 서구 풍암동,경상사고,0,0,1,0,차대차 - 측면직각충돌,교차로운행방법위반,건조,맑음,교차로 - 교차로안,기타불명,기타불명,기타불명,기타불명,원동기,남,33세,경상
2015120600100437,2015년 12월 6일 20시,일요일,광주광역시 광산구 신창동,경상사고,0,0,1,0,차대차 - 정면충돌,안전거리미확보,건조,맑음,단일로 - 기타,승용,남,36세,상해없음,이륜,남,35세,경상
2015120600100464,2015년 12월 6일 21시,일요일,광주광역시 서구 치평동,중상사고,0,1,0,0,차대차 - 측면직각충돌,교차로운행방법위반,건조,맑음,교차로 - 교차로부근,승용,여,49세,기타불명,이륜,남,48세,중상
2015120600100493,2015년 12월 6일 22시,일요일,광주광역시 광산구 장덕동,중상사고,0,1,3,0,차대차 - 측면직각충돌,신호위반,건조,맑음,교차로 - 교차로안,승용,남,35세,경상,승용,여,41세,중상
2015120600100513,2015년 12월 6일 23시,일요일,광주광역시 북구 우산동,경상사고,0,0,1,0,차대차 - 정면충돌,교차로운행방법위반,건조,맑음,교차로 - 교차로안,이륜,남,26세,경상,승용,남,58세,상해없음
2015120600100514,2015년 12월 6일 23시,일요일,광주광역시 북구 운암동,경상사고,0,0,1,0,차대차 - 추돌 - 주정차중,안전운전불이행,건조,맑음,교차로 - 교차로부근,승용,남,53세,기타불명,승용,남,61세,상해없음
2015120700100012,2015년 12월 7일 00시,월요일,광주광역시 서구 치평동,경상사고,0,0,4,0,차대차 - 정면충돌,교차로운행방법위반,건조,맑음,교차로 - 교차로안,승용,남,45세,상해없음,승용,남,26세,경상
2015120700100109,2015년 12월 7일 07시,월요일,광주광역시 서구 양동,경상사고,0,0,1,0,차대사람 - 횡단중,안전운전불이행,건조,맑음,단일로 - 기타,기타불명,기타불명,기타불명,기타불명,보행자,여,68세,경상
2015120700100160,2015년 12월 7일 08시,월요일,광주광역시 서구 매월동,경상사고,0,0,1,0,차대사람 - 횡단중,보행자보호의무위반,건조,맑음,교차로 - 교차로부근,승용,남,40세,상해없음,보행자,여,23세,경상
2015120700100161,2015년 12월 7일 08시,월요일,광주광역시 광산구 남산동,중상사고,0,1,0,0,차대차 - 추돌 - 주정차중,안전운전불이행,건조,맑음,단일로 - 기타,승용,남,74세,상해없음,화물,남,45세,상해없음
2015120700100192,2015년 12월 7일 09시,월요일,광주광역시 남구 진월동,경상사고,0,0,1,0,차대차 - 정면충돌,안전거리미확보,건조,맑음,단일로 - 기타,특수,남,32세,상해없음,승용,여,43세,경상
2015120700100219,2015년 12월 7일 10시,월요일,광주광역시 서구 쌍촌동,경상사고,0,0,1,0,차대차 - 측면직각충돌,직진우회전진행방해,건조,맑음,교차로 - 교차로안,승용,남,56세,상해없음,승합,남,51세,경상
2015120700100245,2015년 12월 7일 11시,월요일,광주광역시 서구 서창동,경상사고,0,0,3,0,차대차 - 정면충돌,안전운전불이행,건조,맑음,단일로 - 기타,승용,남,57세,경상,화물,남,54세,경상
2015120700100246,2015년 12월 7일 11시,월요일,광주광역시 남구 진월동,경상사고,0,0,1,0,차대차 - 정면충돌,안전거리미확보,건조,맑음,교차로 - 교차로부근,승용,남,63세,상해없음,이륜,여,77세,경상
2015120700100247,2015년 12월 7일 11시,월요일,광주광역시 광산구 서봉동,경상사고,0,0,3,0,차대차 - 추돌 - 진행중,안전운전불이행,건조,맑음,단일로 - 기타,화물,남,53세,상해없음,승용,남,26세,경상
2015120700100278,2015년 12월 7일 12시,월요일,광주광역시 동구 학동,경상사고,0,0,1,0,차대사람 - 기타,안전운전불이행,건조,맑음,단일로 - 기타,승용,남,74세,상해없음,보행자,남,19세,경상
2015120700100279,2015년 12월 7일 12시,월요일,광주광역시 광산구 우산동,경상사고,0,0,1,0,차대차 - 정면충돌,안전거리미확보,건조,맑음,단일로 - 기타,승용,남,61세,상해없음,이륜,남,80세,경상
2015120700100308,2015년 12월 7일 13시,월요일,광주광역시 광산구 신창동,경상사고,0,0,1,0,차대차 - 정면충돌,안전운전불이행,건조,맑음,교차로 - 교차로부근,승용,남,23세,상해없음,승용,남,34세,상해없음
2015120700100346,2015년 12월 7일 14시,월요일,광주광역시 동구 대인동,경상사고,0,0,2,1,차대차 - 추돌 - 진행중,안전운전불이행,건조,맑음,단일로 - 기타,승용,남,54세,상해없음,승용,여,54세,부상신고
2015120700100347,2015년 12월 7일 14시,월요일,광주광역시 서구 화정동,경상사고,0,0,2,0,차대차 - 추돌 - 주정차중,안전운전불이행,건조,맑음,단일로 - 기타,승용,남,68세,기타불명,승용,여,41세,경상
2015120700100348,2015년 12월 7일 14시,월요일,광주광역시 남구 백운동,경상사고,0,0,2,0,차대차 - 정면충돌,안전거리미확보,건조,맑음,단일로 - 교량,승용,남,68세,상해없음,승용,남,53세,경상
2015120700100387,2015년 12월 7일 15시,월요일,광주광역시 서구 광천동,경상사고,0,0,1,0,차대차 - 정면충돌,안전운전불이행,건조,맑음,단일로 - 기타,승용,남,64세,기타불명,승용,남,31세,경상
2015120700100419,2015년 12월 7일 16시,월요일,광주광역시 서구 치평동,경상사고,0,0,2,0,차대차 - 정면충돌,교차로운행방법위반,건조,맑음,교차로 - 교차로안,승용,여,70세,경상,승용,남,42세,경상
2015120700100420,2015년 12월 7일 16시,월요일,광주광역시 남구 행암동,경상사고,0,0,1,0,차대차 - 기타,교차로운행방법위반,건조,맑음,교차로 - 교차로부근,승용,여,27세,상해없음,자전거,남,27세,경상
2015120700100421,2015년 12월 7일 16시,월요일,광주광역시 남구 주월동,중상사고,0,1,0,0,차대차 - 정면충돌,교차로운행방법위반,건조,맑음,교차로 - 교차로안,승용,남,68세,상해없음,이륜,남,44세,중상
2015120700100422,2015년 12월 7일 16시,월요일,광주광역시 남구 봉선동,경상사고,0,0,1,0,차대차 - 정면충돌,안전운전불이행,건조,맑음,교차로 - 교차로부근,승용,여,58세,상해없음,자전거,남,16세,경상
2015120700100464,2015년 12월 7일 17시,월요일,광주광역시 서구 금호동,경상사고,0,0,1,0,차대차 - 정면충돌,안전운전불이행,건조,맑음,교차로 - 교차로부근,승용,남,28세,상해없음,이륜,남,55세,경상
2015120700100505,2015년 12월 7일 18시,월요일,광주광역시 광산구 신창동,경상사고,0,0,1,0,차대사람 - 횡단중,안전운전불이행,건조,맑음,교차로 - 교차로부근,승용,남,28세,상해없음,보행자,남,20세,경상
2015120700100554,2015년 12월 7일 19시,월요일,광주광역시 남구 주월동,경상사고,0,0,1,0,차량단독 - 전도전복,안전운전불이행,건조,맑음,단일로 - 기타,이륜,남,39세,경상,,,,
2015120700100555,2015년 12월 7일 19시,월요일,광주광역시 북구 신안동,경상사고,0,0,3,0,차대차 - 정면충돌,안전거리미확보,건조,맑음,교차로 - 교차로안,승용,남,33세,상해없음,승합,남,58세,경상
2015120700100584,2015년 12월 7일 20시,월요일,광주광역시 광산구 월곡동,경상사고,0,0,6,0,차대차 - 측면직각충돌,교차로운행방법위반,건조,맑음,교차로 - 교차로안,승용,남,19세,상해없음,승용,여,43세,경상
2015120700100627,2015년 12월 7일 22시,월요일,광주광역시 광산구 수완동,경상사고,0,0,1,0,차대차 - 정면충돌,신호위반,건조,맑음,교차로 - 교차로안,승용,여,44세,상해없음,승합,남,54세,경상
2015120700100656,2015년 12월 7일 23시,월요일,광주광역시 북구 용봉동,중상사고,0,1,0,1,차대차 - 정면충돌,직진우회전진행방해,건조,맑음,교차로 - 교차로안,이륜,남,17세,부상신고,이륜,남,24세,중상
2015120800100040,2015년 12월 8일 02시,화요일,광주광역시 서구 화정동,중상사고,0,1,1,0,차대차 - 측면직각충돌,중앙선침범,건조,맑음,교차로 - 교차로부근,승용,남,58세,중상,승용,남,40세,상해없음
2015120800100079,2015년 12월 8일 06시,화요일,광주광역시 북구 두암동,중상사고,0,1,0,0,차대사람 - 횡단중,안전운전불이행,건조,맑음,단일로 - 기타,승용,남,57세,상해없음,보행자,여,64세,중상
2015120800100157,2015년 12월 8일 08시,화요일,광주광역시 남구 주월동,경상사고,0,0,2,0,차대사람 - 횡단중,보행자보호의무위반,건조,맑음,단일로 - 횡단보도부근,승용,여,48세,상해없음,보행자,여,12세,경상
2015120800100188,2015년 12월 8일 09시,화요일,광주광역시 북구 양산동,경상사고,0,0,2,0,차대차 - 기타,신호위반,건조,맑음,교차로 - 교차로부근,승용,남,63세,경상,승용,여,34세,경상
2015120800100219,2015년 12월 8일 10시,화요일,광주광역시 북구 오치동,경상사고,0,0,1,0,차대차 - 추돌 - 진행중,안전운전불이행,건조,맑음,단일로 - 기타,화물,남,44세,상해없음,승용,남,63세,경상
2015120800100282,2015년 12월 8일 12시,화요일,광주광역시 광산구 소촌동,경상사고,0,0,3,0,차대차 - 추돌 - 진행중,안전운전불이행,건조,맑음,단일로 - 기타,승용,남,55세,경상,승용,남,36세,경상
2015120800100305,2015년 12월 8일 13시,화요일,광주광역시 북구 오치동,경상사고,0,0,1,0,차대차 - 정면충돌,기타,건조,맑음,단일로 - 기타,화물,남,50세,상해없음,승용,여,56세,경상
2015120800100499,2015년 12월 8일 18시,화요일,광주광역시 서구 광천동,경상사고,0,0,1,0,차대차 - 정면충돌,안전거리미확보,건조,맑음,단일로 - 기타,승용,남,59세,상해없음,승합,남,64세,상해없음
2015120800100500,2015년 12월 8일 18시,화요일,광주광역시 광산구 도천동,경상사고,0,0,1,0,차대차 - 정면충돌,안전거리미확보,건조,맑음,단일로 - 기타,기타불명,기타불명,기타불명,기타불명,승용,여,47세,경상
2015120800100533,2015년 12월 8일 19시,화요일,광주광역시 광산구 수완동,중상사고,0,1,1,0,차대차 - 정면충돌,교차로운행방법위반,건조,맑음,교차로 - 교차로안,승용,남,44세,경상,승용,여,55세,중상
2015120800100554,2015년 12월 8일 20시,화요일,광주광역시 광산구 월계동,경상사고,0,0,1,0,차대차 - 정면충돌,안전운전불이행,건조,맑음,교차로 - 교차로안,승합,남,41세,상해없음,승용,남,45세,경상
2015120800100583,2015년 12월 8일 21시,화요일,광주광역시 북구 연제동,경상사고,0,0,1,0,차대차 - 정면충돌,안전운전불이행,건조,맑음,단일로 - 기타,원동기,남,24세,상해없음,승용,남,56세,경상
2015120800100615,2015년 12월 8일 22시,화요일,광주광역시 광산구 송정동,경상사고,0,0,2,0,차대차 - 정면충돌,안전운전불이행,건조,맑음,교차로 - 교차로부근,승용,남,54세,상해없음,승용,남,65세,경상
2015120800100616,2015년 12월 8일 22시,화요일,광주광역시 광산구 쌍암동,경상사고,0,0,1,0,차대차 - 정면충돌,안전운전불이행,건조,맑음,교차로 - 교차로안,승용,남,46세,상해없음,승용,여,33세,경상
2015120800100639,2015년 12월 8일 23시,화요일,광주광역시 광산구 수완동,경상사고,0,0,1,0,차대차 - 정면충돌,안전거리미확보,건조,맑음,단일로 - 기타,이륜,남,25세,상해없음,승용,남,56세,경상
2015120900100020,2015년 12월 9일 00시,수요일,광주광역시 북구 신안동,사망사고,1,0,0,0,차대차 - 정면충돌,신호위반,건조,맑음,교차로 - 교차로안,승용,남,29세,상해없음,원동기,남,20세,사망
2015120900100115,2015년 12월 9일 07시,수요일,광주광역시 광산구 선암동,중상사고,0,1,0,1,차대차 - 측면직각충돌,직진우회전진행방해,건조,맑음,교차로 - 교차로안,화물,남,60세,부상신고,승용,남,57세,중상
2015120900100173,2015년 12월 9일 09시,수요일,광주광역시 동구 금남로1가,경상사고,0,0,2,0,차대차 - 측면직각충돌,안전거리미확보,건조,맑음,교차로 - 교차로안,화물,남,45세,경상,승용,여,32세,경상
2015120900100192,2015년 12월 9일 10시,수요일,광주광역시 광산구 산정동,경상사고,0,0,1,0,차대차 - 정면충돌,교차로운행방법위반,건조,맑음,교차로 - 교차로부근,화물,남,45세,상해없음,승용,여,57세,경상