사고번호,사고일시,요일,시군구,사고내용,사망자수,중상자수,경상자수,부상신고자수,사고유형,법규위반,노면상태,기상상태,도로형태,가해운전자 차종,가해운전자 성별,가해운전자 연령,가해운전자 상해정도,피해운전자 차종,피해운전자 성별,피해운전자 연령,피해운전자 상해정도
2015120900100249,2015년 12월 9일 12시,수요일,광주광역시 광산구 쌍암동,경상사고,0,0,1,0,차대사람 - 횡단중,보행자보호의무위반,건조,맑음,교차로 - 교차로안,승용,여,42세,상해없음,보행자,남,38세,경상
2015120900100250,2015년 12월 9일 12시,수요일,광주광역시 광산구 수완동,경상사고,0,0,2,0,차대차 - 정면충돌,안전운전불이행,건조,맑음,교차로 - 교차로안,승용,남,45세,상해없음,승용,남,40세,경상
2015120900100271,2015년 12월 9일 13시,수요일,광주광역시 서구 치평동,경상사고,0,0,2,0,차대차 - 측면직각충돌,안전운전불이행,건조,맑음,교차로 - 교차로부근,원동기,남,21세,상해없음,승용,여,55세,경상
2015120900100368,2015년 12월 9일 16시,수요일,광주광역시 북구 용봉동,경상사고,0,0,1,0,차대차 - 정면충돌,안전운전불이행,건조,맑음,단일로 - 기타,자전거,남,15세,경상,승용,남,58세,상해없음
2015120900100424,2015년 12월 9일 17시,수요일,광주광역시 광산구 신창동,경상사고,0,0,2,0,차대차 - 측면직각충돌,안전운전불이행,건조,맑음,단일로 - 기타,화물,남,34세,상해없음,승용,남,45세,경상
2015120900100462,2015년 12월 9일 18시,수요일,광주광역시 북구 문흥동,경상사고,0,0,5,0,차대차 - 추돌 - 주정차중,안전운전불이행,건조,맑음,단일로 - 기타,승용,여,51세,경상,승용,남,44세,경상
2015120900100488,2015년 12월 9일 18시,수요일,광주광역시 북구 오치동,경상사고,0,0,2,0,차대차 - 정면충돌,신호위반,건조,맑음,교차로 - 교차로안,승용,남,22세,경상,승용,여,54세,경상
2015120900100489,2015년 12월 9일 18시,수요일,광주광역시 광산구 월전동,경상사고,0,0,5,0,차대차 - 정면충돌,안전운전불이행,건조,맑음,단일로 - 기타,화물,남,57세,상해없음,화물,남,46세,경상
2015120900100529,2015년 12월 9일 19시,수요일,광주광역시 동구 금남로3가,경상사고,0,0,1,0,차대차 - 추돌 - 진행중,안전거리미확보,건조,맑음,교차로 - 교차로안,승용,남,25세,상해없음,승용,남,46세,경상
2015120900100530,2015년 12월 9일 19시,수요일,광주광역시 광산구 수완동,경상사고,0,0,1,0,차대차 - 추돌 - 주정차중,안전운전불이행,건조,맑음,단일로 - 기타,승용,여,48세,상해없음,승용,여,41세,경상
2015120900100557,2015년 12월 9일 20시,수요일,광주광역시 광산구 신창동,경상사고,0,0,1,0,차대사람 - 횡단중,안전운전불이행,건조,맑음,교차로 - 교차로부근,이륜,남,17세,상해없음,보행자,여,11세,경상
2015120900100582,2015년 12월 9일 21시,수요일,광주광역시 북구 운암동,경상사고,0,0,4,0,차대차 - 정면충돌,안전운전불이행,건조,맑음,단일로 - 기타,승용,남,47세,상해없음,승용,여,32세,경상
2015120900100613,2015년 12월 9일 22시,수요일,광주광역시 광산구 운남동,중상사고,0,1,0,0,차대차 - 정면충돌,안전운전불이행,건조,흐림,단일로 - 기타,원동기,남,17세,중상,승용,여,41세,상해없음
2015120900100631,2015년 12월 9일 23시,수요일,광주광역시 서구 광천동,경상사고,0,0,2,0,차대차 - 측면직각충돌,교차로운행방법위반,건조,맑음,교차로 - 교차로안,승용,여,26세,상해없음,승용,남,49세,경상
2015120900100632,2015년 12월 9일 23시,수요일,광주광역시 북구 용봉동,경상사고,0,0,2,0,차대차 - 정면충돌,안전운전불이행,건조,맑음,단일로 - 기타,승용,여,46세,경상,승용,남,50세,경상
2015121000100043,2015년 12월 10일 02시,목요일,광주광역시 북구 임동,중상사고,0,1,0,0,차대사람 - 횡단중,안전운전불이행,건조,기타,기타 - 기타,승용,남,53세,상해없음,보행자,여,34세,중상
2015121000100044,2015년 12월 10일 02시,목요일,광주광역시 광산구 소촌동,사망사고,1,1,0,0,차량단독 - 공작물충돌,안전운전불이행,건조,맑음,단일로 - 기타,승용,남,39세,사망,,,,
2015121000100097,2015년 12월 10일 06시,목요일,광주광역시 북구 신안동,경상사고,0,0,1,0,차대차 - 측면직각충돌,안전운전불이행,건조,맑음,단일로 - 기타,승합,남,27세,상해없음,화물,남,41세,경상
2015121000100172,2015년 12월 10일 08시,목요일,광주광역시 북구 운암동,경상사고,0,0,1,0,차대사람 - 횡단중,안전운전불이행,습기,비,단일로 - 기타,승용,여,29세,상해없음,보행자,여,22세,경상
2015121000100173,2015년 12월 10일 08시,목요일,광주광역시 북구 신안동,경상사고,0,0,3,0,차대차 - 정면충돌,직진우회전진행방해,습기,맑음,교차로 - 교차로안,화물,남,46세,상해없음,승용,남,68세,경상
2015121000100217,2015년 12월 10일 10시,목요일,광주광역시 서구 풍암동,중상사고,0,2,0,0,차대차 - 측면직각충돌,차로위반,건조,맑음,단일로 - 기타,승용,남,72세,상해없음,승용,남,50세,중상
2015121000100218,2015년 12월 10일 10시,목요일,광주광역시 북구 중흥동,중상사고,0,1,1,0,차대차 - 정면충돌,안전운전불이행,습기,비,교차로 - 교차로안,승용,남,61세,상해없음,승용,여,45세,중상
2015121000100271,2015년 12월 10일 12시,목요일,광주광역시 서구 농성동,중상사고,0,1,0,0,차대사람 - 횡단중,보행자보호의무위반,습기,비,단일로 - 횡단보도상,승합,남,49세,상해없음,보행자,남,64세,중상
2015121000100272,2015년 12월 10일 12시,목요일,광주광역시 서구 벽진동,중상사고,0,1,0,0,차량단독 - 전도전복,과속,습기,비,단일로 - 교량,승용,남,60세,상해없음,,,,
2015121000100273,2015년 12월 10일 12시,목요일,광주광역시 남구 주월동,중상사고,0,1,0,0,차대차 - 측면직각충돌,신호위반,습기,비,교차로 - 교차로안,승용,남,32세,상해없음,승용,남,51세,상해없음
2015121000100338,2015년 12월 10일 14시,목요일,광주광역시 북구 임동,경상사고,0,0,1,0,차대차 - 측면직각충돌,안전운전불이행,습기,비,교차로 - 교차로부근,승용,기타불명,기타불명,기타불명,승용,남,48세,경상
2015121000100400,2015년 12월 10일 16시,목요일,광주광역시 서구 치평동,경상사고,0,0,1,0,차대차 - 추돌 - 주정차중,안전운전불이행,건조,맑음,교차로 - 교차로안,화물,남,55세,상해없음,승용,여,57세,경상
2015121000100401,2015년 12월 10일 16시,목요일,광주광역시 북구 문흥동,경상사고,0,0,2,0,차대차 - 정면충돌,안전운전불이행,건조,맑음,교차로 - 교차로안,승용,여,40세,경상,승용,여,43세,경상
2015121000100460,2015년 12월 10일 17시,목요일,광주광역시 동구 학동,경상사고,0,0,1,0,차대차 - 정면충돌,안전운전불이행,습기,흐림,단일로 - 기타,승용,여,42세,상해없음,승합,남,42세,경상
2015121000100461,2015년 12월 10일 17시,목요일,광주광역시 남구 월산동,경상사고,0,0,1,0,차대차 - 정면충돌,교차로운행방법위반,습기,비,교차로 - 교차로안,승용,남,68세,상해없음,승용,남,38세,경상
2015121000100462,2015년 12월 10일 17시,목요일,광주광역시 광산구 용동,경상사고,0,0,1,0,차대사람 - 횡단중,신호위반,습기,비,교차로 - 교차로부근,승용,남,50세,상해없음,보행자,여,27세,경상
2015121000100529,2015년 12월 10일 18시,목요일,광주광역시 서구 풍암동,경상사고,0,0,1,0,차대차 - 정면충돌,신호위반,습기,비,단일로 - 횡단보도상,승용,남,58세,상해없음,이륜,남,39세,경상
2015121000100530,2015년 12월 10일 18시,목요일,광주광역시 서구 양동,경상사고,0,0,2,0,차대차 - 측면직각충돌,교차로운행방법위반,습기,비,교차로 - 교차로안,승용,여,31세,경상,승용,여,37세,경상
2015121000100531,2015년 12월 10일 18시,목요일,광주광역시 광산구 산정동,경상사고,0,0,1,0,차대차 - 정면충돌,차로위반,습기,비,단일로 - 기타,승용,여,48세,상해없음,이륜,남,38세,경상
2015121000100587,2015년 12월 10일 19시,목요일,광주광역시 동구 대인동,중상사고,0,1,0,0,차대사람 - 횡단중,안전운전불이행,건조,흐림,단일로 - 횡단보도부근,승용,남,20세,상해없음,보행자,여,69세,중상
2015121000100634,2015년 12월 10일 20시,목요일,광주광역시 광산구 하남동,경상사고,0,0,1,0,차대차 - 측면직각충돌,신호위반,습기,비,교차로 - 교차로안,특수,남,49세,상해없음,승용,남,23세,경상
2015121000100679,2015년 12월 10일 21시,목요일,광주광역시 북구 양산동,경상사고,0,0,1,0,차대차 - 정면충돌,신호위반,건조,맑음,교차로 - 교차로안,승용,남,22세,상해없음,승용,남,55세,경상
2015121000100721,2015년 12월 10일 22시,목요일,광주광역시 서구 쌍촌동,중상사고,0,1,0,0,차대사람 - 횡단중,안전운전불이행,습기,비,단일로 - 기타,승용,남,46세,상해없음,보행자,남,21세,중상
2015121000100722,2015년 12월 10일 22시,목요일,광주광역시 북구 오치동,경상사고,0,0,3,0,차대차 - 추돌 - 진행중,안전운전불이행,습기,비,단일로 - 횡단보도상,승용,기타불명,기타불명,기타불명,승용,여,52세,경상
2015121000100766,2015년 12월 10일 23시,목요일,광주광역시 서구 화정동,경상사고,0,0,2,0,차대차 - 정면충돌,안전거리미확보,건조,흐림,단일로 - 기타,승용,남,48세,상해없음,승용,남,39세,경상
2015121000100767,2015년 12월 10일 23시,목요일,광주광역시 광산구 수완동,경상사고,0,0,1,0,차대사람 - 횡단중,안전운전불이행,습기,비,교차로 - 교차로부근,화물,남,41세,상해없음,보행자,남,47세,경상
2015121100100025,2015년 12월 11일 00시,금요일,광주광역시 북구 문흥동,경상사고,0,0,1,0,차대차 - 측면직각충돌,안전운전불이행,건조,맑음,단일로 - 기타,승용,기타불명,기타불명,기타불명,이륜,남,21세,경상
2015121100100043,2015년 12월 11일 01시,금요일,광주광역시 광산구 장덕동,경상사고,0,0,3,0,차대차 - 추돌 - 주정차중,안전운전불이행,습기,비,교차로 - 교차로부근,승용,남,45세,상해없음,승용,여,32세,경상
2015121100100053,2015년 12월 11일 02시,금요일,광주광역시 서구 내방동,경상사고,0,0,1,0,차대차 - 측면직각충돌,교차로운행방법위반,건조,흐림,단일로 - 기타,승용,남,51세,상해없음,승용,남,65세,상해없음
2015121100100063,2015년 12월 11일 03시,금요일,광주광역시 남구 구동,경상사고,0,0,2,0,차대차 - 정면충돌,신호위반,건조,맑음,교차로 - 교차로안,승용,남,25세,상해없음,승용,남,50세,경상
2015121100100098,2015년 12월 11일 06시,금요일,광주광역시 광산구 월계동,중상사고,0,1,0,0,차대사람 - 횡단중,안전운전불이행,건조,맑음,단일로 - 횡단보도상,화물,남,52세,상해없음,보행자,남,59세,중상
2015121100100122,2015년 12월 11일 07시,금요일,광주광역시 남구 주월동,경상사고,0,0,2,0,차대차 - 정면충돌,안전운전불이행,건조,맑음,단일로 - 기타,승용,여,46세,경상,승용,남,46세,경상
2015121100100167,2015년 12월 11일 08시,금요일,광주광역시 동구 계림동,사망사고,1,0,0,0,차대차 - 정면충돌,안전운전불이행,습기,흐림,교차로 - 교차로안,승용,남,29세,상해없음,이륜,남,40세,사망
2015121100100189,2015년 12월 11일 09시,금요일,광주광역시 남구 진월동,경상사고,0,0,2,0,차대차 - 정면충돌,신호위반,건조,흐림,교차로 - 교차로안,승용,남,26세,상해없음,승합,남,58세,경상
2015121100100190,2015년 12월 11일 09시,금요일,광주광역시 북구 문흥동,경상사고,0,0,1,0,차대차 - 측면직각충돌,직진우회전진행방해,건조,맑음,교차로 - 교차로안,승용,남,49세,상해없음,승용,남,64세,경상
2015121100100191,2015년 12월 11일 09시,금요일,광주광역시 북구 운암동,경상사고,0,0,2,0,차대차 - 추돌 - 진행중,안전거리미확보,건조,맑음,교차로 - 교차로안,승용,여,24세,기타불명,승용,남,36세,경상
2015121100100219,2015년 12월 11일 10시,금요일,광주광역시 서구 양동,경상사고,0,0,1,0,차대사람 - 횡단중,불법유턴,건조,맑음,단일로 - 기타,승용,여,39세,상해없음,보행자,여,64세,경상
2015121100100220,2015년 12월 11일 10시,금요일,광주광역시 광산구 송정동,경상사고,0,0,2,0,차대차 - 추돌 - 주정차중,불법유턴,건조,맑음,단일로 - 기타,승용,여,34세,상해없음,승용,남,43세,상해없음
2015121100100221,2015년 12월 11일 10시,금요일,광주광역시 광산구 도산동,중상사고,0,1,0,0,차대차 - 정면충돌,안전운전불이행,건조,맑음,단일로 - 기타,화물,남,32세,상해없음,자전거,남,81세,중상
2015121100100282,2015년 12월 11일 12시,금요일,광주광역시 남구 백운동,경상사고,0,0,3,0,차대차 - 정면충돌,교차로운행방법위반,건조,맑음,교차로 - 교차로안,승용,남,37세,경상,승용,남,59세,경상
2015121100100353,2015년 12월 11일 14시,금요일,광주광역시 북구 오치동,경상사고,0,0,2,0,차대차 - 측면직각충돌,신호위반,건조,맑음,교차로 - 교차로안,승용,남,35세,상해없음,승용,여,36세,경상
2015121100100388,2015년 12월 11일 15시,금요일,광주광역시 남구 양림동,경상사고,0,0,1,0,차대차 - 정면충돌,안전운전불이행,건조,맑음,교차로 - 교차로부근,자전거,남,74세,경상,화물,남,56세,상해없음
2015121100100389,2015년 12월 11일 15시,금요일,광주광역시 북구 유동,중상사고,0,1,3,0,차대차 - 정면충돌,안전거리미확보,건조,맑음,단일로 - 기타,승용,남,73세,상해없음,승합,여,46세,상해없음
2015121100100390,2015년 12월 11일 15시,금요일,광주광역시 광산구 수완동,경상사고,0,0,2,0,차대차 - 정면충돌,교차로운행방법위반,건조,맑음,교차로 - 교차로안,승용,여,36세,상해없음,승합,남,33세,경상
2015121100100427,2015년 12월 11일 16시,금요일,광주광역시 북구 두암동,경상사고,0,0,1,0,차대차 - 기타,안전운전불이행,건조,맑음,단일로 - 기타,화물,남,58세,상해없음,이륜,남,55세,경상
2015121100100475,2015년 12월 11일 17시,금요일,광주광역시 서구 화정동,경상사고,0,0,2,0,차대차 - 정면충돌,안전거리미확보,건조,맑음,단일로 - 기타,승용,남,32세,경상,승용,남,51세,상해없음
2015121100100476,2015년 12월 11일 17시,금요일,광주광역시 광산구 신창동,경상사고,0,0,1,0,차대차 - 정면충돌,안전운전불이행,건조,맑음,교차로 - 교차로부근,승용,남,50세,상해없음,승용,여,42세,경상
2015121100100541,2015년 12월 11일 18시,금요일,광주광역시 동구 소태동,중상사고,0,1,0,0,차대사람 - 횡단중,안전운전불이행,건조,맑음,단일로 - 기타,승용,여,58세,상해없음,보행자,여,83세,중상
2015121100100542,2015년 12월 11일 18시,금요일,광주광역시 서구 쌍촌동,중상사고,0,1,0,0,차대차 - 측면직각충돌,안전운전불이행,건조,맑음,단일로 - 기타,승용,남,53세,상해없음,이륜,남,23세,중상
2015121100100543,2015년 12월 11일 18시,금요일,광주광역시 서구 금호동,경상사고,0,0,1,0,차대차 - 추돌 - 진행중,안전거리미확보,건조,맑음,교차로 - 교차로부근,승용,여,51세,상해없음,승용,여,39세,경상
2015121100100544,2015년 12월 11일 18시,금요일,광주광역시 서구 벽진동,경상사고,0,0,1,0,차대차 - 측면직각충돌,안전거리미확보,건조,맑음,단일로 - 기타,화물,남,75세,상해없음,승용,여,30세,경상
2015121100100545,2015년 12월 11일 18시,금요일,광주광역시 서구 양동,경상사고,0,0,1,0,차대사람 - 횡단중,안전운전불이행,건조,맑음,단일로 - 횡단보도상,기타불명,기타불명,기타불명,기타불명,보행자,남,57세,경상
2015121100100592,2015년 12월 11일 19시,금요일,광주광역시 남구 주월동,경상사고,0,0,2,0,차대차 - 정면충돌,안전운전불이행,건조,맑음,교차로 - 교차로안,승용,남,62세,상해없음,승용,남,27세,경상
2015121100100653,2015년 12월 11일 21시,금요일,광주광역시 북구 본촌동,경상사고,0,0,1,0,차대차 - 기타,중앙선침범,건조,맑음,교차로 - 교차로부근,화물,남,51세,상해없음,승용,남,48세,경상
2015121100100654,2015년 12월 11일 21시,금요일,광주광역시 북구 신안동,경상사고,0,0,1,0,차대사람 - 횡단중,안전운전불이행,건조,맑음,교차로 - 교차로부근,승용,남,51세,상해없음,보행자,남,41세,경상
2015121100100682,2015년 12월 11일 22시,금요일,광주광역시 남구 월산동,경상사고,0,0,1,0,차대차 - 정면충돌,안전운전불이행,건조,맑음,단일로 - 기타,승용,여,42세,상해없음,자전거,남,22세,경상
2015121100100683,2015년 12월 11일 22시,금요일,광주광역시 북구 운암동,경상사고,0,0,1,0,차대차 - 정면충돌,안전운전불이행,건조,맑음,교차로 - 교차로부근,승용,남,43세,상해없음,승용,남,56세,경상
2015121100100725,2015년 12월 11일 23시,금요일,광주광역시 북구 두암동,경상사고,0,0,2,0,차대차 - 정면충돌,신호위반,건조,맑음,교차로 - 교차로안,승용,남,27세,경상,승용,남,46세,경상
2015121200100180,2015년 12월 12일 08시,토요일,광주광역시 남구 행암동,경상사고,0,0,1,0,차대차 - 측면직각충돌,신호위반,건조,맑음,교차로 - 교차로안,승용,남,58세,상해없음,승용,여,47세,경상
2015121200100206,2015년 12월 12일 09시,토요일,광주광역시 광산구 소촌동,경상사고,0,0,1,0,차대차 - 측면직각충돌,신호위반,건조,맑음,교차로 - 교차로안,화물,남,57세,상해없음,승용,남,60세,경상
2015121200100232,2015년 12월 12일 10시,토요일,광주광역시 서구 치평동,경상사고,0,0,2,0,차대차 - 정면충돌,안전거리미확보,건조,맑음,교차로 - 교차로부근,이륜,남,75세,경상,승용,남,35세,상해없음
2015121200100262,2015년 12월 12일 11시,토요일,광주광역시 서구 매월동,경상사고,0,0,1,0,차대차 - 정면충돌,안전운전불이행,건조,맑음,단일로 - 기타,화물,남,35세,상해없음,승용,남,34세,경상
2015121200100263,2015년 12월 12일 11시,토요일,광주광역시 서구 매월동,경상사고,0,0,2,0,차대차 - 정면충돌,차로위반,건조,맑음,단일로 - 기타,이륜,남,57세,경상,승용,여,28세,경상
2015121200100264,2015년 12월 12일 11시,토요일,광주광역시 남구 서동,중상사고,0,1,0,0,차대사람 - 기타,기타,건조,맑음,단일로 - 기타,승용,남,75세,상해없음,보행자,남,90세 이상,중상
2015121200100301,2015년 12월 12일 12시,토요일,광주광역시 북구 신안동,중상사고,0,1,0,0,차대차 - 정면충돌,안전운전불이행,건조,맑음,교차로 - 교차로부근,이륜,남,55세,중상,이륜,남,23세,상해없음
2015121200100344,2015년 12월 12일 13시,토요일,광주광역시 동구 금남로4가,중상사고,0,1,0,0,차대사람 - 횡단중,안전운전불이행,건조,맑음,단일로 - 기타,승용,남,70세,상해없음,보행자,남,72세,중상
2015121200100345,2015년 12월 12일 13시,토요일,광주광역시 광산구 쌍암동,경상사고,0,0,1,0,차대차 - 정면충돌,안전운전불이행,건조,맑음,교차로 - 교차로안,승용,여,43세,기타불명,원동기,남,36세,경상
2015121200100475,2015년 12월 12일 17시,토요일,광주광역시 북구 운암동,부상신고사고,0,0,0,1,차대차 - 정면충돌,안전거리미확보,건조,맑음,교차로 - 교차로안,승용,남,23세,상해없음,승용,여,54세,부상신고
2015121200100476,2015년 12월 12일 17시,토요일,광주광역시 광산구 신창동,경상사고,0,0,6,0,차대차 - 정면충돌,안전거리미확보,건조,맑음,단일로 - 기타,승용,남,56세,상해없음,승용,남,40세,경상
2015121200100569,2015년 12월 12일 19시,토요일,광주광역시 동구 용산동,중상사고,0,1,1,0,차대사람 - 횡단중,안전운전불이행,건조,맑음,기타 - 기타,이륜,남,19세,상해없음,보행자,여,71세,중상
2015121200100591,2015년 12월 12일 20시,토요일,광주광역시 서구 광천동,경상사고,0,0,1,0,차대차 - 추돌 - 주정차중,안전운전불이행,건조,맑음,단일로 - 기타,승용,여,56세,상해없음,승용,여,25세,경상
2015121200100592,2015년 12월 12일 20시,토요일,광주광역시 광산구 장덕동,경상사고,0,0,1,0,차대차 - 정면충돌,신호위반,건조,맑음,교차로 - 교차로안,승용,남,32세,상해없음,승용,남,23세,경상
2015121200100625,2015년 12월 12일 21시,토요일,광주광역시 북구 양산동,경상사고,0,0,1,0,차대사람 - 길가장자리구역통행중,안전운전불이행,건조,맑음,단일로 - 기타,승용,남,27세,기타불명,보행자,남,20세,경상
2015121200100626,2015년 12월 12일 21시,토요일,광주광역시 광산구 수완동,경상사고,0,0,1,0,차대사람 - 횡단중,신호위반,건조,맑음,단일로 - 기타,승용,여,46세,상해없음,보행자,여,21세,경상
2015121200100665,2015년 12월 12일 22시,토요일,광주광역시 서구 화정동,경상사고,0,0,1,0,차대차 - 정면충돌,안전거리미확보,건조,맑음,단일로 - 기타,승용,남,58세,상해없음,승용,여,50세,경상
2015121300100027,2015년 12월 13일 00시,일요일,광주광역시 남구 방림동,경상사고,0,0,1,0,차대차 - 정면충돌,교차로운행방법위반,건조,맑음,교차로 - 교차로안,승용,남,28세,기타불명,원동기,남,16세,경상
2015121300100102,2015년 12월 13일 04시,일요일,광주광역시 동구 광산동,경상사고,0,0,1,0,차대사람 - 횡단중,안전운전불이행,건조,맑음,기타 - 기타,승용,남,34세,상해없음,보행자,남,23세,경상
2015121300100144,2015년 12월 13일 07시,일요일,광주광역시 광산구 월전동,중상사고,0,1,3,0,차대차 - 정면충돌,신호위반,건조,흐림,교차로 - 교차로안,승용,남,41세,상해없음,승용,여,49세,경상
2015121300100197,2015년 12월 13일 10시,일요일,광주광역시 북구 유동,중상사고,0,1,0,0,차량단독 - 전도전복,안전운전불이행,건조,맑음,단일로 - 기타,승용,여,30세,중상,,,,
2015121300100223,2015년 12월 13일 11시,일요일,광주광역시 북구 문흥동,중상사고,0,1,2,0,차대차 - 정면충돌,신호위반,건조,맑음,교차로 - 교차로안,승용,남,59세,상해없음,승용,여,18세,경상
2015121300100250,2015년 12월 13일 12시,일요일,광주광역시 광산구 쌍암동,경상사고,0,0,3,0,차대차 - 정면충돌,안전운전불이행,건조,맑음,교차로 - 교차로안,승합,남,30세,상해없음,승용,남,44세,경상
2015121300100270,2015년 12월 13일 13시,일요일,광주광역시 서구 치평동,중상사고,0,1,2,0,차대차 - 정면충돌,안전운전불이행,건조,맑음,교차로 - 교차로안,승용,여,54세,중상,승용,남,35세,경상
2015121300100271,2015년 12월 13일 13시,일요일,광주광역시 광산구 신창동,경상사고,0,0,1,0,차대차 - 정면충돌,안전운전불이행,건조,맑음,교차로 - 교차로부근,승용,남,38세,상해없음,원동기,남,21세,경상
2015121300100298,2015년 12월 13일 14시,일요일,광주광역시 서구 금호동,중상사고,0,1,0,0,차대차 - 측면직각충돌,안전운전불이행,건조,맑음,단일로 - 기타,기타불명,기타불명,기타불명,기타불명,이륜,남,22세,중상
2015121300100326,2015년 12월 13일 15시,일요일,광주광역시 북구 신안동,경상사고,0,0,1,0,차대차 - 정면충돌,신호위반,건조,맑음,교차로 - 교차로안,승용,여,46세,상해없음,이륜,남,27세,경상
2015121300100356,2015년 12월 13일 16시,일요일,광주광역시 서구 쌍촌동,경상사고,0,0,1,0,차대사람 - 횡단중,안전운전불이행,건조,맑음,단일로 - 기타,승용,남,55세,상해없음,보행자,남,31세,경상
2015121300100357,2015년 12월 13일 16시,일요일,광주광역시 광산구 우산동,중상사고,0,1,0,0,차대사람 - 횡단중,안전운전불이행,건조,맑음,교차로 - 교차로안,승용,남,66세,상해없음,보행자,남,7세,중상
2015121300100392,2015년 12월 13일 17시,일요일,광주광역시 북구 각화동,중상사고,0,1,2,0,차대차 - 정면충돌,안전운전불이행,건조,맑음,교차로 - 교차로부근,승용,남,65세,상해없음,승용,남,32세,경상
2015121300100502,2015년 12월 13일 21시,일요일,광주광역시 서구 광천동,경상사고,0,0,1,0,차대차 - 측면직각충돌,교차로운행방법위반,건조,맑음,교차로 - 교차로안,승용,남,55세,상해없음,승용,남,52세,경상
2015121300100526,2015년 12월 13일 23시,일요일,광주광역시 북구 오치동,경상사고,0,0,1,0,차대차 - 측면직각충돌,교차로운행방법위반,건조,맑음,교차로 - 교차로안,승용,여,28세,상해없음,원동기,남,19세,경상
2015121400100019,2015년 12월 14일 02시,월요일,광주광역시 동구 호남동,경상사고,0,0,2,0,차대차 - 정면충돌,신호위반,건조,맑음,교차로 - 교차로안,승용,남,24세,경상,승용,남,63세,경상
2015121400100020,2015년 12월 14일 02시,월요일,광주광역시 서구 농성동,경상사고,0,0,3,0,차대차 - 정면충돌,신호위반,건조,맑음,교차로 - 교차로안,승용,남,24세,상해없음,승용,남,38세,경상
2015121400100032,2015년 12월 14일 04시,월요일,광주광역시 동구 황금동,경상사고,0,0,2,0,차대사람 - 길가장자리구역통행중,안전운전불이행,습기,비,단일로 - 기타,이륜,남,17세,경상,보행자,남,18세,경상
2015121400100080,2015년 12월 14일 07시,월요일,광주광역시 서구 화정동,경상사고,0,0,3,0,차대차 - 정면충돌,신호위반,건조,맑음,교차로 - 교차로안,승용,남,58세,상해없음,승용,남,54세,경상
2015121400100081,2015년 12월 14일 07시,월요일,광주광역시 북구 운암동,경상사고,0,0,1,0,차대차 - 정면충돌,신호위반,습기,비,교차로 - 교차로안,화물,남,52세,상해없음,승용,남,58세,경상
2015121400100082,2015년 12월 14일 07시,월요일,광주광역시 광산구 산정동,중상사고,0,1,0,0,차대사람 - 횡단중,안전운전불이행,습기,흐림,교차로 - 교차로부근,승용,남,42세,상해없음,보행자,남,18세,중상
2015121400100161,2015년 12월 14일 09시,월요일,광주광역시 서구 농성동,중상사고,0,1,0,0,차대사람 - 횡단중,신호위반,습기,비,단일로 - 횡단보도상,승용,여,56세,상해없음,보행자,남,42세,중상
2015121400100162,2015년 12월 14일 09시,월요일,광주광역시 광산구 오선동,경상사고,0,0,1,0,차대차 - 정면충돌,안전운전불이행,건조,맑음,교차로 - 교차로안,화물,남,48세,상해없음,화물,남,52세,경상
2015121400100189,2015년 12월 14일 10시,월요일,광주광역시 남구 주월동,경상사고,0,0,1,1,차대차 - 측면직각충돌,신호위반,건조,맑음,교차로 - 교차로안,승용,남,68세,부상신고,승용,남,23세,경상
2015121400100215,2015년 12월 14일 11시,월요일,광주광역시 북구 유동,경상사고,0,0,1,0,차대차 - 추돌 - 진행중,안전운전불이행,건조,흐림,단일로 - 기타,승용,남,34세,상해없음,화물,남,65세,경상
2015121400100267,2015년 12월 14일 13시,월요일,광주광역시 북구 풍향동,경상사고,0,0,1,0,차대차 - 측면직각충돌,신호위반,건조,맑음,교차로 - 교차로안,이륜,남,21세,경상,승용,남,47세,상해없음
2015121400100299,2015년 12월 14일 14시,월요일,광주광역시 동구 금남로5가,경상사고,0,0,1,0,차대차 - 추돌 - 주정차중,안전운전불이행,건조,맑음,단일로 - 기타,건설기계,남,50세,상해없음,승용,여,39세,경상
2015121400100300,2015년 12월 14일 14시,월요일,광주광역시 동구 내남동,경상사고,0,0,1,0,차대차 - 정면충돌,안전운전불이행,건조,맑음,단일로 - 기타,화물,남,51세,상해없음,승용,여,63세,경상
2015121400100301,2015년 12월 14일 14시,월요일,광주광역시 남구 주월동,중상사고,0,1,0,0,차대차 - 정면충돌,안전거리미확보,건조,맑음,단일로 - 기타,원동기,남,16세,기타불명,승합,남,49세,상해없음
2015121400100302,2015년 12월 14일 14시,월요일,광주광역시 광산구 소촌동,경상사고,0,0,1,0,차대차 - 정면충돌,안전운전불이행,건조,맑음,단일로 - 기타,화물,남,39세,상해없음,승용,여,35세,경상
2015121400100324,2015년 12월 14일 15시,월요일,광주광역시 서구 농성동,경상사고,0,0,1,0,차대차 - 추돌 - 진행중,안전거리미확보,건조,맑음,단일로 - 기타,승용,남,48세,상해없음,승용,남,41세,경상