사고번호,사고일시,요일,시군구,사고내용,사망자수,중상자수,경상자수,부상신고자수,사고유형,법규위반,노면상태,기상상태,도로형태,가해운전자 차종,가해운전자 성별,가해운전자 연령,가해운전자 상해정도,피해운전자 차종,피해운전자 성별,피해운전자 연령,피해운전자 상해정도
2015121400100325,2015년 12월 14일 15시,월요일,광주광역시 남구 진월동,경상사고,0,0,1,0,차대차 - 정면충돌,안전운전불이행,건조,맑음,단일로 - 기타,승용,여,51세,상해없음,승용,남,38세,경상
2015121400100431,2015년 12월 14일 17시,월요일,광주광역시 남구 노대동,경상사고,0,0,1,0,차대차 - 기타,안전운전불이행,건조,맑음,교차로 - 교차로부근,기타불명,기타불명,기타불명,기타불명,자전거,남,11세,경상
2015121400100432,2015년 12월 14일 17시,월요일,광주광역시 북구 중흥동,경상사고,0,0,2,0,차대차 - 추돌 - 진행중,안전운전불이행,습기,비,교차로 - 교차로부근,승용,남,54세,상해없음,승용,남,29세,경상
2015121400100433,2015년 12월 14일 17시,월요일,광주광역시 광산구 도천동,경상사고,0,0,1,0,차대차 - 측면직각충돌,안전운전불이행,건조,맑음,교차로 - 교차로안,승용,여,58세,상해없음,승용,여,34세,경상
2015121400100495,2015년 12월 14일 18시,월요일,광주광역시 동구 대의동,경상사고,0,0,3,0,차대차 - 기타,안전거리미확보,건조,맑음,기타 - 기타,승용,남,55세,상해없음,승용,남,52세,상해없음
2015121400100542,2015년 12월 14일 19시,월요일,광주광역시 북구 일곡동,부상신고사고,0,0,0,1,차대사람 - 길가장자리구역통행중,안전운전불이행,습기,비,단일로 - 기타,승용,남,27세,상해없음,보행자,여,12세,부상신고
2015121400100572,2015년 12월 14일 20시,월요일,광주광역시 광산구 장덕동,경상사고,0,0,1,0,차량단독 - 전도전복,안전운전불이행,습기,비,단일로 - 기타,이륜,남,21세,경상,,,,
2015121400100615,2015년 12월 14일 21시,월요일,광주광역시 남구 주월동,경상사고,0,0,1,0,차대차 - 정면충돌,안전운전불이행,건조,맑음,단일로 - 기타,이륜,남,16세,상해없음,승용,남,18세,경상
2015121400100662,2015년 12월 14일 23시,월요일,광주광역시 북구 용봉동,경상사고,0,0,1,0,차대차 - 기타,안전운전불이행,습기,비,교차로 - 교차로안,이륜,남,17세,경상,승용,남,70세,상해없음
2015121400100663,2015년 12월 14일 23시,월요일,광주광역시 광산구 하남동,중상사고,0,1,2,0,차대차 - 측면직각충돌,신호위반,습기,비,교차로 - 교차로안,승합,남,47세,경상,승용,남,48세,중상
2015121400100664,2015년 12월 14일 23시,월요일,광주광역시 광산구 신창동,경상사고,0,0,1,0,차대차 - 정면충돌,안전운전불이행,습기,비,단일로 - 기타,화물,남,63세,상해없음,화물,남,42세,경상
2015121400100665,2015년 12월 14일 23시,월요일,광주광역시 광산구 수완동,경상사고,0,0,2,0,차대차 - 정면충돌,안전운전불이행,습기,비,교차로 - 교차로안,승용,남,34세,상해없음,승용,여,42세,경상
2015121500100028,2015년 12월 15일 00시,화요일,광주광역시 서구 치평동,경상사고,0,0,2,0,차대차 - 측면직각충돌,직진우회전진행방해,습기,비,교차로 - 교차로안,승용,남,41세,상해없음,승용,남,59세,상해없음
2015121500100029,2015년 12월 15일 00시,화요일,광주광역시 남구 주월동,중상사고,0,1,0,0,차대차 - 정면충돌,안전운전불이행,습기,흐림,단일로 - 기타,승용,남,31세,기타불명,승용,여,33세,중상
2015121500100030,2015년 12월 15일 00시,화요일,광주광역시 광산구 산정동,경상사고,0,0,2,0,차대차 - 정면충돌,차로위반,건조,맑음,단일로 - 기타,승용,남,25세,상해없음,승용,남,25세,경상
2015121500100196,2015년 12월 15일 09시,화요일,광주광역시 광산구 하산동,중상사고,0,1,1,0,차대차 - 기타,안전운전불이행,건조,맑음,단일로 - 기타,화물,남,57세,상해없음,원동기,남,17세,중상
2015121500100248,2015년 12월 15일 11시,화요일,광주광역시 동구 장동,경상사고,0,0,3,0,차대차 - 측면직각충돌,교차로운행방법위반,건조,맑음,교차로 - 교차로안,승용,남,23세,상해없음,승용,남,35세,경상
2015121500100302,2015년 12월 15일 13시,화요일,광주광역시 서구 치평동,경상사고,0,0,1,0,차대차 - 측면직각충돌,교차로운행방법위반,건조,맑음,교차로 - 교차로부근,승용,여,67세,상해없음,승용,남,58세,경상
2015121500100384,2015년 12월 15일 16시,화요일,광주광역시 서구 농성동,경상사고,0,0,1,0,차대차 - 추돌 - 주정차중,불법유턴,건조,맑음,단일로 - 기타,승용,여,52세,상해없음,이륜,남,41세,경상
2015121500100433,2015년 12월 15일 17시,화요일,광주광역시 남구 주월동,경상사고,0,0,1,0,차대사람 - 횡단중,안전운전불이행,건조,맑음,단일로 - 기타,승합,남,40세,상해없음,보행자,남,16세,경상
2015121500100434,2015년 12월 15일 17시,화요일,광주광역시 북구 중흥동,경상사고,0,0,1,0,차대차 - 측면직각충돌,안전운전불이행,건조,맑음,단일로 - 기타,승용,남,52세,상해없음,이륜,남,23세,경상
2015121500100483,2015년 12월 15일 18시,화요일,광주광역시 서구 양동,경상사고,0,0,1,0,차대사람 - 횡단중,안전운전불이행,건조,맑음,단일로 - 횡단보도상,승용,남,44세,상해없음,보행자,남,56세,경상
2015121500100484,2015년 12월 15일 18시,화요일,광주광역시 광산구 장덕동,경상사고,0,0,1,0,차대차 - 정면충돌,안전운전불이행,건조,맑음,교차로 - 교차로안,승용,남,55세,상해없음,승용,여,42세,경상
2015121500100543,2015년 12월 15일 20시,화요일,광주광역시 광산구 안청동,경상사고,0,0,1,0,차대차 - 정면충돌,안전운전불이행,건조,맑음,단일로 - 기타,승용,남,43세,상해없음,승용,남,47세,경상
2015121500100567,2015년 12월 15일 21시,화요일,광주광역시 남구 주월동,경상사고,0,0,2,0,차대차 - 정면충돌,안전운전불이행,건조,맑음,교차로 - 교차로안,이륜,남,17세,경상,승용,남,27세,경상
2015121500100568,2015년 12월 15일 21시,화요일,광주광역시 광산구 월곡동,경상사고,0,0,1,0,차대사람 - 길가장자리구역통행중,안전운전불이행,건조,흐림,교차로 - 교차로부근,승용,기타불명,기타불명,기타불명,보행자,여,52세,경상
2015121500100602,2015년 12월 15일 22시,화요일,광주광역시 서구 치평동,경상사고,0,0,2,0,차대차 - 측면직각충돌,직진우회전진행방해,건조,맑음,교차로 - 교차로안,승용,남,47세,상해없음,승용,남,21세,경상
2015121600100021,2015년 12월 16일 00시,수요일,광주광역시 북구 유동,경상사고,0,0,3,0,차대차 - 추돌 - 주정차중,안전운전불이행,건조,맑음,교차로 - 교차로부근,화물,남,22세,상해없음,승용,남,22세,경상
2015121600100100,2015년 12월 16일 07시,수요일,광주광역시 북구 동림동,중상사고,0,1,0,0,차대차 - 정면충돌,안전운전불이행,건조,맑음,단일로 - 기타,승용,남,51세,상해없음,이륜,남,52세,중상
2015121600100157,2015년 12월 16일 09시,수요일,광주광역시 북구 운암동,경상사고,0,0,1,0,차대사람 - 횡단중,안전운전불이행,건조,맑음,교차로 - 교차로안,승용,남,30세,상해없음,보행자,남,74세,경상
2015121600100189,2015년 12월 16일 10시,수요일,광주광역시 북구 중흥동,경상사고,0,0,1,0,차대차 - 측면직각충돌,안전운전불이행,건조,맑음,단일로 - 기타,이륜,남,59세,경상,화물,남,45세,상해없음
2015121600100247,2015년 12월 16일 12시,수요일,광주광역시 광산구 월계동,경상사고,0,0,1,0,차대차 - 측면직각충돌,안전운전불이행,습기,맑음,단일로 - 기타,승용,여,39세,상해없음,원동기,남,20세,경상
2015121600100303,2015년 12월 16일 14시,수요일,광주광역시 동구 지산동,경상사고,0,0,2,0,차대차 - 정면충돌,신호위반,습기,눈,교차로 - 교차로안,승용,남,73세,상해없음,승합,남,56세,상해없음
2015121600100376,2015년 12월 16일 16시,수요일,광주광역시 서구 덕흥동,중상사고,0,1,1,0,차대차 - 정면충돌,안전운전불이행,건조,맑음,단일로 - 기타,화물,남,48세,상해없음,화물,남,63세,경상
2015121600100425,2015년 12월 16일 17시,수요일,광주광역시 북구 두암동,경상사고,0,0,1,0,차대차 - 정면충돌,안전운전불이행,건조,맑음,단일로 - 기타,승용,여,50세,상해없음,이륜,남,53세,경상
2015121600100486,2015년 12월 16일 18시,수요일,광주광역시 북구 유동,경상사고,0,0,1,1,차대차 - 기타,안전운전불이행,적설,눈,교차로 - 교차로부근,승용,남,43세,상해없음,승용,남,34세,상해없음
2015121600100487,2015년 12월 16일 18시,수요일,광주광역시 북구 연제동,중상사고,0,1,0,0,차대사람 - 횡단중,안전운전불이행,습기,눈,교차로 - 교차로부근,승용,남,65세,상해없음,보행자,여,67세,중상
2015121600100526,2015년 12월 16일 19시,수요일,광주광역시 북구 두암동,경상사고,0,0,1,0,차대차 - 추돌 - 진행중,안전운전불이행,습기,눈,교차로 - 교차로안,승용,남,44세,상해없음,화물,남,38세,경상
2015121600100527,2015년 12월 16일 19시,수요일,광주광역시 북구 동림동,경상사고,0,0,1,0,차대사람 - 횡단중,안전운전불이행,적설,눈,교차로 - 교차로부근,승용,여,59세,상해없음,보행자,여,23세,경상
2015121600100622,2015년 12월 16일 22시,수요일,광주광역시 서구 서창동,중상사고,0,1,1,0,차대차 - 측면직각충돌,신호위반,습기,눈,교차로 - 교차로안,승용,남,64세,상해없음,승합,여,50세,경상
2015121600100623,2015년 12월 16일 22시,수요일,광주광역시 광산구 수완동,경상사고,0,0,1,0,차대차 - 측면직각충돌,안전운전불이행,습기,눈,교차로 - 교차로안,승용,남,30세,상해없음,승용,남,34세,경상
2015121600100659,2015년 12월 16일 23시,수요일,광주광역시 서구 풍암동,경상사고,0,0,1,0,차대사람 - 횡단중,보행자보호의무위반,습기,눈,단일로 - 기타,승용,남,31세,상해없음,보행자,남,29세,경상
2015121600100660,2015년 12월 16일 23시,수요일,광주광역시 서구 치평동,경상사고,0,0,2,0,차대차 - 측면직각충돌,안전운전불이행,습기,눈,교차로 - 교차로부근,승용,남,26세,상해없음,승용,남,26세,경상
2015121700100064,2015년 12월 17일 04시,목요일,광주광역시 북구 동림동,경상사고,0,0,1,0,차대차 - 정면충돌,안전운전불이행,습기,기타,단일로 - 기타,승용,남,67세,상해없음,승용,남,31세,상해없음
2015121700100118,2015년 12월 17일 07시,목요일,광주광역시 서구 풍암동,경상사고,0,0,1,0,차대차 - 추돌 - 진행중,안전거리미확보,습기,눈,단일로 - 기타,승용,남,64세,상해없음,승용,여,52세,경상
2015121700100159,2015년 12월 17일 08시,목요일,광주광역시 광산구 신가동,부상신고사고,0,0,0,1,차대차 - 추돌 - 진행중,차로위반,습기,흐림,교차로 - 교차로부근,승합,남,38세,기타불명,승용,여,31세,부상신고
2015121700100194,2015년 12월 17일 09시,목요일,광주광역시 동구 소태동,경상사고,0,0,2,0,차대차 - 추돌 - 주정차중,안전운전불이행,적설,흐림,단일로 - 기타,승용,여,47세,경상,승용,남,49세,기타불명
2015121700100195,2015년 12월 17일 09시,목요일,광주광역시 북구 운암동,경상사고,0,0,3,0,차대차 - 정면충돌,중앙선침범,습기,맑음,단일로 - 기타,승용,남,29세,상해없음,승용,남,53세,경상
2015121700100196,2015년 12월 17일 09시,목요일,광주광역시 광산구 선동,경상사고,0,0,1,0,차량단독 - 전도전복,안전운전불이행,결빙,눈,단일로 - 기타,승용,여,45세,경상,,,,
2015121700100226,2015년 12월 17일 10시,목요일,광주광역시 서구 쌍촌동,중상사고,0,1,11,0,차대차 - 측면직각충돌,신호위반,건조,맑음,교차로 - 교차로안,승용,남,47세,경상,승합,남,46세,경상
2015121700100227,2015년 12월 17일 10시,목요일,광주광역시 서구 금호동,경상사고,0,0,2,0,차대차 - 추돌 - 진행중,안전운전불이행,결빙,맑음,교차로 - 교차로부근,승용,남,19세,상해없음,승용,남,63세,경상
2015121700100310,2015년 12월 17일 13시,목요일,광주광역시 동구 산수동,경상사고,0,0,1,0,차대차 - 기타,안전거리미확보,습기,비,단일로 - 횡단보도부근,승용,남,72세,상해없음,승용,남,32세,경상
2015121700100311,2015년 12월 17일 13시,목요일,광주광역시 서구 치평동,중상사고,0,1,0,0,차대사람 - 횡단중,보행자보호의무위반,건조,맑음,교차로 - 교차로안,화물,남,33세,상해없음,보행자,여,78세,중상
2015121700100337,2015년 12월 17일 14시,목요일,광주광역시 서구 풍암동,경상사고,0,0,2,0,차대차 - 정면충돌,신호위반,건조,맑음,교차로 - 교차로안,화물,남,49세,경상,승용,여,29세,경상
2015121700100338,2015년 12월 17일 14시,목요일,광주광역시 북구 운암동,경상사고,0,0,1,0,차대사람 - 횡단중,안전운전불이행,건조,맑음,교차로 - 교차로부근,화물,남,69세,상해없음,보행자,여,12세,경상
2015121700100419,2015년 12월 17일 16시,목요일,광주광역시 북구 누문동,경상사고,0,0,2,0,차대차 - 정면충돌,교차로운행방법위반,건조,맑음,교차로 - 교차로안,원동기,남,50세,경상,승용,남,41세,경상
2015121700100462,2015년 12월 17일 17시,목요일,광주광역시 동구 서석동,경상사고,0,0,1,0,차대차 - 기타,안전운전불이행,건조,맑음,단일로 - 기타,승용,남,54세,상해없음,승용,남,32세,경상
2015121700100463,2015년 12월 17일 17시,목요일,광주광역시 남구 진월동,경상사고,0,0,1,0,차대차 - 정면충돌,안전거리미확보,건조,맑음,단일로 - 기타,승용,남,45세,기타불명,승용,여,44세,경상
2015121700100520,2015년 12월 17일 18시,목요일,광주광역시 서구 화정동,경상사고,0,0,1,0,차대사람 - 횡단중,안전운전불이행,건조,맑음,단일로 - 기타,화물,남,58세,상해없음,보행자,남,13세,경상
2015121700100521,2015년 12월 17일 18시,목요일,광주광역시 북구 용봉동,경상사고,0,0,1,0,차대차 - 정면충돌,안전거리미확보,건조,맑음,교차로 - 교차로부근,승용,남,45세,상해없음,승용,여,47세,경상
2015121700100522,2015년 12월 17일 18시,목요일,광주광역시 북구 신용동,중상사고,0,1,0,0,차대사람 - 횡단중,안전운전불이행,건조,흐림,단일로 - 기타,원동기,남,36세,상해없음,보행자,여,73세,중상
2015121700100523,2015년 12월 17일 18시,목요일,광주광역시 광산구 신창동,경상사고,0,0,1,0,차대차 - 정면충돌,안전운전불이행,건조,맑음,기타 - 기타,승용,남,58세,상해없음,승용,남,30세,경상
2015121700100524,2015년 12월 17일 18시,목요일,광주광역시 광산구 수완동,경상사고,0,0,1,0,차대차 - 정면충돌,안전운전불이행,건조,맑음,단일로 - 기타,승용,남,48세,상해없음,승용,남,37세,경상
2015121700100598,2015년 12월 17일 20시,목요일,광주광역시 북구 오치동,경상사고,0,0,3,0,차대차 - 추돌 - 주정차중,안전거리미확보,건조,맑음,단일로 - 기타,승용,남,56세,상해없음,승용,여,56세,경상
2015121700100599,2015년 12월 17일 20시,목요일,광주광역시 북구 양산동,중상사고,0,1,0,0,차대사람 - 횡단중,안전운전불이행,건조,맑음,단일로 - 기타,승용,여,23세,상해없음,보행자,여,63세,중상
2015121700100622,2015년 12월 17일 21시,목요일,광주광역시 북구 오치동,경상사고,0,0,5,0,차대차 - 정면충돌,안전거리미확보,건조,맑음,단일로 - 기타,승용,남,57세,상해없음,승용,여,25세,경상
2015121700100661,2015년 12월 17일 22시,목요일,광주광역시 남구 노대동,중상사고,0,1,0,0,차대차 - 정면충돌,중앙선침범,건조,맑음,교차로 - 교차로부근,화물,남,34세,상해없음,원동기,남,27세,중상
2015121700100662,2015년 12월 17일 22시,목요일,광주광역시 북구 운암동,경상사고,0,0,2,0,차대차 - 측면직각충돌,중앙선침범,건조,맑음,단일로 - 교량,승용,기타불명,기타불명,기타불명,승용,남,43세,경상
2015121700100692,2015년 12월 17일 23시,목요일,광주광역시 광산구 신창동,경상사고,0,0,2,0,차대차 - 추돌 - 주정차중,안전운전불이행,건조,맑음,단일로 - 기타,승용,남,25세,상해없음,승용,여,47세,경상
2015121800100048,2015년 12월 18일 02시,금요일,광주광역시 서구 내방동,경상사고,0,0,3,0,차대차 - 정면충돌,안전거리미확보,건조,맑음,단일로 - 기타,승용,남,34세,상해없음,승용,남,23세,경상
2015121800100087,2015년 12월 18일 06시,금요일,광주광역시 광산구 신창동,중상사고,0,1,5,0,차대차 - 정면충돌,신호위반,건조,맑음,교차로 - 교차로안,승용,남,32세,중상,승합,남,53세,경상
2015121800100161,2015년 12월 18일 08시,금요일,광주광역시 동구 불로동,중상사고,0,1,0,0,차대사람 - 횡단중,안전운전불이행,건조,맑음,단일로 - 기타,승용,남,54세,상해없음,보행자,여,56세,중상
2015121800100162,2015년 12월 18일 08시,금요일,광주광역시 북구 중흥동,경상사고,0,0,1,0,차대차 - 정면충돌,직진우회전진행방해,건조,흐림,교차로 - 교차로안,승용,남,52세,기타불명,자전거,남,12세,경상
2015121800100163,2015년 12월 18일 08시,금요일,광주광역시 광산구 송정동,중상사고,0,1,0,0,차량단독 - 기타,기타,건조,맑음,단일로 - 기타,승합,남,50세,상해없음,,,,
2015121800100164,2015년 12월 18일 08시,금요일,광주광역시 광산구 본덕동,경상사고,0,0,2,0,차대차 - 측면직각충돌,안전거리미확보,건조,맑음,단일로 - 기타,승용,남,60세,상해없음,승용,여,34세,경상
2015121800100186,2015년 12월 18일 09시,금요일,광주광역시 남구 노대동,중상사고,0,1,0,0,차대사람 - 기타,안전운전불이행,건조,흐림,교차로 - 교차로안,승합,남,48세,상해없음,보행자,여,65세,중상
2015121800100216,2015년 12월 18일 10시,금요일,광주광역시 남구 진월동,경상사고,0,0,1,0,차대차 - 정면충돌,차로위반,건조,맑음,단일로 - 기타,승용,남,26세,상해없음,승용,남,66세,경상
2015121800100217,2015년 12월 18일 10시,금요일,광주광역시 광산구 송정동,중상사고,0,1,0,0,차대사람 - 횡단중,안전운전불이행,건조,맑음,교차로 - 교차로부근,승용,남,64세,상해없음,보행자,여,82세,중상
2015121800100242,2015년 12월 18일 11시,금요일,광주광역시 서구 유촌동,경상사고,0,0,1,0,차대차 - 측면직각충돌,안전운전불이행,건조,맑음,교차로 - 교차로부근,승용,여,39세,상해없음,승용,여,44세,경상
2015121800100273,2015년 12월 18일 12시,금요일,광주광역시 서구 마륵동,경상사고,0,0,2,0,차대차 - 측면직각충돌,안전운전불이행,건조,맑음,교차로 - 교차로부근,승합,남,42세,상해없음,승용,여,46세,경상
2015121800100274,2015년 12월 18일 12시,금요일,광주광역시 남구 월산동,경상사고,0,0,1,0,차대차 - 추돌 - 주정차중,안전운전불이행,건조,맑음,단일로 - 횡단보도부근,원동기,남,22세,상해없음,승용,남,30세,경상
2015121800100307,2015년 12월 18일 13시,금요일,광주광역시 북구 동림동,경상사고,0,0,1,0,차대차 - 정면충돌,신호위반,건조,맑음,교차로 - 교차로안,원동기,남,18세,경상,승용,여,47세,상해없음
2015121800100308,2015년 12월 18일 13시,금요일,광주광역시 북구 문흥동,경상사고,0,0,1,0,차대차 - 기타,안전운전불이행,건조,맑음,단일로 - 기타,승용,남,34세,상해없음,승용,남,67세,상해없음
2015121800100309,2015년 12월 18일 13시,금요일,광주광역시 광산구 도산동,경상사고,0,0,2,0,차대차 - 정면충돌,안전거리미확보,건조,맑음,단일로 - 기타,기타불명,기타불명,기타불명,기타불명,승용,여,34세,경상
2015121800100377,2015년 12월 18일 15시,금요일,광주광역시 광산구 월계동,경상사고,0,0,1,0,차대사람 - 횡단중,안전운전불이행,건조,맑음,단일로 - 기타,화물,남,44세,상해없음,보행자,여,52세,경상
2015121800100414,2015년 12월 18일 16시,금요일,광주광역시 북구 각화동,경상사고,0,0,1,0,차대차 - 측면직각충돌,안전운전불이행,건조,맑음,교차로 - 교차로안,화물,여,43세,상해없음,승용,여,59세,경상
2015121800100415,2015년 12월 18일 16시,금요일,광주광역시 광산구 신창동,경상사고,0,0,1,0,차대사람 - 횡단중,안전운전불이행,건조,맑음,교차로 - 교차로부근,승용,여,49세,상해없음,보행자,여,13세,경상
2015121800100416,2015년 12월 18일 16시,금요일,광주광역시 광산구 산정동,경상사고,0,0,1,0,차대차 - 정면충돌,교차로운행방법위반,건조,맑음,교차로 - 교차로부근,승용,여,66세,상해없음,승용,여,36세,경상
2015121800100461,2015년 12월 18일 17시,금요일,광주광역시 동구 금남로3가,경상사고,0,0,1,0,차대차 - 측면직각충돌,기타,건조,맑음,교차로 - 교차로안,이륜,여,30세,경상,승용,남,50세,상해없음
2015121800100462,2015년 12월 18일 17시,금요일,광주광역시 남구 봉선동,중상사고,0,1,0,0,차대사람 - 횡단중,보행자보호의무위반,건조,맑음,단일로 - 횡단보도상,승용,여,46세,상해없음,보행자,남,10세,중상
2015121800100463,2015년 12월 18일 17시,금요일,광주광역시 광산구 옥동,경상사고,0,0,1,0,차대차 - 정면충돌,중앙선침범,건조,맑음,단일로 - 기타,화물,남,64세,상해없음,승용,남,48세,경상
2015121800100520,2015년 12월 18일 18시,금요일,광주광역시 서구 화정동,경상사고,0,0,1,0,차량단독 - 기타,기타,건조,맑음,단일로 - 기타,승합,남,57세,상해없음,,,,
2015121800100521,2015년 12월 18일 18시,금요일,광주광역시 북구 각화동,경상사고,0,0,1,0,차대사람 - 횡단중,안전운전불이행,건조,맑음,교차로 - 교차로안,승용,남,59세,상해없음,보행자,남,81세,경상
2015121800100522,2015년 12월 18일 18시,금요일,광주광역시 광산구 비아동,경상사고,0,0,1,0,차대차 - 정면충돌,안전운전불이행,건조,맑음,교차로 - 교차로안,승용,남,26세,상해없음,자전거,남,16세,경상
2015121800100523,2015년 12월 18일 18시,금요일,광주광역시 광산구 신창동,경상사고,0,0,5,0,차대차 - 정면충돌,안전운전불이행,건조,맑음,단일로 - 기타,승용,남,54세,상해없음,승용,여,37세,경상
2015121800100568,2015년 12월 18일 19시,금요일,광주광역시 서구 금호동,중상사고,0,1,0,0,차대사람 - 횡단중,신호위반,건조,맑음,교차로 - 교차로부근,승용,남,45세,상해없음,보행자,여,16세,중상
2015121800100569,2015년 12월 18일 19시,금요일,광주광역시 서구 벽진동,중상사고,0,1,4,0,차대차 - 추돌 - 진행중,안전거리미확보,건조,맑음,단일로 - 기타,승용,남,58세,기타불명,승용,남,55세,상해없음
2015121800100570,2015년 12월 18일 19시,금요일,광주광역시 광산구 비아동,경상사고,0,0,2,0,차대차 - 정면충돌,안전운전불이행,건조,맑음,교차로 - 교차로안,승용,남,21세,상해없음,승용,남,43세,상해없음
2015121800100571,2015년 12월 18일 19시,금요일,광주광역시 광산구 장덕동,경상사고,0,0,3,0,차대차 - 측면직각충돌,안전거리미확보,건조,맑음,교차로 - 교차로부근,승용,여,54세,경상,승용,남,51세,경상
2015121800100615,2015년 12월 18일 20시,금요일,광주광역시 북구 양산동,경상사고,0,0,2,0,차대차 - 정면충돌,교차로운행방법위반,건조,맑음,교차로 - 교차로안,승용,여,49세,상해없음,승용,남,45세,경상
2015121800100616,2015년 12월 18일 20시,금요일,광주광역시 북구 유동,경상사고,0,0,2,0,차대차 - 기타,안전운전불이행,건조,맑음,단일로 - 기타,승용,여,59세,상해없음,승용,남,20세,경상
2015121800100657,2015년 12월 18일 21시,금요일,광주광역시 서구 내방동,경상사고,0,0,1,0,차대사람 - 횡단중,보행자보호의무위반,건조,맑음,단일로 - 기타,승용,남,49세,상해없음,보행자,여,24세,경상
2015121800100658,2015년 12월 18일 21시,금요일,광주광역시 광산구 송정동,경상사고,0,0,2,0,차대차 - 정면충돌,안전거리미확보,건조,맑음,단일로 - 기타,승용,남,45세,상해없음,승용,여,49세,경상
2015121800100723,2015년 12월 18일 23시,금요일,광주광역시 남구 주월동,경상사고,0,0,1,0,차대차 - 정면충돌,신호위반,건조,맑음,교차로 - 교차로안,승용,여,26세,상해없음,이륜,남,19세,경상
2015121800100724,2015년 12월 18일 23시,금요일,광주광역시 광산구 월계동,경상사고,0,0,1,0,차대차 - 정면충돌,차로위반,건조,흐림,단일로 - 기타,기타불명,기타불명,기타불명,기타불명,원동기,남,17세,경상
2015121900100091,2015년 12월 19일 03시,토요일,광주광역시 동구 대인동,경상사고,0,0,2,0,차대차 - 정면충돌,안전운전불이행,건조,흐림,교차로 - 교차로부근,승용,여,34세,경상,승용,남,71세,경상
2015121900100104,2015년 12월 19일 04시,토요일,광주광역시 서구 치평동,중상사고,0,1,2,0,차대차 - 정면충돌,교차로운행방법위반,기타,기타,교차로 - 교차로안,승용,여,43세,경상,승용,남,51세,경상
2015121900100105,2015년 12월 19일 04시,토요일,광주광역시 북구 동림동,경상사고,0,0,2,0,차대차 - 정면충돌,신호위반,건조,맑음,교차로 - 교차로안,승용,여,67세,경상,승용,남,29세,경상
2015121900100137,2015년 12월 19일 06시,토요일,광주광역시 북구 매곡동,중상사고,0,1,0,0,차대사람 - 횡단중,보행자보호의무위반,건조,맑음,단일로 - 횡단보도상,승용,남,45세,상해없음,보행자,남,51세,중상
2015121900100138,2015년 12월 19일 06시,토요일,광주광역시 북구 각화동,중상사고,0,1,0,0,차대사람 - 횡단중,신호위반,건조,맑음,단일로 - 횡단보도상,승용,여,60세,상해없음,보행자,여,41세,중상
2015121900100194,2015년 12월 19일 08시,토요일,광주광역시 광산구 도천동,경상사고,0,0,1,0,차대차 - 측면직각충돌,차로위반,건조,맑음,교차로 - 교차로부근,승용,남,34세,상해없음,승용,남,40세,경상
2015121900100238,2015년 12월 19일 10시,토요일,광주광역시 남구 주월동,경상사고,0,0,1,0,차대사람 - 횡단중,안전운전불이행,건조,맑음,교차로 - 교차로부근,승용,여,58세,상해없음,보행자,여,35세,경상
2015121900100239,2015년 12월 19일 10시,토요일,광주광역시 남구 백운동,경상사고,0,0,1,0,차대사람 - 횡단중,안전운전불이행,건조,맑음,교차로 - 교차로안,승용,남,31세,상해없음,보행자,남,74세,경상
2015121900100240,2015년 12월 19일 10시,토요일,광주광역시 북구 삼각동,사망사고,1,0,0,0,차대사람 - 횡단중,안전운전불이행,건조,맑음,단일로 - 기타,승용,남,62세,상해없음,보행자,여,78세,사망
2015121900100339,2015년 12월 19일 13시,토요일,광주광역시 광산구 흑석동,중상사고,0,1,1,0,차대차 - 정면충돌,중앙선침범,건조,맑음,단일로 - 기타,화물,남,56세,경상,화물,남,55세,중상
2015121900100367,2015년 12월 19일 14시,토요일,광주광역시 서구 광천동,경상사고,0,0,1,0,차대차 - 정면충돌,안전거리미확보,건조,맑음,단일로 - 기타,승용,남,53세,상해없음,승용,여,34세,경상
2015121900100491,2015년 12월 19일 17시,토요일,광주광역시 북구 운암동,부상신고사고,0,0,0,2,차대차 - 추돌 - 주정차중,안전운전불이행,건조,맑음,교차로 - 교차로부근,승용,기타불명,기타불명,기타불명,승용,남,60세,부상신고
2015121900100492,2015년 12월 19일 17시,토요일,광주광역시 북구 매곡동,경상사고,0,0,1,0,차대차 - 정면충돌,안전운전불이행,건조,맑음,단일로 - 기타,승용,남,55세,상해없음,자전거,남,86세,경상
2015121900100596,2015년 12월 19일 19시,토요일,광주광역시 동구 대인동,중상사고,0,1,2,0,차대차 - 정면충돌,안전운전불이행,건조,맑음,단일로 - 기타,승용,남,44세,경상,승용,여,27세,기타불명
2015121900100597,2015년 12월 19일 19시,토요일,광주광역시 동구 불로동,경상사고,0,0,2,0,차대차 - 측면직각충돌,안전거리미확보,건조,맑음,단일로 - 기타,승용,남,48세,경상,승용,남,59세,경상
2015121900100598,2015년 12월 19일 19시,토요일,광주광역시 북구 운암동,경상사고,0,0,1,0,차대차 - 추돌 - 진행중,안전운전불이행,건조,맑음,단일로 - 기타,승용,남,25세,상해없음,승용,남,56세,경상