사고번호,사고일시,요일,시군구,사고내용,사망자수,중상자수,경상자수,부상신고자수,사고유형,법규위반,노면상태,기상상태,도로형태,가해운전자 차종,가해운전자 성별,가해운전자 연령,가해운전자 상해정도,피해운전자 차종,피해운전자 성별,피해운전자 연령,피해운전자 상해정도
2015122600100060,2015년 12월 26일 04시,토요일,광주광역시 서구 농성동,중상사고,0,1,0,0,차대사람 - 차도통행중,안전운전불이행,건조,맑음,단일로 - 기타,승용,기타불명,기타불명,기타불명,보행자,여,26세,중상
2015122600100080,2015년 12월 26일 05시,토요일,광주광역시 서구 화정동,경상사고,0,0,1,0,차대사람 - 기타,안전운전불이행,건조,맑음,단일로 - 기타,승용,남,29세,상해없음,보행자,남,26세,경상
2015122600100134,2015년 12월 26일 08시,토요일,광주광역시 북구 두암동,경상사고,0,0,1,0,차대사람 - 횡단중,안전운전불이행,건조,맑음,단일로 - 횡단보도부근,화물,남,60세,상해없음,보행자,남,24세,경상
2015122600100147,2015년 12월 26일 09시,토요일,광주광역시 서구 광천동,경상사고,0,0,1,0,차대차 - 추돌 - 주정차중,안전운전불이행,건조,맑음,교차로 - 교차로부근,승용,남,49세,상해없음,승용,여,36세,경상
2015122600100148,2015년 12월 26일 09시,토요일,광주광역시 북구 각화동,경상사고,0,0,2,0,차대차 - 측면직각충돌,중앙선침범,건조,맑음,기타 - 기타,승용,남,58세,상해없음,승용,남,57세,경상
2015122600100166,2015년 12월 26일 10시,토요일,광주광역시 광산구 우산동,사망사고,1,0,0,0,차대사람 - 횡단중,불법유턴,건조,맑음,단일로 - 기타,화물,남,43세,상해없음,보행자,여,82세,사망
2015122600100246,2015년 12월 26일 13시,토요일,광주광역시 서구 금호동,경상사고,0,0,5,0,차대차 - 정면충돌,직진우회전진행방해,건조,맑음,교차로 - 교차로안,승용,여,26세,상해없음,승용,여,47세,경상
2015122600100247,2015년 12월 26일 13시,토요일,광주광역시 서구 매월동,경상사고,0,0,1,0,차대차 - 측면직각충돌,안전운전불이행,건조,맑음,교차로 - 교차로안,승용,여,42세,상해없음,이륜,남,37세,경상
2015122600100279,2015년 12월 26일 14시,토요일,광주광역시 광산구 연산동,사망사고,1,0,0,0,차대사람 - 횡단중,안전운전불이행,건조,맑음,단일로 - 기타,승용,여,61세,상해없음,보행자,남,78세,사망
2015122600100374,2015년 12월 26일 17시,토요일,광주광역시 광산구 우산동,경상사고,0,0,3,0,차대차 - 정면충돌,안전운전불이행,건조,맑음,단일로 - 기타,승용,남,43세,상해없음,승용,남,58세,경상
2015122600100433,2015년 12월 26일 18시,토요일,광주광역시 동구 대인동,중상사고,0,1,0,0,차대사람 - 횡단중,안전운전불이행,건조,맑음,단일로 - 기타,승용,남,54세,상해없음,보행자,여,62세,중상
2015122600100434,2015년 12월 26일 18시,토요일,광주광역시 남구 진월동,경상사고,0,0,3,0,차대차 - 측면직각충돌,신호위반,건조,맑음,단일로 - 기타,승용,여,23세,상해없음,승용,여,42세,경상
2015122600100435,2015년 12월 26일 18시,토요일,광주광역시 북구 두암동,중상사고,0,1,0,0,차대차 - 측면직각충돌,중앙선침범,건조,맑음,단일로 - 기타,승용,여,51세,상해없음,이륜,남,24세,중상
2015122600100436,2015년 12월 26일 18시,토요일,광주광역시 광산구 신가동,중상사고,0,1,1,0,차대사람 - 횡단중,신호위반,건조,맑음,교차로 - 교차로부근,승용,남,46세,상해없음,보행자,여,19세,중상
2015122600100473,2015년 12월 26일 19시,토요일,광주광역시 북구 신용동,중상사고,0,1,0,0,차대차 - 기타,안전운전불이행,건조,맑음,단일로 - 기타,승용,남,54세,상해없음,이륜,남,23세,중상
2015122600100474,2015년 12월 26일 19시,토요일,광주광역시 북구 임동,중상사고,0,1,0,0,차대사람 - 길가장자리구역통행중,안전운전불이행,건조,맑음,단일로 - 기타,승용,남,63세,상해없음,보행자,여,66세,중상
2015122600100492,2015년 12월 26일 20시,토요일,광주광역시 광산구 지죽동,경상사고,0,0,3,0,차대차 - 추돌 - 진행중,안전운전불이행,건조,맑음,단일로 - 기타,승용,남,31세,경상,승용,남,56세,경상
2015122600100496,2015년 12월 26일 20시,토요일,광주광역시 서구 화정동,경상사고,0,0,2,0,차대차 - 정면충돌,신호위반,건조,맑음,교차로 - 교차로안,승용,여,30세,상해없음,승용,남,29세,경상
2015122600100497,2015년 12월 26일 20시,토요일,광주광역시 북구 운암동,중상사고,0,1,2,0,차대차 - 측면직각충돌,안전운전불이행,건조,맑음,교차로 - 교차로안,승용,여,56세,경상,승용,여,35세,경상
2015122600100523,2015년 12월 26일 21시,토요일,광주광역시 남구 노대동,경상사고,0,0,1,0,차대차 - 정면충돌,안전운전불이행,건조,맑음,단일로 - 기타,승용,남,39세,상해없음,승용,남,24세,경상
2015122600100551,2015년 12월 26일 22시,토요일,광주광역시 동구 산수동,중상사고,0,1,0,0,차대차 - 측면직각충돌,중앙선침범,건조,흐림,단일로 - 기타,승용,남,58세,상해없음,이륜,남,27세,중상
2015122600100577,2015년 12월 26일 23시,토요일,광주광역시 광산구 복룡동,부상신고사고,0,0,0,1,차량단독 - 공작물충돌,안전운전불이행,건조,맑음,교차로 - 교차로안,승용,남,65세,부상신고,,,,
2015122700100056,2015년 12월 27일 02시,일요일,광주광역시 서구 광천동,경상사고,0,0,2,0,차대차 - 정면충돌,안전운전불이행,건조,맑음,단일로 - 기타,승용,남,36세,상해없음,승용,남,50세,경상
2015122700100057,2015년 12월 27일 02시,일요일,광주광역시 서구 화정동,경상사고,0,0,1,0,차대차 - 정면충돌,안전운전불이행,건조,맑음,단일로 - 기타,승용,남,29세,상해없음,승용,여,41세,경상
2015122700100058,2015년 12월 27일 02시,일요일,광주광역시 서구 치평동,경상사고,0,0,2,0,차대사람 - 차도통행중,중앙선침범,건조,맑음,단일로 - 기타,승용,남,26세,상해없음,보행자,여,29세,경상
2015122700100059,2015년 12월 27일 02시,일요일,광주광역시 북구 연제동,경상사고,0,0,1,0,차대차 - 추돌 - 진행중,안전운전불이행,건조,맑음,단일로 - 기타,승용,남,30세,상해없음,승합,남,52세,경상
2015122700100079,2015년 12월 27일 03시,일요일,광주광역시 서구 치평동,경상사고,0,0,1,0,차대사람 - 길가장자리구역통행중,안전운전불이행,건조,맑음,단일로 - 기타,승용,남,21세,상해없음,보행자,남,25세,경상
2015122700100080,2015년 12월 27일 03시,일요일,광주광역시 서구 화정동,경상사고,0,0,2,0,차대차 - 추돌 - 주정차중,안전운전불이행,건조,맑음,단일로 - 기타,승용,남,54세,상해없음,승용,남,34세,경상
2015122700100089,2015년 12월 27일 04시,일요일,광주광역시 북구 연제동,경상사고,0,0,1,0,차대차 - 기타,안전운전불이행,건조,맑음,단일로 - 기타,승용,남,28세,상해없음,승용,남,26세,상해없음
2015122700100199,2015년 12월 27일 11시,일요일,광주광역시 북구 신안동,경상사고,0,0,2,0,차대차 - 측면직각충돌,안전운전불이행,건조,맑음,교차로 - 교차로부근,승합,남,58세,상해없음,승용,남,52세,경상
2015122700100216,2015년 12월 27일 12시,일요일,광주광역시 북구 동림동,경상사고,0,0,1,0,차대차 - 측면직각충돌,안전운전불이행,건조,맑음,교차로 - 교차로부근,승용,남,58세,상해없음,화물,남,54세,경상
2015122700100262,2015년 12월 27일 14시,일요일,광주광역시 동구 대인동,경상사고,0,0,4,0,차대차 - 정면충돌,안전거리미확보,건조,맑음,단일로 - 기타,승용,남,55세,상해없음,승용,남,57세,경상
2015122700100263,2015년 12월 27일 14시,일요일,광주광역시 남구 행암동,경상사고,0,0,2,0,차대차 - 추돌 - 주정차중,안전운전불이행,건조,맑음,단일로 - 기타,승용,남,56세,상해없음,승용,남,65세,경상
2015122700100264,2015년 12월 27일 14시,일요일,광주광역시 광산구 신창동,경상사고,0,0,1,0,차대차 - 정면충돌,안전운전불이행,건조,맑음,교차로 - 교차로안,승용,남,50세,상해없음,원동기,남,21세,경상
2015122700100324,2015년 12월 27일 16시,일요일,광주광역시 서구 광천동,경상사고,0,0,2,0,차대차 - 정면충돌,차로위반,건조,맑음,단일로 - 기타,승용,남,46세,상해없음,승용,남,34세,경상
2015122700100446,2015년 12월 27일 20시,일요일,광주광역시 북구 신용동,경상사고,0,0,1,0,차대사람 - 횡단중,안전운전불이행,건조,맑음,단일로 - 기타,승용,남,34세,기타불명,보행자,여,25세,경상
2015122700100487,2015년 12월 27일 22시,일요일,광주광역시 서구 내방동,경상사고,0,0,1,0,차대차 - 정면충돌,안전거리미확보,건조,맑음,교차로 - 교차로부근,승용,여,23세,상해없음,승용,남,27세,경상
2015122700100512,2015년 12월 27일 23시,일요일,광주광역시 서구 치평동,경상사고,0,0,2,0,차대차 - 정면충돌,교차로운행방법위반,건조,맑음,교차로 - 교차로부근,승용,남,24세,상해없음,승용,남,52세,경상
2015122700100513,2015년 12월 27일 23시,일요일,광주광역시 서구 쌍촌동,경상사고,0,0,5,0,차대차 - 측면직각충돌,교차로운행방법위반,건조,맑음,교차로 - 교차로안,승용,남,29세,경상,승용,남,32세,경상
2015122800100042,2015년 12월 28일 04시,월요일,광주광역시 북구 장등동,중상사고,0,2,1,0,차대차 - 정면충돌,중앙선침범,건조,맑음,단일로 - 기타,승용,여,47세,중상,화물,남,49세,중상
2015122800100126,2015년 12월 28일 09시,월요일,광주광역시 광산구 도천동,중상사고,0,1,0,2,차대차 - 추돌 - 진행중,안전운전불이행,건조,맑음,단일로 - 기타,화물,남,26세,중상,승용,남,59세,상해없음
2015122800100134,2015년 12월 28일 09시,월요일,광주광역시 동구 계림동,경상사고,0,0,1,0,차대차 - 정면충돌,교차로운행방법위반,건조,기타,교차로 - 교차로안,승용,여,57세,상해없음,승용,남,58세,상해없음
2015122800100135,2015년 12월 28일 09시,월요일,광주광역시 북구 운암동,경상사고,0,0,1,0,차대차 - 추돌 - 주정차중,안전거리미확보,건조,맑음,교차로 - 교차로부근,승용,남,25세,상해없음,승용,남,40세,경상
2015122800100136,2015년 12월 28일 09시,월요일,광주광역시 광산구 월계동,경상사고,0,0,1,0,차대차 - 측면직각충돌,차로위반,건조,맑음,단일로 - 기타,승용,여,44세,상해없음,승용,남,62세,경상
2015122800100137,2015년 12월 28일 09시,월요일,광주광역시 광산구 지평동,경상사고,0,0,1,0,차량단독 - 전도전복,기타,건조,맑음,단일로 - 기타,승합,남,55세,상해없음,,,,
2015122800100170,2015년 12월 28일 10시,월요일,광주광역시 동구 계림동,경상사고,0,0,1,0,차대차 - 기타,안전운전불이행,건조,맑음,교차로 - 교차로안,승용,여,51세,기타불명,자전거,남,72세,경상
2015122800100171,2015년 12월 28일 10시,월요일,광주광역시 북구 양산동,경상사고,0,0,1,0,차대차 - 측면직각충돌,차로위반,건조,맑음,단일로 - 기타,화물,남,62세,상해없음,승용,남,61세,경상
2015122800100172,2015년 12월 28일 10시,월요일,광주광역시 북구 본촌동,경상사고,0,0,1,0,차대차 - 기타,안전운전불이행,건조,맑음,교차로 - 교차로안,승용,남,67세,상해없음,승용,여,39세,경상
2015122800100231,2015년 12월 28일 12시,월요일,광주광역시 서구 치평동,중상사고,0,1,1,0,차대차 - 측면직각충돌,신호위반,건조,맑음,교차로 - 교차로안,승용,남,26세,상해없음,승용,남,69세,경상
2015122800100232,2015년 12월 28일 12시,월요일,광주광역시 광산구 우산동,경상사고,0,0,2,0,차대차 - 정면충돌,차로위반,건조,맑음,단일로 - 기타,승용,남,65세,상해없음,승용,남,26세,경상
2015122800100298,2015년 12월 28일 14시,월요일,광주광역시 서구 양동,경상사고,0,0,3,0,차대차 - 측면직각충돌,안전운전불이행,건조,맑음,교차로 - 교차로부근,승용,남,68세,상해없음,승용,남,24세,경상
2015122800100299,2015년 12월 28일 14시,월요일,광주광역시 남구 진월동,경상사고,0,0,1,0,차대사람 - 횡단중,안전운전불이행,건조,맑음,교차로 - 교차로부근,승용,여,33세,상해없음,보행자,남,16세,경상
2015122800100323,2015년 12월 28일 15시,월요일,광주광역시 동구 동명동,부상신고사고,0,0,0,1,차대차 - 기타,안전운전불이행,건조,맑음,기타 - 기타,승용,여,44세,상해없음,원동기,남,57세,부상신고
2015122800100324,2015년 12월 28일 15시,월요일,광주광역시 서구 광천동,경상사고,0,0,1,0,차대차 - 측면직각충돌,신호위반,건조,맑음,교차로 - 교차로안,승용,여,24세,상해없음,승용,남,59세,경상
2015122800100325,2015년 12월 28일 15시,월요일,광주광역시 광산구 신가동,경상사고,0,0,1,0,차대차 - 추돌 - 진행중,안전운전불이행,건조,맑음,단일로 - 기타,승용,남,56세,상해없음,승용,여,26세,경상
2015122800100326,2015년 12월 28일 15시,월요일,광주광역시 광산구 송정동,경상사고,0,0,1,0,차대사람 - 횡단중,안전운전불이행,건조,흐림,교차로 - 교차로부근,승용,남,57세,상해없음,보행자,남,54세,경상
2015122800100360,2015년 12월 28일 16시,월요일,광주광역시 서구 유촌동,경상사고,0,0,1,0,차대사람 - 횡단중,보행자보호의무위반,건조,맑음,교차로 - 교차로부근,승용,남,22세,상해없음,보행자,남,44세,경상
2015122800100361,2015년 12월 28일 16시,월요일,광주광역시 서구 양동,경상사고,0,0,3,0,차대차 - 정면충돌,교차로운행방법위반,건조,맑음,교차로 - 교차로안,화물,남,85세,상해없음,승용,남,64세,경상
2015122800100455,2015년 12월 28일 18시,월요일,광주광역시 서구 농성동,경상사고,0,0,1,0,차대차 - 측면직각충돌,안전운전불이행,건조,맑음,단일로 - 기타,승용,남,49세,상해없음,승용,남,51세,경상
2015122800100456,2015년 12월 28일 18시,월요일,광주광역시 남구 주월동,경상사고,0,0,1,0,차대차 - 추돌 - 주정차중,안전거리미확보,건조,맑음,교차로 - 교차로부근,기타불명,기타불명,기타불명,기타불명,기타불명,기타불명,기타불명,기타불명
2015122800100457,2015년 12월 28일 18시,월요일,광주광역시 북구 태령동,중상사고,0,1,0,0,차대사람 - 횡단중,안전운전불이행,건조,맑음,단일로 - 기타,승용,남,33세,상해없음,보행자,남,90세 이상,중상
2015122800100494,2015년 12월 28일 19시,월요일,광주광역시 북구 용봉동,경상사고,0,0,1,0,차대차 - 측면직각충돌,직진우회전진행방해,건조,맑음,교차로 - 교차로안,승용,여,58세,상해없음,승용,남,40세,경상
2015122800100519,2015년 12월 28일 20시,월요일,광주광역시 서구 금호동,경상사고,0,0,1,1,차대차 - 추돌 - 주정차중,안전운전불이행,건조,맑음,교차로 - 교차로부근,승용,여,41세,상해없음,승용,남,55세,경상
2015122800100551,2015년 12월 28일 21시,월요일,광주광역시 광산구 산정동,경상사고,0,0,1,0,차대사람 - 횡단중,신호위반,건조,맑음,교차로 - 교차로안,승용,남,25세,상해없음,보행자,여,26세,경상
2015122800100575,2015년 12월 28일 22시,월요일,광주광역시 광산구 산정동,경상사고,0,0,2,0,차대차 - 측면직각충돌,안전거리미확보,건조,맑음,단일로 - 기타,승용,남,53세,상해없음,승용,남,23세,경상
2015122900100024,2015년 12월 29일 01시,화요일,광주광역시 서구 쌍촌동,경상사고,0,0,2,0,차대차 - 기타,신호위반,건조,맑음,교차로 - 교차로안,승용,남,25세,기타불명,승용,남,59세,경상
2015122900100030,2015년 12월 29일 02시,화요일,광주광역시 서구 유촌동,경상사고,0,0,2,0,차대차 - 정면충돌,안전운전불이행,건조,맑음,교차로 - 교차로부근,승용,남,33세,상해없음,승용,남,53세,경상
2015122900100038,2015년 12월 29일 03시,화요일,광주광역시 남구 백운동,경상사고,0,0,1,0,차대차 - 측면직각충돌,안전거리미확보,건조,맑음,단일로 - 기타,승용,남,27세,상해없음,승용,여,60세,경상
2015122900100094,2015년 12월 29일 07시,화요일,광주광역시 북구 용두동,경상사고,0,0,1,0,차대차 - 측면직각충돌,불법유턴,건조,맑음,교차로 - 교차로안,승용,남,32세,상해없음,특수,남,55세,경상
2015122900100125,2015년 12월 29일 08시,화요일,광주광역시 북구 용전동,경상사고,0,0,1,0,차대차 - 추돌 - 진행중,안전거리미확보,건조,맑음,단일로 - 기타,승용,남,26세,상해없음,승용,여,63세,경상
2015122900100225,2015년 12월 29일 12시,화요일,광주광역시 북구 신안동,경상사고,0,0,1,0,차대차 - 측면직각충돌,중앙선침범,건조,맑음,교차로 - 교차로부근,승용,남,36세,상해없음,승용,남,52세,경상
2015122900100226,2015년 12월 29일 12시,화요일,광주광역시 북구 신용동,경상사고,0,0,4,0,차대차 - 기타,교차로운행방법위반,건조,맑음,교차로 - 교차로안,승용,여,46세,상해없음,승용,여,37세,경상
2015122900100227,2015년 12월 29일 12시,화요일,광주광역시 광산구 신가동,경상사고,0,0,2,0,차대차 - 측면직각충돌,안전운전불이행,건조,맑음,교차로 - 교차로안,승용,여,51세,상해없음,승용,남,29세,경상
2015122900100253,2015년 12월 29일 13시,화요일,광주광역시 동구 월남동,경상사고,0,0,2,0,차대차 - 추돌 - 진행중,안전거리미확보,건조,맑음,단일로 - 기타,화물,남,50세,경상,건설기계,남,55세,경상
2015122900100254,2015년 12월 29일 13시,화요일,광주광역시 동구 수기동,경상사고,0,0,1,0,차대차 - 정면충돌,신호위반,건조,맑음,교차로 - 교차로안,이륜,남,46세,경상,승용,남,33세,상해없음
2015122900100255,2015년 12월 29일 13시,화요일,광주광역시 서구 화정동,경상사고,0,0,1,0,차대차 - 정면충돌,안전거리미확보,건조,맑음,단일로 - 기타,승용,여,32세,상해없음,승용,남,34세,경상
2015122900100256,2015년 12월 29일 13시,화요일,광주광역시 광산구 산월동,중상사고,0,1,0,0,차대차 - 측면직각충돌,차로위반,건조,맑음,교차로 - 교차로안,승용,남,55세,상해없음,이륜,남,20세,중상
2015122900100405,2015년 12월 29일 17시,화요일,광주광역시 남구 서동,경상사고,0,0,1,0,차대사람 - 기타,안전운전불이행,건조,흐림,교차로 - 교차로안,기타불명,기타불명,기타불명,기타불명,보행자,남,20세,경상
2015122900100443,2015년 12월 29일 18시,화요일,광주광역시 서구 동천동,경상사고,0,0,1,0,차대차 - 측면직각충돌,안전거리미확보,건조,맑음,교차로 - 교차로부근,승용,남,27세,기타불명,승용,남,29세,경상
2015122900100489,2015년 12월 29일 19시,화요일,광주광역시 북구 매곡동,중상사고,0,1,0,0,차대차 - 기타,안전거리미확보,건조,맑음,단일로 - 기타,승용,남,49세,상해없음,이륜,남,18세,중상
2015122900100490,2015년 12월 29일 19시,화요일,광주광역시 북구 일곡동,경상사고,0,0,1,0,차대사람 - 횡단중,안전운전불이행,건조,흐림,교차로 - 교차로안,승용,남,53세,상해없음,보행자,남,53세,경상
2015122900100569,2015년 12월 29일 22시,화요일,광주광역시 북구 문흥동,경상사고,0,0,1,0,차대차 - 기타,안전운전불이행,건조,맑음,교차로 - 교차로부근,승용,남,41세,상해없음,승용,남,36세,경상
2015123000100024,2015년 12월 30일 00시,수요일,광주광역시 북구 중흥동,경상사고,0,0,3,0,차대차 - 정면충돌,안전거리미확보,건조,맑음,단일로 - 기타,승용,남,41세,상해없음,승용,남,25세,경상
2015123000100046,2015년 12월 30일 02시,수요일,광주광역시 서구 쌍촌동,경상사고,0,0,1,0,차대차 - 정면충돌,신호위반,건조,맑음,교차로 - 교차로안,승용,남,29세,상해없음,승용,남,30세,경상
2015123000100047,2015년 12월 30일 02시,수요일,광주광역시 광산구 우산동,경상사고,0,0,1,0,차대차 - 정면충돌,안전운전불이행,건조,맑음,교차로 - 교차로안,승용,남,39세,상해없음,승용,여,61세,경상
2015123000100093,2015년 12월 30일 06시,수요일,광주광역시 북구 운암동,사망사고,1,3,0,1,차대차 - 기타,안전운전불이행,건조,맑음,단일로 - 기타,승용,남,18세,사망,승용,남,62세,기타불명
2015123000100239,2015년 12월 30일 11시,수요일,광주광역시 북구 두암동,경상사고,0,0,1,0,차대사람 - 횡단중,보행자보호의무위반,건조,맑음,단일로 - 횡단보도상,승용,남,62세,상해없음,보행자,남,7세,경상
2015123000100291,2015년 12월 30일 13시,수요일,광주광역시 서구 쌍촌동,경상사고,0,0,1,0,차대차 - 추돌 - 주정차중,안전운전불이행,건조,맑음,단일로 - 기타,화물,남,57세,상해없음,이륜,남,26세,경상
2015123000100434,2015년 12월 30일 17시,수요일,광주광역시 북구 동림동,경상사고,0,0,2,0,차대차 - 추돌 - 진행중,안전운전불이행,건조,맑음,단일로 - 기타,승용,남,36세,상해없음,승용,남,19세,상해없음
2015123000100568,2015년 12월 30일 19시,수요일,광주광역시 광산구 소촌동,중상사고,0,1,0,0,차대사람 - 횡단중,신호위반,건조,맑음,교차로 - 교차로안,이륜,남,33세,상해없음,보행자,여,14세,중상
2015123000100639,2015년 12월 30일 21시,수요일,광주광역시 북구 양산동,경상사고,0,0,1,0,차대차 - 측면직각충돌,신호위반,건조,맑음,교차로 - 교차로안,승용,남,49세,상해없음,승용,여,48세,경상
2015123000100686,2015년 12월 30일 22시,수요일,광주광역시 서구 금호동,경상사고,0,0,2,0,차대차 - 정면충돌,안전운전불이행,건조,기타,교차로 - 교차로부근,승용,여,37세,상해없음,승용,남,37세,경상
2015123000100687,2015년 12월 30일 22시,수요일,광주광역시 남구 월산동,경상사고,0,0,2,0,차대차 - 측면직각충돌,안전거리미확보,건조,맑음,단일로 - 기타,승용,남,39세,상해없음,승용,남,53세,경상
2015123100100032,2015년 12월 31일 00시,목요일,광주광역시 서구 화정동,경상사고,0,0,4,0,차대차 - 추돌 - 주정차중,안전운전불이행,습기,비,단일로 - 기타,승용,남,33세,상해없음,승용,남,50세,경상
2015123100100054,2015년 12월 31일 01시,목요일,광주광역시 북구 동림동,경상사고,0,0,1,0,차량단독 - 기타,안전운전불이행,습기,비,단일로 - 기타,승용,남,61세,상해없음,,,,
2015123100100055,2015년 12월 31일 01시,목요일,광주광역시 광산구 월곡동,경상사고,0,0,1,0,차대차 - 추돌 - 주정차중,안전운전불이행,습기,비,교차로 - 교차로부근,승용,남,26세,상해없음,승용,남,40세,경상
2015123100100079,2015년 12월 31일 02시,목요일,광주광역시 서구 치평동,경상사고,0,0,2,0,차대차 - 정면충돌,신호위반,습기,비,교차로 - 교차로안,승용,남,29세,경상,승용,남,39세,경상
2015123100100089,2015년 12월 31일 03시,목요일,광주광역시 광산구 수완동,경상사고,0,0,2,1,차대차 - 정면충돌,신호위반,건조,맑음,교차로 - 교차로안,승용,남,64세,상해없음,승용,남,58세,경상
2015123100100099,2015년 12월 31일 04시,목요일,광주광역시 광산구 흑석동,경상사고,0,0,1,1,차대차 - 측면직각충돌,신호위반,습기,흐림,교차로 - 교차로안,승용,남,57세,부상신고,화물,남,43세,경상
2015123100100127,2015년 12월 31일 06시,목요일,광주광역시 서구 치평동,중상사고,0,1,0,0,차대차 - 측면직각충돌,안전운전불이행,건조,맑음,단일로 - 기타,승용,남,61세,상해없음,자전거,남,62세,중상
2015123100100128,2015년 12월 31일 06시,목요일,광주광역시 광산구 신가동,경상사고,0,0,1,0,차대사람 - 횡단중,신호위반,습기,비,교차로 - 교차로부근,화물,남,32세,상해없음,보행자,남,54세,경상
2015123100100234,2015년 12월 31일 10시,목요일,광주광역시 북구 운암동,부상신고사고,0,0,0,2,차대차 - 추돌 - 주정차중,안전운전불이행,건조,맑음,교차로 - 교차로부근,승용,남,55세,상해없음,승용,남,43세,부상신고
2015123100100235,2015년 12월 31일 10시,목요일,광주광역시 광산구 송정동,경상사고,0,0,1,0,차대차 - 기타,차로위반,건조,맑음,단일로 - 기타,승용,남,21세,상해없음,승합,남,55세,경상
2015123100100263,2015년 12월 31일 11시,목요일,광주광역시 동구 소태동,경상사고,0,0,1,0,차대사람 - 기타,안전운전불이행,건조,맑음,교차로 - 교차로부근,승용,여,45세,상해없음,보행자,여,11세,경상
2015123100100290,2015년 12월 31일 12시,목요일,광주광역시 광산구 하남동,중상사고,0,1,1,0,차대차 - 정면충돌,안전운전불이행,건조,맑음,교차로 - 교차로안,화물,남,30세,상해없음,승용,남,43세,중상
2015123100100360,2015년 12월 31일 14시,목요일,광주광역시 서구 쌍촌동,경상사고,0,0,1,0,차대차 - 정면충돌,안전운전불이행,건조,맑음,교차로 - 교차로부근,승용,남,31세,경상,승용,남,28세,상해없음
2015123100100361,2015년 12월 31일 14시,목요일,광주광역시 북구 문흥동,경상사고,0,0,1,0,차대차 - 정면충돌,신호위반,건조,맑음,교차로 - 교차로부근,승용,여,49세,상해없음,승용,남,46세,경상
2015123100100362,2015년 12월 31일 14시,목요일,광주광역시 광산구 수완동,중상사고,0,1,0,0,차대사람 - 횡단중,보행자보호의무위반,건조,맑음,교차로 - 교차로부근,승용,남,66세,상해없음,보행자,여,18세,중상
2015123100100416,2015년 12월 31일 16시,목요일,광주광역시 서구 유촌동,경상사고,0,0,5,0,차대차 - 정면충돌,안전운전불이행,건조,맑음,교차로 - 교차로부근,승용,남,42세,상해없음,승용,남,51세,경상
2015123100100459,2015년 12월 31일 17시,목요일,광주광역시 광산구 장덕동,경상사고,0,0,1,0,차대차 - 측면직각충돌,교차로운행방법위반,건조,맑음,교차로 - 교차로안,승용,남,36세,상해없음,원동기,남,51세,경상
2015123100100520,2015년 12월 31일 18시,목요일,광주광역시 동구 금남로5가,부상신고사고,0,0,0,1,차대사람 - 기타,안전운전불이행,건조,맑음,단일로 - 기타,승용,남,46세,상해없음,보행자,남,60세,부상신고
2015123100100521,2015년 12월 31일 18시,목요일,광주광역시 서구 양동,경상사고,0,0,1,0,차대차 - 추돌 - 주정차중,안전운전불이행,건조,맑음,단일로 - 기타,승용,남,44세,상해없음,승용,남,35세,경상
2015123100100522,2015년 12월 31일 18시,목요일,광주광역시 북구 운암동,경상사고,0,0,1,0,차대차 - 측면직각충돌,차로위반,건조,맑음,미분류 - 미분류,화물,남,70세,상해없음,승용,여,36세,경상
2015123100100523,2015년 12월 31일 18시,목요일,광주광역시 북구 운암동,경상사고,0,0,4,0,차대차 - 추돌 - 진행중,안전운전불이행,건조,맑음,단일로 - 기타,승용,남,68세,상해없음,승용,남,50세,경상
2015123100100573,2015년 12월 31일 19시,목요일,광주광역시 서구 광천동,경상사고,0,0,3,0,차대차 - 정면충돌,안전운전불이행,건조,맑음,교차로 - 교차로부근,승용,남,53세,상해없음,승용,여,29세,경상
2015123100100574,2015년 12월 31일 19시,목요일,광주광역시 북구 운암동,경상사고,0,0,3,0,차대차 - 측면직각충돌,차로위반,건조,맑음,단일로 - 기타,승용,남,34세,상해없음,승용,여,34세,경상
2015123100100611,2015년 12월 31일 20시,목요일,광주광역시 북구 일곡동,경상사고,0,0,4,0,차대차 - 정면충돌,안전운전불이행,건조,맑음,교차로 - 교차로부근,승용,남,56세,경상,승용,남,54세,경상
2015123100100648,2015년 12월 31일 21시,목요일,광주광역시 북구 용두동,경상사고,0,0,2,0,차대차 - 기타,안전운전불이행,건조,맑음,교차로 - 교차로부근,승용,남,56세,상해없음,승용,여,22세,경상
2015123100100684,2015년 12월 31일 22시,목요일,광주광역시 남구 월산동,경상사고,0,0,1,0,차대사람 - 횡단중,안전운전불이행,건조,맑음,단일로 - 기타,승용,남,62세,상해없음,보행자,남,32세,경상
2015123100100727,2015년 12월 31일 23시,목요일,광주광역시 서구 금호동,경상사고,0,0,1,0,차대차 - 기타,중앙선침범,건조,맑음,단일로 - 기타,승용,남,32세,상해없음,승용,남,62세,경상
2015123100100728,2015년 12월 31일 23시,목요일,광주광역시 광산구 도산동,경상사고,0,0,2,0,차대차 - 측면직각충돌,교차로운행방법위반,건조,맑음,교차로 - 교차로안,승용,여,51세,상해없음,승용,남,51세,경상